Urban_Rural,Bicycle_Yes,Bicycle_No,Bicycle_Total
AREA # 010101,Myitkyina,*,*
Urban/Rural,Bicycle,*,*
*,Yes,No,Total
 Urban,20060,19608,39668
 Rural,2852,8063,10915
 Total,22912,27671,50583
NotApp :,1258,*,*
AREA # 010102,Waingmaw,*,*
Urban/Rural,Bicycle,*,*
*,Yes,No,Total
 Urban,1944,1876,3820
 Rural,4706,11254,15960
 Total,6650,13130,19780
NotApp :,241,*,*
AREA # 010103,Ingyanyan,*,*
Urban/Rural,Bicycle,*,*
*,Yes,No,Total
 Urban,2,76,78
 Rural,1,206,207
 Total,3,282,285
NotApp :,35,*,*
AREA # 010104,Tanaing,*,*
Urban/Rural,Bicycle,*,*
*,Yes,No,Total
 Urban,1701,1993,3694
 Rural,508,2196,2704
 Total,2209,4189,6398
NotApp :,303,*,*
AREA # 010105,Chiphwe,*,*
Urban/Rural,Bicycle,*,*
*,Yes,No,Total
 Urban,12,317,329
 Rural,22,1580,1602
 Total,34,1897,1931
NotApp :,11,*,*
AREA # 010106,Hsotlaw,*,*
Urban/Rural,Bicycle,*,*
*,Yes,No,Total
 Urban,2,64,66
 Rural,9,998,1007
 Total,11,1062,1073
NotApp :,4,*,*
AREA # 010151,Hsinbo(ST),*,*
Urban/Rural,Bicycle,*,*
*,Yes,No,Total
 Urban,217,487,704
 Rural,184,1120,1304
 Total,401,1607,2008
NotApp :,80,*,*
AREA # 010152,Hsadone(ST),*,*
Urban/Rural,Bicycle,*,*
*,Yes,No,Total
 Urban,30,480,510
 Rural,5,1095,1100
 Total,35,1575,1610
NotApp :,9,*,*
AREA # 010153,Kanpaikti(ST),*,*
Urban/Rural,Bicycle,*,*
*,Yes,No,Total
 Urban,2,172,174
 Rural,9,1287,1296
 Total,11,1459,1470
NotApp :,20,*,*
AREA # 010154,Shinbwayyan(ST),*,*
Urban/Rural,Bicycle,*,*
*,Yes,No,Total
 Urban,115,910,1025
 Rural,73,1032,1105
 Total,188,1942,2130
NotApp :,15,*,*
AREA # 010155,Panwa(ST),*,*
Urban/Rural,Bicycle,*,*
*,Yes,No,Total
 Urban,9,187,196
 Rural,6,1173,1179
 Total,15,1360,1375
NotApp :,41,*,*
AREA # 010201,Mohnyin,*,*
Urban/Rural,Bicycle,*,*
*,Yes,No,Total
 Urban,4642,1711,6353
 Rural,12107,11730,23837
 Total,16749,13441,30190
NotApp :,542,*,*
AREA # 010202,Mogaung,*,*
Urban/Rural,Bicycle,*,*
*,Yes,No,Total
 Urban,3161,1287,4448
 Rural,11179,9271,20450
 Total,14340,10558,24898
NotApp :,208,*,*
AREA # 010203,Phakant,*,*
Urban/Rural,Bicycle,*,*
*,Yes,No,Total
 Urban,201,6655,6856
 Rural,1958,24320,26278
 Total,2159,30975,33134
NotApp :,1665,*,*
AREA # 010251,Hopin(ST),*,*
Urban/Rural,Bicycle,*,*
*,Yes,No,Total
 Urban,3320,1221,4541
 Rural,2958,1933,4891
 Total,6278,3154,9432
NotApp :,114,*,*
AREA # 010252,Kamine(ST),*,*
Urban/Rural,Bicycle,*,*
*,Yes,No,Total
 Urban,145,885,1030
 Rural,206,2262,2468
 Total,351,3147,3498
NotApp :,131,*,*
AREA # 010301,Bhamo,*,*
Urban/Rural,Bicycle,*,*
*,Yes,No,Total
 Urban,4803,4712,9515
 Rural,4431,10215,14646
 Total,9234,14927,24161
NotApp :,571,*,*
AREA # 010302,Shwegu,*,*
Urban/Rural,Bicycle,*,*
*,Yes,No,Total
 Urban,1900,1502,3402
 Rural,3619,8807,12426
 Total,5519,10309,15828
NotApp :,336,*,*
AREA # 010303,Momauk,*,*
Urban/Rural,Bicycle,*,*
*,Yes,No,Total
 Urban,1071,1019,2090
 Rural,1929,4615,6544
 Total,3000,5634,8634
NotApp :,144,*,*
AREA # 010304,Mansi,*,*
Urban/Rural,Bicycle,*,*
*,Yes,No,Total
 Urban,597,1021,1618
 Rural,2231,6705,8936
 Total,2828,7726,10554
NotApp :,82,*,*
AREA # 010351,Myohla(ST),*,*
Urban/Rural,Bicycle,*,*
*,Yes,No,Total
 Urban,69,292,361
 Rural,53,379,432
 Total,122,671,793
NotApp :,11,*,*
AREA # 010352,Lwe`ge`(ST),*,*
Urban/Rural,Bicycle,*,*
*,Yes,No,Total
 Urban,138,1087,1225
 Rural,32,246,278
 Total,170,1333,1503
NotApp :,24,*,*
AREA # 010353,Dotphoneyan(ST),*,*
Urban/Rural,Bicycle,*,*
*,Yes,No,Total
 Urban,19,292,311
 Rural,131,1791,1922
 Total,150,2083,2233
NotApp :,65,*,*
AREA # 010401,Putao,*,*
Urban/Rural,Bicycle,*,*
*,Yes,No,Total
 Urban,646,2165,2811
 Rural,667,7265,7932
 Total,1313,9430,10743
NotApp :,94,*,*
AREA # 010402,Sumprabum,*,*
Urban/Rural,Bicycle,*,*
*,Yes,No,Total
 Urban,4,168,172
 Rural,39,268,307
 Total,43,436,479
NotApp :,18,*,*
AREA # 010403,Machanbaw,*,*
Urban/Rural,Bicycle,*,*
*,Yes,No,Total
 Urban,28,380,408
 Rural,79,1232,1311
 Total,107,1612,1719
NotApp :,31,*,*
AREA # 010404,Khaunglanphoo,*,*
Urban/Rural,Bicycle,*,*
*,Yes,No,Total
 Urban,-,70,70
 Rural,15,1626,1641
 Total,15,1696,1711
NotApp :,2,*,*
AREA # 010405,Naungmoon,*,*
Urban/Rural,Bicycle,*,*
*,Yes,No,Total
 Urban,3,357,360
 Rural,2,581,583
 Total,5,938,943
NotApp :,4,*,*
AREA # 010451,Pannandin(ST),*,*
Urban/Rural,Bicycle,*,*
*,Yes,No,Total
 Urban,-,24,24
 Rural,1,244,245
 Total,1,268,269
NotApp :,1,*,*
AREA # 020101,Loikaw,*,*
Urban/Rural,Bicycle,*,*
*,Yes,No,Total
 Urban,6054,4368,10422
 Rural,5112,10961,16073
 Total,11166,15329,26495
NotApp :,304,*,*
AREA # 020102,Dimawso,*,*
Urban/Rural,Bicycle,*,*
*,Yes,No,Total
 Urban,740,397,1137
 Rural,4854,9356,14210
 Total,5594,9753,15347
NotApp :,105,*,*
AREA # 020103,Phruso,*,*
Urban/Rural,Bicycle,*,*
*,Yes,No,Total
 Urban,216,637,853
 Rural,275,4782,5057
 Total,491,5419,5910
NotApp :,78,*,*
AREA # 020104,Shardaw,*,*
Urban/Rural,Bicycle,*,*
*,Yes,No,Total
 Urban,49,287,336
 Rural,24,1046,1070
 Total,73,1333,1406
NotApp :,28,*,*
AREA # 020201,Bawlakhe,*,*
Urban/Rural,Bicycle,*,*
*,Yes,No,Total
 Urban,263,576,839
 Rural,24,726,750
 Total,287,1302,1589
NotApp :,81,*,*
AREA # 020202,Parsaung,*,*
Urban/Rural,Bicycle,*,*
*,Yes,No,Total
 Urban,110,484,594
 Rural,84,4055,4139
 Total,194,4539,4733
NotApp :,302,*,*
AREA # 020203,Meisi,*,*
Urban/Rural,Bicycle,*,*
*,Yes,No,Total
 Urban,37,158,195
 Rural,59,1048,1107
 Total,96,1206,1302
NotApp :,55,*,*
AREA # 020251,Ywathit(ST),*,*
Urban/Rural,Bicycle,*,*
*,Yes,No,Total
 Urban,85,207,292
 Rural,21,179,200
 Total,106,386,492
NotApp :,30,*,*
AREA # 030101,Hpa-an,*,*
Urban/Rural,Bicycle,*,*
*,Yes,No,Total
 Urban,7292,7476,14768
 Rural,35012,39417,74429
 Total,42304,46893,89197
NotApp :,1176,*,*
AREA # 030102,Hlaingbwe,*,*
Urban/Rural,Bicycle,*,*
*,Yes,No,Total
 Urban,1100,1179,2279
 Rural,10032,19275,29307
 Total,11132,20454,31586
NotApp :,379,*,*
AREA # 030103,Thandaunggyi,*,*
Urban/Rural,Bicycle,*,*
*,Yes,No,Total
 Urban,159,2903,3062
 Rural,73,2674,2747
 Total,232,5577,5809
NotApp :,36,*,*
AREA # 030151,Paingkyon(ST),*,*
Urban/Rural,Bicycle,*,*
*,Yes,No,Total
 Urban,265,542,807
 Rural,4502,12469,16971
 Total,4767,13011,17778
NotApp :,210,*,*
AREA # 030152,Shan Ywathit(ST),*,*
Urban/Rural,Bicycle,*,*
*,Yes,No,Total
 Urban,6,77,83
 Rural,255,3418,3673
 Total,261,3495,3756
NotApp :,29,*,*
AREA # 030153,Leiktho(ST),*,*
Urban/Rural,Bicycle,*,*
*,Yes,No,Total
 Urban,23,584,607
 Rural,90,9229,9319
 Total,113,9813,9926
NotApp :,73,*,*
AREA # 030154,Bawgali(ST),*,*
Urban/Rural,Bicycle,*,*
*,Yes,No,Total
 Urban,8,428,436
 Rural,281,2688,2969
 Total,289,3116,3405
NotApp :,7,*,*
AREA # 030201,Pharpon,*,*
Urban/Rural,Bicycle,*,*
*,Yes,No,Total
 Urban,255,378,633
 Rural,334,1577,1911
 Total,589,1955,2544
NotApp :,108,*,*
AREA # 030251,Kamamaung(ST},*,*
Urban/Rural,Bicycle,*,*
*,Yes,No,Total
 Urban,1658,1091,2749
 Rural,379,830,1209
 Total,2037,1921,3958
NotApp :,52,*,*
AREA # 030301,Myawady,*,*
Urban/Rural,Bicycle,*,*
*,Yes,No,Total
 Urban,7270,16746,24016
 Rural,4893,12349,17242
 Total,12163,29095,41258
NotApp :,937,*,*
AREA # 030351,Sugali(ST),*,*
Urban/Rural,Bicycle,*,*
*,Yes,No,Total
 Urban,8,67,75
 Rural,91,895,986
 Total,99,962,1061
NotApp :,24,*,*
AREA # 030352,Wawlaymyaing(ST),*,*
Urban/Rural,Bicycle,*,*
*,Yes,No,Total
 Urban,90,487,577
 Rural,85,1035,1120
 Total,175,1522,1697
NotApp :,44,*,*
AREA # 030401,Kawkareik,*,*
Urban/Rural,Bicycle,*,*
*,Yes,No,Total
 Urban,4320,4162,8482
 Rural,15395,21621,37016
 Total,19715,25783,45498
NotApp :,393,*,*
AREA # 030402,Kyarinseikkyi,*,*
Urban/Rural,Bicycle,*,*
*,Yes,No,Total
 Urban,857,960,1817
 Rural,7660,12563,20223
 Total,8517,13523,22040
NotApp :,270,*,*
AREA # 030451,Payarthonezu(ST),*,*
Urban/Rural,Bicycle,*,*
*,Yes,No,Total
 Urban,691,5405,6096
 Rural,2746,8953,11699
 Total,3437,14358,17795
NotApp :,271,*,*
AREA # 030452,Kyaidon(ST),*,*
Urban/Rural,Bicycle,*,*
*,Yes,No,Total
 Urban,278,402,680
 Rural,2410,7643,10053
 Total,2688,8045,10733
NotApp :,114,*,*
AREA # 040101,HaKa,*,*
Urban/Rural,Bicycle,*,*
*,Yes,No,Total
 Urban,169,5052,5221
 Rural,54,4642,4696
 Total,223,9694,9917
NotApp :,107,*,*
AREA # 040102,Thantlang,*,*
Urban/Rural,Bicycle,*,*
*,Yes,No,Total
 Urban,55,1452,1507
 Rural,76,8199,8275
 Total,131,9651,9782
NotApp :,38,*,*
AREA # 040201,Falam,*,*
Urban/Rural,Bicycle,*,*
*,Yes,No,Total
 Urban,213,1789,2002
 Rural,196,6230,6426
 Total,409,8019,8428
NotApp :,60,*,*
AREA # 040202,Tedim,*,*
Urban/Rural,Bicycle,*,*
*,Yes,No,Total
 Urban,352,1898,2250
 Rural,1125,11308,12433
 Total,1477,13206,14683
NotApp :,65,*,*
AREA # 040203,Tonzaung,*,*
Urban/Rural,Bicycle,*,*
*,Yes,No,Total
 Urban,23,617,640
 Rural,129,2642,2771
 Total,152,3259,3411
NotApp :,37,*,*
AREA # 040251,Rihkhuadal(ST),*,*
Urban/Rural,Bicycle,*,*
*,Yes,No,Total
 Urban,39,631,670
 Rural,4,524,528
 Total,43,1155,1198
NotApp :,12,*,*
AREA # 040252,Cikha(ST),*,*
Urban/Rural,Bicycle,*,*
*,Yes,No,Total
 Urban,12,203,215
 Rural,28,1287,1315
 Total,40,1490,1530
NotApp :,6,*,*
AREA # 040301,Mindat,*,*
Urban/Rural,Bicycle,*,*
*,Yes,No,Total
 Urban,90,2253,2343
 Rural,40,6139,6179
 Total,130,8392,8522
NotApp :,95,*,*
AREA # 040302,Matupi,*,*
Urban/Rural,Bicycle,*,*
*,Yes,No,Total
 Urban,67,1603,1670
 Rural,47,5919,5966
 Total,114,7522,7636
NotApp :,43,*,*
AREA # 040303,Kanpalet,*,*
Urban/Rural,Bicycle,*,*
*,Yes,No,Total
 Urban,6,801,807
 Rural,16,3154,3170
 Total,22,3955,3977
NotApp :,66,*,*
AREA # 040304,Paletwat,*,*
Urban/Rural,Bicycle,*,*
*,Yes,No,Total
 Urban,172,1178,1350
 Rural,75,11868,11943
 Total,247,13046,13293
NotApp :,86,*,*
AREA # 040351,Reazu(ST),*,*
Urban/Rural,Bicycle,*,*
*,Yes,No,Total
 Urban,18,444,462
 Rural,21,2038,2059
 Total,39,2482,2521
NotApp :,14,*,*
AREA # 040352,Sami(ST),*,*
Urban/Rural,Bicycle,*,*
*,Yes,No,Total
 Urban,25,608,633
 Rural,31,5559,5590
 Total,56,6167,6223
NotApp :,100,*,*
AREA # 050101,Sagaing,*,*
Urban/Rural,Bicycle,*,*
*,Yes,No,Total
 Urban,8563,7933,16496
 Rural,16984,31663,48647
 Total,25547,39596,65143
NotApp :,1842,*,*
AREA # 050102,Myinmu,*,*
Urban/Rural,Bicycle,*,*
*,Yes,No,Total
 Urban,2391,1240,3631
 Rural,9435,12238,21673
 Total,11826,13478,25304
NotApp :,264,*,*
AREA # 050103,Myaung,*,*
Urban/Rural,Bicycle,*,*
*,Yes,No,Total
 Urban,1198,755,1953
 Rural,13416,8893,22309
 Total,14614,9648,24262
NotApp :,350,*,*
AREA # 050201,Shwebo,*,*
Urban/Rural,Bicycle,*,*
*,Yes,No,Total
 Urban,8452,5079,13531
 Rural,19159,17557,36716
 Total,27611,22636,50247
NotApp :,467,*,*
AREA # 050202,Khin U,*,*
Urban/Rural,Bicycle,*,*
*,Yes,No,Total
 Urban,1432,859,2291
 Rural,9382,20951,30333
 Total,10814,21810,32624
NotApp :,271,*,*
AREA # 050203,Wetlet,*,*
Urban/Rural,Bicycle,*,*
*,Yes,No,Total
 Urban,1674,632,2306
 Rural,16432,27974,44406
 Total,18106,28606,46712
NotApp :,437,*,*
AREA # 050204,Kambalu,*,*
Urban/Rural,Bicycle,*,*
*,Yes,No,Total
 Urban,2418,2765,5183
 Rural,11131,45012,56143
 Total,13549,47777,61326
NotApp :,537,*,*
AREA # 050205,Kyunhlau,*,*
Urban/Rural,Bicycle,*,*
*,Yes,No,Total
 Urban,1380,1119,2499
 Rural,3235,15129,18364
 Total,4615,16248,20863
NotApp :,224,*,*
AREA # 050206,Ye U,*,*
Urban/Rural,Bicycle,*,*
*,Yes,No,Total
 Urban,2677,1288,3965
 Rural,10857,11551,22408
 Total,13534,12839,26373
NotApp :,308,*,*
AREA # 050207,Depayin,*,*
Urban/Rural,Bicycle,*,*
*,Yes,No,Total
 Urban,691,264,955
 Rural,11439,17951,29390
 Total,12130,18215,30345
NotApp :,367,*,*
AREA # 050208,Tasei,*,*
Urban/Rural,Bicycle,*,*
*,Yes,No,Total
 Urban,2270,702,2972
 Rural,15763,17202,32965
 Total,18033,17904,35937
NotApp :,328,*,*
AREA # 050251,Kyaukmyaung(ST),*,*
Urban/Rural,Bicycle,*,*
*,Yes,No,Total
 Urban,938,1368,2306
 Rural,1016,3728,4744
 Total,1954,5096,7050
NotApp :,65,*,*
AREA # 050301,Monywa,*,*
Urban/Rural,Bicycle,*,*
*,Yes,No,Total
 Urban,26850,13556,40406
 Rural,20753,14803,35556
 Total,47603,28359,75962
NotApp :,1167,*,*
AREA # 050302,Butalin,*,*
Urban/Rural,Bicycle,*,*
*,Yes,No,Total
 Urban,940,253,1193
 Rural,13600,13823,27423
 Total,14540,14076,28616
NotApp :,389,*,*
AREA # 050303,Ayartaw,*,*
Urban/Rural,Bicycle,*,*
*,Yes,No,Total
 Urban,1441,714,2155
 Rural,13911,19525,33436
 Total,15352,20239,35591
NotApp :,378,*,*
AREA # 050304,Chaung Oo,*,*
Urban/Rural,Bicycle,*,*
*,Yes,No,Total
 Urban,3880,1201,5081
 Rural,12542,5753,18295
 Total,16422,6954,23376
NotApp :,254,*,*
AREA # 050401,Katha,*,*
Urban/Rural,Bicycle,*,*
*,Yes,No,Total
 Urban,3201,2062,5263
 Rural,7748,18950,26698
 Total,10949,21012,31961
NotApp :,447,*,*
AREA # 050402,Indaw,*,*
Urban/Rural,Bicycle,*,*
*,Yes,No,Total
 Urban,1253,589,1842
 Rural,8155,13233,21388
 Total,9408,13822,23230
NotApp :,320,*,*
AREA # 050403,Tigyaing,*,*
Urban/Rural,Bicycle,*,*
*,Yes,No,Total
 Urban,1475,1595,3070
 Rural,5812,17507,23319
 Total,7287,19102,26389
NotApp :,279,*,*
AREA # 050404,Banmauk,*,*
Urban/Rural,Bicycle,*,*
*,Yes,No,Total
 Urban,615,597,1212
 Rural,1847,15809,17656
 Total,2462,16406,18868
NotApp :,678,*,*
AREA # 050405,Kawlin,*,*
Urban/Rural,Bicycle,*,*
*,Yes,No,Total
 Urban,3096,1473,4569
 Rural,10296,16538,26834
 Total,13392,18011,31403
NotApp :,408,*,*
AREA # 050406,Wuntho,*,*
Urban/Rural,Bicycle,*,*
*,Yes,No,Total
 Urban,1651,939,2590
 Rural,4299,7316,11615
 Total,5950,8255,14205
NotApp :,321,*,*
AREA # 050407,Pinlebu,*,*
Urban/Rural,Bicycle,*,*
*,Yes,No,Total
 Urban,889,580,1469
 Rural,3531,16900,20431
 Total,4420,17480,21900
NotApp :,382,*,*
AREA # 050501,Kalay,*,*
Urban/Rural,Bicycle,*,*
*,Yes,No,Total
 Urban,18015,7706,25721
 Rural,25157,21891,47048
 Total,43172,29597,72769
NotApp :,551,*,*
AREA # 050502,Kalewa,*,*
Urban/Rural,Bicycle,*,*
*,Yes,No,Total
 Urban,748,1205,1953
 Rural,1181,8601,9782
 Total,1929,9806,11735
NotApp :,183,*,*
AREA # 050503,Mingin,*,*
Urban/Rural,Bicycle,*,*
*,Yes,No,Total
 Urban,286,550,836
 Rural,3360,17862,21222
 Total,3646,18412,22058
NotApp :,359,*,*
AREA # 050601,Tamu,*,*
Urban/Rural,Bicycle,*,*
*,Yes,No,Total
 Urban,5148,3841,8989
 Rural,1112,1885,2997
 Total,6260,5726,11986
NotApp :,97,*,*
AREA # 050651,Myothit(ST),*,*
Urban/Rural,Bicycle,*,*
*,Yes,No,Total
 Urban,84,224,308
 Rural,805,1984,2789
 Total,889,2208,3097
NotApp :,38,*,*
AREA # 050652,Khampat(ST),*,*
Urban/Rural,Bicycle,*,*
*,Yes,No,Total
 Urban,1173,1665,2838
 Rural,1833,2837,4670
 Total,3006,4502,7508
NotApp :,25,*,*
AREA # 050701,Mawlaik,*,*
Urban/Rural,Bicycle,*,*
*,Yes,No,Total
 Urban,980,844,1824
 Rural,1385,7136,8521
 Total,2365,7980,10345
NotApp :,173,*,*
AREA # 050702,Phaungpyin,*,*
Urban/Rural,Bicycle,*,*
*,Yes,No,Total
 Urban,1035,907,1942
 Rural,4014,14290,18304
 Total,5049,15197,20246
NotApp :,277,*,*
AREA # 050801,Hkamti,*,*
Urban/Rural,Bicycle,*,*
*,Yes,No,Total
 Urban,559,1624,2183
 Rural,239,4939,5178
 Total,798,6563,7361
NotApp :,521,*,*
AREA # 050802,Homalin,*,*
Urban/Rural,Bicycle,*,*
*,Yes,No,Total
 Urban,1644,1931,3575
 Rural,4027,28141,32168
 Total,5671,30072,35743
NotApp :,1266,*,*
AREA # 050803,Leshi,*,*
Urban/Rural,Bicycle,*,*
*,Yes,No,Total
 Urban,1,252,253
 Rural,6,1397,1403
 Total,7,1649,1656
NotApp :,53,*,*
AREA # 050804,Lahe,*,*
Urban/Rural,Bicycle,*,*
*,Yes,No,Total
 Urban,15,523,538
 Rural,8,6431,6439
 Total,23,6954,6977
NotApp :,37,*,*
AREA # 050805,Nanyun,*,*
Urban/Rural,Bicycle,*,*
*,Yes,No,Total
 Urban,6,369,375
 Rural,4,1189,1193
 Total,10,1558,1568
NotApp :,17,*,*
AREA # 050851,Mobaingluk(ST),*,*
Urban/Rural,Bicycle,*,*
*,Yes,No,Total
 Urban,17,193,210
 Rural,1,99,100
 Total,18,292,310
NotApp :,2,*,*
AREA # 050852,Sonemara(ST),*,*
Urban/Rural,Bicycle,*,*
*,Yes,No,Total
 Urban,-,286,286
 Rural,2,906,908
 Total,2,1192,1194
NotApp :,10,*,*
AREA # 050853,Htanparkway(ST),*,*
Urban/Rural,Bicycle,*,*
*,Yes,No,Total
 Urban,-,128,128
 Rural,-,633,633
 Total,-,761,761
NotApp :,9,*,*
AREA # 050854,Pansaung(ST),*,*
Urban/Rural,Bicycle,*,*
*,Yes,No,Total
 Urban,7,331,338
 Rural,2,2009,2011
 Total,9,2340,2349
NotApp :,5,*,*
AREA # 050855,Donhee(ST),*,*
Urban/Rural,Bicycle,*,*
*,Yes,No,Total
 Urban,-,169,169
 Rural,2,3752,3754
 Total,2,3921,3923
NotApp :,10,*,*
AREA # 050901,Yinmarpin,*,*
Urban/Rural,Bicycle,*,*
*,Yes,No,Total
 Urban,735,342,1077
 Rural,13720,14735,28455
 Total,14455,15077,29532
NotApp :,265,*,*
AREA # 050902,Salingyi,*,*
Urban/Rural,Bicycle,*,*
*,Yes,No,Total
 Urban,899,323,1222
 Rural,16895,8350,25245
 Total,17794,8673,26467
NotApp :,384,*,*
AREA # 050903,Palae,*,*
Urban/Rural,Bicycle,*,*
*,Yes,No,Total
 Urban,701,230,931
 Rural,10614,20817,31431
 Total,11315,21047,32362
NotApp :,338,*,*
AREA # 050904,Kani,*,*
Urban/Rural,Bicycle,*,*
*,Yes,No,Total
 Urban,731,407,1138
 Rural,7264,20821,28085
 Total,7995,21228,29223
NotApp :,351,*,*
AREA # 060101,Dawei,*,*
Urban/Rural,Bicycle,*,*
*,Yes,No,Total
 Urban,9215,6167,15382
 Rural,3681,5880,9561
 Total,12896,12047,24943
NotApp :,551,*,*
AREA # 060102,Lounglon,*,*
Urban/Rural,Bicycle,*,*
*,Yes,No,Total
 Urban,605,635,1240
 Rural,8985,15510,24495
 Total,9590,16145,25735
NotApp :,291,*,*
AREA # 060103,Thayetchaung,*,*
Urban/Rural,Bicycle,*,*
*,Yes,No,Total
 Urban,925,1482,2407
 Rural,4790,15677,20467
 Total,5715,17159,22874
NotApp :,255,*,*
AREA # 060104,Yebyu,*,*
Urban/Rural,Bicycle,*,*
*,Yes,No,Total
 Urban,300,777,1077
 Rural,4387,16609,20996
 Total,4687,17386,22073
NotApp :,316,*,*
AREA # 060151,Myitta(ST),*,*
Urban/Rural,Bicycle,*,*
*,Yes,No,Total
 Urban,32,464,496
 Rural,248,3446,3694
 Total,280,3910,4190
NotApp :,72,*,*
AREA # 060152,Kaleinaung(ST),*,*
Urban/Rural,Bicycle,*,*
*,Yes,No,Total
 Urban,122,502,624
 Rural,351,3302,3653
 Total,473,3804,4277
NotApp :,141,*,*
AREA # 060201,Myeik,*,*
Urban/Rural,Bicycle,*,*
*,Yes,No,Total
 Urban,3083,18465,21548
 Rural,3754,29047,32801
 Total,6837,47512,54349
NotApp :,763,*,*
AREA # 060202,Kyunsu,*,*
Urban/Rural,Bicycle,*,*
*,Yes,No,Total
 Urban,70,1072,1142
 Rural,2007,29839,31846
 Total,2077,30911,32988
NotApp :,330,*,*
AREA # 060203,Palaw,*,*
Urban/Rural,Bicycle,*,*
*,Yes,No,Total
 Urban,1291,2280,3571
 Rural,2600,12354,14954
 Total,3891,14634,18525
NotApp :,178,*,*
AREA # 060204,Tanintharyi,*,*
Urban/Rural,Bicycle,*,*
*,Yes,No,Total
 Urban,230,896,1126
 Rural,2039,16764,18803
 Total,2269,17660,19929
NotApp :,325,*,*
AREA # 060251,Palauk(ST),*,*
Urban/Rural,Bicycle,*,*
*,Yes,No,Total
 Urban,123,1088,1211
 Rural,699,5218,5917
 Total,822,6306,7128
NotApp :,45,*,*
AREA # 060301,Kawthoung,*,*
Urban/Rural,Bicycle,*,*
*,Yes,No,Total
 Urban,1506,11074,12580
 Rural,1562,11339,12901
 Total,3068,22413,25481
NotApp :,367,*,*
AREA # 060302,Bokepyin,*,*
Urban/Rural,Bicycle,*,*
*,Yes,No,Total
 Urban,343,704,1047
 Rural,865,6964,7829
 Total,1208,7668,8876
NotApp :,187,*,*
AREA # 060351,Khamaukgyi,*,*
Urban/Rural,Bicycle,*,*
*,Yes,No,Total
 Urban,134,2221,2355
 Rural,476,2034,2510
 Total,610,4255,4865
NotApp :,126,*,*
AREA # 060352,Pyigyimandaing,*,*
Urban/Rural,Bicycle,*,*
*,Yes,No,Total
 Urban,67,648,715
 Rural,133,2256,2389
 Total,200,2904,3104
NotApp :,91,*,*
AREA # 060353,Karathuri(ST),*,*
Urban/Rural,Bicycle,*,*
*,Yes,No,Total
 Urban,15,271,286
 Rural,245,3231,3476
 Total,260,3502,3762
NotApp :,102,*,*
AREA # 070101,Bago,*,*
Urban/Rural,Bicycle,*,*
*,Yes,No,Total
 Urban,29680,25212,54892
 Rural,19890,32350,52240
 Total,49570,57562,107132
NotApp :,1161,*,*
AREA # 070102,Tanatpin,*,*
Urban/Rural,Bicycle,*,*
*,Yes,No,Total
 Urban,1870,1759,3629
 Rural,9515,19383,28898
 Total,11385,21142,32527
NotApp :,222,*,*
AREA # 070103,Kawa,*,*
Urban/Rural,Bicycle,*,*
*,Yes,No,Total
 Urban,1852,2402,4254
 Rural,14839,26982,41821
 Total,16691,29384,46075
NotApp :,248,*,*
AREA # 070104,Waw,*,*
Urban/Rural,Bicycle,*,*
*,Yes,No,Total
 Urban,3092,1954,5046
 Rural,13471,18566,32037
 Total,16563,20520,37083
NotApp :,296,*,*
AREA # 070105,Nyaunglebin,*,*
Urban/Rural,Bicycle,*,*
*,Yes,No,Total
 Urban,8286,4776,13062
 Rural,16739,14961,31700
 Total,25025,19737,44762
NotApp :,311,*,*
AREA # 070106,Kyauktaga,*,*
Urban/Rural,Bicycle,*,*
*,Yes,No,Total
 Urban,4769,2104,6873
 Rural,26584,18191,44775
 Total,31353,20295,51648
NotApp :,363,*,*
AREA # 070107,Daik U,*,*
Urban/Rural,Bicycle,*,*
*,Yes,No,Total
 Urban,6278,2462,8740
 Rural,16504,20509,37013
 Total,22782,22971,45753
NotApp :,339,*,*
AREA # 070108,Shwegyin,*,*
Urban/Rural,Bicycle,*,*
*,Yes,No,Total
 Urban,2037,2828,4865
 Rural,3767,13150,16917
 Total,5804,15978,21782
NotApp :,240,*,*
AREA # 070201,Toungoo,*,*
Urban/Rural,Bicycle,*,*
*,Yes,No,Total
 Urban,14846,7054,21900
 Rural,14560,21000,35560
 Total,29406,28054,57460
NotApp :,871,*,*
AREA # 070202,Yaedashe,*,*
Urban/Rural,Bicycle,*,*
*,Yes,No,Total
 Urban,3402,2553,5955
 Rural,12555,32017,44572
 Total,15957,34570,50527
NotApp :,460,*,*
AREA # 070203,Kyaukkyi,*,*
Urban/Rural,Bicycle,*,*
*,Yes,No,Total
 Urban,1529,729,2258
 Rural,9816,10809,20625
 Total,11345,11538,22883
NotApp :,203,*,*
AREA # 070204,Pyu,*,*
Urban/Rural,Bicycle,*,*
*,Yes,No,Total
 Urban,9118,4709,13827
 Rural,22364,18740,41104
 Total,31482,23449,54931
NotApp :,386,*,*
AREA # 070205,Oatwin,*,*
Urban/Rural,Bicycle,*,*
*,Yes,No,Total
 Urban,1817,1392,3209
 Rural,13261,20400,33661
 Total,15078,21792,36870
NotApp :,276,*,*
AREA # 070206,Htantapin,*,*
Urban/Rural,Bicycle,*,*
*,Yes,No,Total
 Urban,1504,872,2376
 Rural,11545,12860,24405
 Total,13049,13732,26781
NotApp :,169,*,*
AREA # 070301,Pyay,*,*
Urban/Rural,Bicycle,*,*
*,Yes,No,Total
 Urban,17529,11286,28815
 Rural,15064,14678,29742
 Total,32593,25964,58557
NotApp :,1014,*,*
AREA # 070302,Paukkhaung,*,*
Urban/Rural,Bicycle,*,*
*,Yes,No,Total
 Urban,2084,1522,3606
 Rural,5674,23067,28741
 Total,7758,24589,32347
NotApp :,302,*,*
AREA # 070303,Padaung,*,*
Urban/Rural,Bicycle,*,*
*,Yes,No,Total
 Urban,2949,1519,4468
 Rural,14968,19456,34424
 Total,17917,20975,38892
NotApp :,412,*,*
AREA # 070304,Paunde,*,*
Urban/Rural,Bicycle,*,*
*,Yes,No,Total
 Urban,4946,1535,6481
 Rural,15207,15012,30219
 Total,20153,16547,36700
NotApp :,296,*,*
AREA # 070305,Thegon,*,*
Urban/Rural,Bicycle,*,*
*,Yes,No,Total
 Urban,3112,1154,4266
 Rural,19802,11882,31684
 Total,22914,13036,35950
NotApp :,304,*,*
AREA # 070306,Shwedaung,*,*
Urban/Rural,Bicycle,*,*
*,Yes,No,Total
 Urban,3391,1127,4518
 Rural,14742,14304,29046
 Total,18133,15431,33564
NotApp :,368,*,*
AREA # 070401,Tharyarwaddy,*,*
Urban/Rural,Bicycle,*,*
*,Yes,No,Total
 Urban,5890,2274,8164
 Rural,14499,13963,28462
 Total,20389,16237,36626
NotApp :,285,*,*
AREA # 070402,Letpadan,*,*
Urban/Rural,Bicycle,*,*
*,Yes,No,Total
 Urban,4139,1596,5735
 Rural,18906,18843,37749
 Total,23045,20439,43484
NotApp :,336,*,*
AREA # 070403,Minhla,*,*
Urban/Rural,Bicycle,*,*
*,Yes,No,Total
 Urban,1851,851,2702
 Rural,15483,12709,28192
 Total,17334,13560,30894
NotApp :,231,*,*
AREA # 070404,Okpo,*,*
Urban/Rural,Bicycle,*,*
*,Yes,No,Total
 Urban,2033,767,2800
 Rural,16239,12855,29094
 Total,18272,13622,31894
NotApp :,283,*,*
AREA # 070405,Zigon,*,*
Urban/Rural,Bicycle,*,*
*,Yes,No,Total
 Urban,2958,1009,3967
 Rural,9060,5183,14243
 Total,12018,6192,18210
NotApp :,160,*,*
AREA # 070406,Nattalin,*,*
Urban/Rural,Bicycle,*,*
*,Yes,No,Total
 Urban,3484,1158,4642
 Rural,23057,18070,41127
 Total,26541,19228,45769
NotApp :,317,*,*
AREA # 070407,Monyo,*,*
Urban/Rural,Bicycle,*,*
*,Yes,No,Total
 Urban,1784,596,2380
 Rural,16338,14569,30907
 Total,18122,15165,33287
NotApp :,232,*,*
AREA # 070408,Gyobingauk,*,*
Urban/Rural,Bicycle,*,*
*,Yes,No,Total
 Urban,4326,1258,5584
 Rural,15564,9438,25002
 Total,19890,10696,30586
NotApp :,233,*,*
AREA # 080101,Magway,*,*
Urban/Rural,Bicycle,*,*
*,Yes,No,Total
 Urban,8761,11109,19870
 Rural,7152,41655,48807
 Total,15913,52764,68677
NotApp :,1053,*,*
AREA # 080102,Yenangyoung,*,*
Urban/Rural,Bicycle,*,*
*,Yes,No,Total
 Urban,942,9734,10676
 Rural,1346,20478,21824
 Total,2288,30212,32500
NotApp :,490,*,*
AREA # 080103,Chauk,*,*
Urban/Rural,Bicycle,*,*
*,Yes,No,Total
 Urban,1307,9094,10401
 Rural,5053,29164,34217
 Total,6360,38258,44618
NotApp :,539,*,*
AREA # 080104,Taungdwingyi,*,*
Urban/Rural,Bicycle,*,*
*,Yes,No,Total
 Urban,6693,3362,10055
 Rural,13645,36563,50208
 Total,20338,39925,60263
NotApp :,426,*,*
AREA # 080105,Myothit,*,*
Urban/Rural,Bicycle,*,*
*,Yes,No,Total
 Urban,1079,667,1746
 Rural,6824,28378,35202
 Total,7903,29045,36948
NotApp :,339,*,*
AREA # 080106,Natmauk,*,*
Urban/Rural,Bicycle,*,*
*,Yes,No,Total
 Urban,1678,1496,3174
 Rural,6370,38882,45252
 Total,8048,40378,48426
NotApp :,396,*,*
AREA # 080201,Minbu,*,*
Urban/Rural,Bicycle,*,*
*,Yes,No,Total
 Urban,4522,4668,9190
 Rural,10515,24112,34627
 Total,15037,28780,43817
NotApp :,551,*,*
AREA # 080202,Pwint Phyu,*,*
Urban/Rural,Bicycle,*,*
*,Yes,No,Total
 Urban,1008,446,1454
 Rural,21414,16896,38310
 Total,22422,17342,39764
NotApp :,475,*,*
AREA # 080203,Ngape,*,*
Urban/Rural,Bicycle,*,*
*,Yes,No,Total
 Urban,501,478,979
 Rural,3979,7499,11478
 Total,4480,7977,12457
NotApp :,159,*,*
AREA # 080204,Salin,*,*
Urban/Rural,Bicycle,*,*
*,Yes,No,Total
 Urban,1998,788,2786
 Rural,24052,28767,52819
 Total,26050,29555,55605
NotApp :,631,*,*
AREA # 080205,Saytottara,*,*
Urban/Rural,Bicycle,*,*
*,Yes,No,Total
 Urban,461,1064,1525
 Rural,714,8541,9255
 Total,1175,9605,10780
NotApp :,279,*,*
AREA # 080301,Thayet,*,*
Urban/Rural,Bicycle,*,*
*,Yes,No,Total
 Urban,2928,1635,4563
 Rural,4107,17302,21409
 Total,7035,18937,25972
NotApp :,302,*,*
AREA # 080302,Minhla,*,*
Urban/Rural,Bicycle,*,*
*,Yes,No,Total
 Urban,1285,1696,2981
 Rural,3508,25133,28641
 Total,4793,26829,31622
NotApp :,346,*,*
AREA # 080303,Mindon,*,*
Urban/Rural,Bicycle,*,*
*,Yes,No,Total
 Urban,415,855,1270
 Rural,2138,13401,15539
 Total,2553,14256,16809
NotApp :,207,*,*
AREA # 080304,Kamma,*,*
Urban/Rural,Bicycle,*,*
*,Yes,No,Total
 Urban,537,757,1294
 Rural,4948,12901,17849
 Total,5485,13658,19143
NotApp :,208,*,*
AREA # 080305,Aunglan,*,*
Urban/Rural,Bicycle,*,*
*,Yes,No,Total
 Urban,6399,5226,11625
 Rural,8373,37611,45984
 Total,14772,42837,57609
NotApp :,479,*,*
AREA # 080306,Sinpaungwe`,*,*
Urban/Rural,Bicycle,*,*
*,Yes,No,Total
 Urban,710,571,1281
 Rural,2700,24703,27403
 Total,3410,25274,28684
NotApp :,290,*,*
AREA # 080401,Pakokku,*,*
Urban/Rural,Bicycle,*,*
*,Yes,No,Total
 Urban,12642,6427,19069
 Rural,22951,24320,47271
 Total,35593,30747,66340
NotApp :,723,*,*
AREA # 080402,Yesagyo,*,*
Urban/Rural,Bicycle,*,*
*,Yes,No,Total
 Urban,4086,813,4899
 Rural,25017,17416,42433
 Total,29103,18229,47332
NotApp :,485,*,*
AREA # 080403,Myaing,*,*
Urban/Rural,Bicycle,*,*
*,Yes,No,Total
 Urban,1088,713,1801
 Rural,25895,25945,51840
 Total,26983,26658,53641
NotApp :,502,*,*
AREA # 080404,Pauk,*,*
Urban/Rural,Bicycle,*,*
*,Yes,No,Total
 Urban,916,785,1701
 Rural,6788,30476,37264
 Total,7704,31261,38965
NotApp :,326,*,*
AREA # 080405,Seikphyu,*,*
Urban/Rural,Bicycle,*,*
*,Yes,No,Total
 Urban,843,1286,2129
 Rural,2667,18631,21298
 Total,3510,19917,23427
NotApp :,208,*,*
AREA # 080501,Gangaw,*,*
Urban/Rural,Bicycle,*,*
*,Yes,No,Total
 Urban,1372,1886,3258
 Rural,7450,19204,26654
 Total,8822,21090,29912
NotApp :,303,*,*
AREA # 080502,Htilin,*,*
Urban/Rural,Bicycle,*,*
*,Yes,No,Total
 Urban,357,766,1123
 Rural,834,8575,9409
 Total,1191,9341,10532
NotApp :,182,*,*
AREA # 080503,Saw,*,*
Urban/Rural,Bicycle,*,*
*,Yes,No,Total
 Urban,231,1030,1261
 Rural,573,6491,7064
 Total,804,7521,8325
NotApp :,212,*,*
AREA # 080551,Kyaukhtu(ST),*,*
Urban/Rural,Bicycle,*,*
*,Yes,No,Total
 Urban,154,986,1140
 Rural,722,5747,6469
 Total,876,6733,7609
NotApp :,103,*,*
AREA # 090101,Aungmyetharzan,*,*
Urban/Rural,Bicycle,*,*
*,Yes,No,Total
 Urban,27864,21867,49731
 Total,27864,21867,49731
NotApp :,971,*,*
AREA # 090102,Chanayeharzan,*,*
Urban/Rural,Bicycle,*,*
*,Yes,No,Total
 Urban,15008,18273,33281
 Total,15008,18273,33281
NotApp :,1883,*,*
AREA # 090103,Mahaaungmye,*,*
Urban/Rural,Bicycle,*,*
*,Yes,No,Total
 Urban,18189,23738,41927
 Total,18189,23738,41927
NotApp :,754,*,*
AREA # 090104,Chanmyatharzi,*,*
Urban/Rural,Bicycle,*,*
*,Yes,No,Total
 Urban,27566,25481,53047
 Total,27566,25481,53047
NotApp :,901,*,*
AREA # 090105,Pyigyidagun,*,*
Urban/Rural,Bicycle,*,*
*,Yes,No,Total
 Urban,21748,22127,43875
 Total,21748,22127,43875
NotApp :,1032,*,*
AREA # 090106,Amarapura,*,*
Urban/Rural,Bicycle,*,*
*,Yes,No,Total
 Urban,8542,8088,16630
 Rural,17264,15732,32996
 Total,25806,23820,49626
NotApp :,572,*,*
AREA # 090107,Patheingyi,*,*
Urban/Rural,Bicycle,*,*
*,Yes,No,Total
 Urban,1874,828,2702
 Rural,24755,25533,50288
 Total,26629,26361,52990
NotApp :,902,*,*
AREA # 090201,Pyin Oo Lwin,*,*
Urban/Rural,Bicycle,*,*
*,Yes,No,Total
 Urban,13417,18524,31941
 Rural,3157,18284,21441
 Total,16574,36808,53382
NotApp :,962,*,*
AREA # 090202,Madaya,*,*
Urban/Rural,Bicycle,*,*
*,Yes,No,Total
 Urban,3396,1915,5311
 Rural,21186,32148,53334
 Total,24582,34063,58645
NotApp :,508,*,*
AREA # 090203,Sinku,*,*
Urban/Rural,Bicycle,*,*
*,Yes,No,Total
 Urban,999,733,1732
 Rural,7458,25343,32801
 Total,8457,26076,34533
NotApp :,281,*,*
AREA # 090204,Mogok,*,*
Urban/Rural,Bicycle,*,*
*,Yes,No,Total
 Urban,4099,12587,16686
 Rural,1716,16845,18561
 Total,5815,29432,35247
NotApp :,586,*,*
AREA # 090205,Thabeikkyin,*,*
Urban/Rural,Bicycle,*,*
*,Yes,No,Total
 Urban,75,1113,1188
 Rural,2211,22350,24561
 Total,2286,23463,25749
NotApp :,297,*,*
AREA # 090251,Tagaung,*,*
Urban/Rural,Bicycle,*,*
*,Yes,No,Total
 Urban,471,1322,1793
 Rural,842,4757,5599
 Total,1313,6079,7392
NotApp :,96,*,*
AREA # 090301,Kyaukse,*,*
Urban/Rural,Bicycle,*,*
*,Yes,No,Total
 Urban,4636,3855,8491
 Rural,22052,27222,49274
 Total,26688,31077,57765
NotApp :,526,*,*
AREA # 090302,Singaing,*,*
Urban/Rural,Bicycle,*,*
*,Yes,No,Total
 Urban,1249,531,1780
 Rural,16518,15281,31799
 Total,17767,15812,33579
NotApp :,464,*,*
AREA # 090303,Myitthar,*,*
Urban/Rural,Bicycle,*,*
*,Yes,No,Total
 Urban,3278,1068,4346
 Rural,20049,21622,41671
 Total,23327,22690,46017
NotApp :,399,*,*
AREA # 090304,Tada U,*,*
Urban/Rural,Bicycle,*,*
*,Yes,No,Total
 Urban,1825,827,2652
 Rural,12450,17525,29975
 Total,14275,18352,32627
NotApp :,340,*,*
AREA # 090401,Myingyan,*,*
Urban/Rural,Bicycle,*,*
*,Yes,No,Total
 Urban,11194,7703,18897
 Rural,21895,21548,43443
 Total,33089,29251,62340
NotApp :,622,*,*
AREA # 090402,Taungtha,*,*
Urban/Rural,Bicycle,*,*
*,Yes,No,Total
 Urban,2342,1521,3863
 Rural,14241,31748,45989
 Total,16583,33269,49852
NotApp :,425,*,*
AREA # 090403,Natogyi,*,*
Urban/Rural,Bicycle,*,*
*,Yes,No,Total
 Urban,1546,1296,2842
 Rural,14478,23645,38123
 Total,16024,24941,40965
NotApp :,349,*,*
AREA # 090404,Kyaukpadaung,*,*
Urban/Rural,Bicycle,*,*
*,Yes,No,Total
 Urban,3835,5178,9013
 Rural,7190,45758,52948
 Total,11025,50936,61961
NotApp :,497,*,*
AREA # 090405,Ngazun,*,*
Urban/Rural,Bicycle,*,*
*,Yes,No,Total
 Urban,1180,477,1657
 Rural,10103,16078,26181
 Total,11283,16555,27838
NotApp :,295,*,*
AREA # 090501,Nyaung U,*,*
Urban/Rural,Bicycle,*,*
*,Yes,No,Total
 Urban,5066,4449,9515
 Rural,5880,29267,35147
 Total,10946,33716,44662
NotApp :,603,*,*
AREA # 090551,Ngat,*,*
Urban/Rural,Bicycle,*,*
*,Yes,No,Total
 Urban,104,1335,1439
 Rural,526,7846,8372
 Total,630,9181,9811
NotApp :,69,*,*
AREA # 090601,Yame`thin,*,*
Urban/Rural,Bicycle,*,*
*,Yes,No,Total
 Urban,3356,1971,5327
 Rural,17503,34429,51932
 Total,20859,36400,57259
NotApp :,559,*,*
AREA # 090602,Pyawbwe,*,*
Urban/Rural,Bicycle,*,*
*,Yes,No,Total
 Urban,3472,3402,6874
 Rural,16670,35319,51989
 Total,20142,38721,58863
NotApp :,497,*,*
AREA # 090701,Meiktila,*,*
Urban/Rural,Bicycle,*,*
*,Yes,No,Total
 Urban,8290,15673,23963
 Rural,16152,28324,44476
 Total,24442,43997,68439
NotApp :,998,*,*
AREA # 090702,MahlYaing,*,*
Urban/Rural,Bicycle,*,*
*,Yes,No,Total
 Urban,1676,1435,3111
 Rural,12160,18056,30216
 Total,13836,19491,33327
NotApp :,382,*,*
AREA # 090703,Thazi,*,*
Urban/Rural,Bicycle,*,*
*,Yes,No,Total
 Urban,2198,2522,4720
 Rural,13616,26556,40172
 Total,15814,29078,44892
NotApp :,484,*,*
AREA # 090704,Wundwin,*,*
Urban/Rural,Bicycle,*,*
*,Yes,No,Total
 Urban,4774,2526,7300
 Rural,20363,25906,46269
 Total,25137,28432,53569
NotApp :,474,*,*
AREA # 100101,Mawlamyine,*,*
Urban/Rural,Bicycle,*,*
*,Yes,No,Total
 Urban,16495,33239,49734
 Rural,4139,3584,7723
 Total,20634,36823,57457
NotApp :,954,*,*
AREA # 100102,Kyaikemaraw,*,*
Urban/Rural,Bicycle,*,*
*,Yes,No,Total
 Urban,1227,949,2176
 Rural,15394,21318,36712
 Total,16621,22267,38888
NotApp :,478,*,*
AREA # 100103,Chaungzon,*,*
Urban/Rural,Bicycle,*,*
*,Yes,No,Total
 Urban,1153,591,1744
 Rural,13659,12541,26200
 Total,14812,13132,27944
NotApp :,292,*,*
AREA # 100104,Thanbyuzayat,*,*
Urban/Rural,Bicycle,*,*
*,Yes,No,Total
 Urban,7534,4181,11715
 Rural,12527,11992,24519
 Total,20061,16173,36234
NotApp :,470,*,*
AREA # 100105,Mudon,*,*
Urban/Rural,Bicycle,*,*
*,Yes,No,Total
 Urban,8046,2746,10792
 Rural,19453,9067,28520
 Total,27499,11813,39312
NotApp :,541,*,*
AREA # 100106,Ye,*,*
Urban/Rural,Bicycle,*,*
*,Yes,No,Total
 Urban,1648,4465,6113
 Rural,4470,19408,23878
 Total,6118,23873,29991
NotApp :,508,*,*
AREA # 100151,Lamine,*,*
Urban/Rural,Bicycle,*,*
*,Yes,No,Total
 Urban,1824,1143,2967
 Rural,5659,10013,15672
 Total,7483,11156,18639
NotApp :,149,*,*
AREA # 100152,Khawzar,*,*
Urban/Rural,Bicycle,*,*
*,Yes,No,Total
 Urban,152,626,778
 Rural,435,3605,4040
 Total,587,4231,4818
NotApp :,70,*,*
AREA # 100201,Thaton,*,*
Urban/Rural,Bicycle,*,*
*,Yes,No,Total
 Urban,7076,3630,10706
 Rural,23990,13588,37578
 Total,31066,17218,48284
NotApp :,603,*,*
AREA # 100202,Paung,*,*
Urban/Rural,Bicycle,*,*
*,Yes,No,Total
 Urban,4053,1849,5902
 Rural,18306,19518,37824
 Total,22359,21367,43726
NotApp :,460,*,*
AREA # 100203,Kyaikto,*,*
Urban/Rural,Bicycle,*,*
*,Yes,No,Total
 Urban,5211,2305,7516
 Rural,13293,17279,30572
 Total,18504,19584,38088
NotApp :,848,*,*
AREA # 100204,Bilin,*,*
Urban/Rural,Bicycle,*,*
*,Yes,No,Total
 Urban,2801,1243,4044
 Rural,19301,15886,35187
 Total,22102,17129,39231
NotApp :,544,*,*
AREA # 110101,Sittway,*,*
Urban/Rural,Bicycle,*,*
*,Yes,No,Total
 Urban,9403,9503,18906
 Rural,1815,8315,10130
 Total,11218,17818,29036
NotApp :,377,*,*
AREA # 110102,Ponnagyun,*,*
Urban/Rural,Bicycle,*,*
*,Yes,No,Total
 Urban,735,1731,2466
 Rural,551,22318,22869
 Total,1286,24049,25335
NotApp :,246,*,*
AREA # 110103,Pauktaw,*,*
Urban/Rural,Bicycle,*,*
*,Yes,No,Total
 Urban,343,2127,2470
 Rural,162,27912,28074
 Total,505,30039,30544
NotApp :,349,*,*
AREA # 110104,Yethedaung,*,*
Urban/Rural,Bicycle,*,*
*,Yes,No,Total
 Urban,405,1105,1510
 Rural,910,21921,22831
 Total,1315,23026,24341
NotApp :,255,*,*
AREA # 110201,Myauk U,*,*
Urban/Rural,Bicycle,*,*
*,Yes,No,Total
 Urban,2475,4799,7274
 Rural,2932,31319,34251
 Total,5407,36118,41525
NotApp :,517,*,*
AREA # 110202,Kyauktaw,*,*
Urban/Rural,Bicycle,*,*
*,Yes,No,Total
 Urban,1865,1974,3839
 Rural,3509,29147,32656
 Total,5374,31121,36495
NotApp :,327,*,*
AREA # 110203,Minbya,*,*
Urban/Rural,Bicycle,*,*
*,Yes,No,Total
 Urban,1412,3203,4615
 Rural,1464,30549,32013
 Total,2876,33752,36628
NotApp :,359,*,*
AREA # 110204,Myebon,*,*
Urban/Rural,Bicycle,*,*
*,Yes,No,Total
 Urban,502,2116,2618
 Rural,1162,27559,28721
 Total,1664,29675,31339
NotApp :,244,*,*
AREA # 110301,Maungtaw,*,*
Urban/Rural,Bicycle,*,*
*,Yes,No,Total
 Urban,738,1576,2314
 Rural,667,4409,5076
 Total,1405,5985,7390
NotApp :,142,*,*
AREA # 110302,Buthidaung,*,*
Urban/Rural,Bicycle,*,*
*,Yes,No,Total
 Urban,735,1327,2062
 Rural,765,8437,9202
 Total,1500,9764,11264
NotApp :,178,*,*
AREA # 110351,Taungpyoletwe(ST),*,*
Urban/Rural,Bicycle,*,*
*,Yes,No,Total
 Urban,15,143,158
 Rural,7,341,348
 Total,22,484,506
NotApp :,17,*,*
AREA # 110401,Kyaukpyu,*,*
Urban/Rural,Bicycle,*,*
*,Yes,No,Total
 Urban,2198,2056,4254
 Rural,2273,30737,33010
 Total,4471,32793,37264
NotApp :,491,*,*
AREA # 110402,Mannaung,*,*
Urban/Rural,Bicycle,*,*
*,Yes,No,Total
 Urban,429,877,1306
 Rural,1796,11633,13429
 Total,2225,12510,14735
NotApp :,186,*,*
AREA # 110403,Yanbye,*,*
Urban/Rural,Bicycle,*,*
*,Yes,No,Total
 Urban,778,1470,2248
 Rural,958,19212,20170
 Total,1736,20682,22418
NotApp :,325,*,*
AREA # 110404,An,*,*
Urban/Rural,Bicycle,*,*
*,Yes,No,Total
 Urban,206,1672,1878
 Rural,1175,24306,25481
 Total,1381,25978,27359
NotApp :,324,*,*
AREA # 110501,Thandwe,*,*
Urban/Rural,Bicycle,*,*
*,Yes,No,Total
 Urban,2159,1191,3350
 Rural,9333,18392,27725
 Total,11492,19583,31075
NotApp :,580,*,*
AREA # 110502,Toungup,*,*
Urban/Rural,Bicycle,*,*
*,Yes,No,Total
 Urban,3690,2488,6178
 Rural,3769,15292,19061
 Total,7459,17780,25239
NotApp :,343,*,*
AREA # 110503,Gwa,*,*
Urban/Rural,Bicycle,*,*
*,Yes,No,Total
 Urban,1357,1131,2488
 Rural,2537,6220,8757
 Total,3894,7351,11245
NotApp :,115,*,*
AREA # 110551,Maei(ST),*,*
Urban/Rural,Bicycle,*,*
*,Yes,No,Total
 Urban,282,933,1215
 Rural,773,7965,8738
 Total,1055,8898,9953
NotApp :,96,*,*
AREA # 110552,Kyeintali(ST),*,*
Urban/Rural,Bicycle,*,*
*,Yes,No,Total
 Urban,703,772,1475
 Rural,1385,3221,4606
 Total,2088,3993,6081
NotApp :,76,*,*
AREA # 120101,Insein,*,*
Urban/Rural,Bicycle,*,*
*,Yes,No,Total
 Urban,31893,29783,61676
 Total,31893,29783,61676
NotApp :,993,*,*
AREA # 120102,Mingaladon,*,*
Urban/Rural,Bicycle,*,*
*,Yes,No,Total
 Urban,20799,20842,41641
 Rural,13030,11632,24662
 Total,33829,32474,66303
NotApp :,1749,*,*
AREA # 120103,Hmawby,*,*
Urban/Rural,Bicycle,*,*
*,Yes,No,Total
 Urban,3720,2222,5942
 Rural,27543,22984,50527
 Total,31263,25206,56469
NotApp :,902,*,*
AREA # 120104,Hlegu,*,*
Urban/Rural,Bicycle,*,*
*,Yes,No,Total
 Urban,6090,2659,8749
 Rural,24910,24364,49274
 Total,31000,27023,58023
NotApp :,1175,*,*
AREA # 120105,Taikkyi,*,*
Urban/Rural,Bicycle,*,*
*,Yes,No,Total
 Urban,13596,6763,20359
 Rural,23387,23253,46640
 Total,36983,30016,66999
NotApp :,614,*,*
AREA # 120106,Htantabin,*,*
Urban/Rural,Bicycle,*,*
*,Yes,No,Total
 Urban,904,1152,2056
 Rural,11182,20973,32155
 Total,12086,22125,34211
NotApp :,229,*,*
AREA # 120107,Shwepyitha,*,*
Urban/Rural,Bicycle,*,*
*,Yes,No,Total
 Urban,37792,20719,58511
 Rural,7286,7978,15264
 Total,45078,28697,73775
NotApp :,834,*,*
AREA # 120108,Hlinethaya,*,*
Urban/Rural,Bicycle,*,*
*,Yes,No,Total
 Urban,51686,52121,103807
 Rural,22120,22784,44904
 Total,73806,74905,148711
NotApp :,1246,*,*
AREA # 120201,Thingangyun,*,*
Urban/Rural,Bicycle,*,*
*,Yes,No,Total
 Urban,20959,22361,43320
 Total,20959,22361,43320
NotApp :,265,*,*
AREA # 120202,Yankin,*,*
Urban/Rural,Bicycle,*,*
*,Yes,No,Total
 Urban,4852,9785,14637
 Total,4852,9785,14637
NotApp :,149,*,*
AREA # 120203,South Okkalapa,*,*
Urban/Rural,Bicycle,*,*
*,Yes,No,Total
 Urban,22098,10627,32725
 Total,22098,10627,32725
NotApp :,418,*,*
AREA # 120204,North Okkalapa,*,*
Urban/Rural,Bicycle,*,*
*,Yes,No,Total
 Urban,42232,22524,64756
 Total,42232,22524,64756
NotApp :,946,*,*
AREA # 120205,Thakayta,*,*
Urban/Rural,Bicycle,*,*
*,Yes,No,Total
 Urban,28462,16994,45456
 Total,28462,16994,45456
NotApp :,451,*,*
AREA # 120206,Dawbon,*,*
Urban/Rural,Bicycle,*,*
*,Yes,No,Total
 Urban,6802,7607,14409
 Total,6802,7607,14409
NotApp :,154,*,*
AREA # 120207,Tamway,*,*
Urban/Rural,Bicycle,*,*
*,Yes,No,Total
 Urban,4301,31059,35360
 Total,4301,31059,35360
NotApp :,633,*,*
AREA # 120208,Pazuntaung,*,*
Urban/Rural,Bicycle,*,*
*,Yes,No,Total
 Urban,511,9795,10306
 Total,511,9795,10306
NotApp :,215,*,*
AREA # 120209,Botahtaung,*,*
Urban/Rural,Bicycle,*,*
*,Yes,No,Total
 Urban,1288,7109,8397
 Total,1288,7109,8397
NotApp :,295,*,*
AREA # 120210,Dagon Myothit(South),*,*
Urban/Rural,Bicycle,*,*
*,Yes,No,Total
 Urban,50200,26784,76984
 Total,50200,26784,76984
NotApp :,751,*,*
AREA # 120211,Dagon Myothit(North),*,*
Urban/Rural,Bicycle,*,*
*,Yes,No,Total
 Urban,30575,12129,42704
 Total,30575,12129,42704
NotApp :,126,*,*
AREA # 120212,Dagon Myothit(East),*,*
Urban/Rural,Bicycle,*,*
*,Yes,No,Total
 Urban,21747,10148,31895
 Rural,808,1210,2018
 Total,22555,11358,33913
NotApp :,814,*,*
AREA # 120213,Dagon Myothit(Seik),*,*
Urban/Rural,Bicycle,*,*
*,Yes,No,Total
 Urban,17435,16737,34172
 Rural,1869,1864,3733
 Total,19304,18601,37905
NotApp :,383,*,*
AREA # 120214,Mingala Taungnyunt,*,*
Urban/Rural,Bicycle,*,*
*,Yes,No,Total
 Urban,2809,23109,25918
 Total,2809,23109,25918
NotApp :,325,*,*
AREA # 120301,Thanlyin,*,*
Urban/Rural,Bicycle,*,*
*,Yes,No,Total
 Urban,6286,12423,18709
 Rural,14725,28163,42888
 Total,21011,40586,61597
NotApp :,594,*,*
AREA # 120302,Kyauktan,*,*
Urban/Rural,Bicycle,*,*
*,Yes,No,Total
 Urban,4249,5615,9864
 Rural,7488,15624,23112
 Total,11737,21239,32976
NotApp :,324,*,*
AREA # 120303,Thongwa,*,*
Urban/Rural,Bicycle,*,*
*,Yes,No,Total
 Urban,4443,2313,6756
 Rural,17521,15810,33331
 Total,21964,18123,40087
NotApp :,287,*,*
AREA # 120304,Khayan,*,*
Urban/Rural,Bicycle,*,*
*,Yes,No,Total
 Urban,5306,2572,7878
 Rural,16974,14462,31436
 Total,22280,17034,39314
NotApp :,203,*,*
AREA # 120305,Twantay,*,*
Urban/Rural,Bicycle,*,*
*,Yes,No,Total
 Urban,4307,4890,9197
 Rural,12112,30293,42405
 Total,16419,35183,51602
NotApp :,365,*,*
AREA # 120306,Kawhmu,*,*
Urban/Rural,Bicycle,*,*
*,Yes,No,Total
 Urban,1200,1031,2231
 Rural,7830,19731,27561
 Total,9030,20762,29792
NotApp :,220,*,*
AREA # 120307,Kungyangon,*,*
Urban/Rural,Bicycle,*,*
*,Yes,No,Total
 Urban,2191,1767,3958
 Rural,7446,16948,24394
 Total,9637,18715,28352
NotApp :,207,*,*
AREA # 120308,Dala,*,*
Urban/Rural,Bicycle,*,*
*,Yes,No,Total
 Urban,12114,13217,25331
 Rural,3960,8621,12581
 Total,16074,21838,37912
NotApp :,211,*,*
AREA # 120309,Seikkyi/Khanaungto,*,*
Urban/Rural,Bicycle,*,*
*,Yes,No,Total
 Urban,3530,4199,7729
 Total,3530,4199,7729
NotApp :,39,*,*
AREA # 120310,Cocogyun,*,*
Urban/Rural,Bicycle,*,*
*,Yes,No,Total
 Urban,182,169,351
 Total,182,169,351
NotApp :,8,*,*
AREA # 120351,Tada(ST),*,*
Urban/Rural,Bicycle,*,*
*,Yes,No,Total
 Urban,1276,1214,2490
 Rural,2998,4005,7003
 Total,4274,5219,9493
NotApp :,57,*,*
AREA # 120401,Kyauktada,*,*
Urban/Rural,Bicycle,*,*
*,Yes,No,Total
 Urban,96,6024,6120
 Total,96,6024,6120
NotApp :,412,*,*
AREA # 120402,Pabedan,*,*
Urban/Rural,Bicycle,*,*
*,Yes,No,Total
 Urban,67,6496,6563
 Total,67,6496,6563
NotApp :,145,*,*
AREA # 120403,Lanmadaw,*,*
Urban/Rural,Bicycle,*,*
*,Yes,No,Total
 Urban,397,8202,8599
 Total,397,8202,8599
NotApp :,607,*,*
AREA # 120404,Latha,*,*
Urban/Rural,Bicycle,*,*
*,Yes,No,Total
 Urban,90,4383,4473
 Total,90,4383,4473
NotApp :,510,*,*
AREA # 120405,Ahlon,*,*
Urban/Rural,Bicycle,*,*
*,Yes,No,Total
 Urban,1784,9159,10943
 Total,1784,9159,10943
NotApp :,503,*,*
AREA # 120406,Kyimyindine,*,*
Urban/Rural,Bicycle,*,*
*,Yes,No,Total
 Urban,3622,19440,23062
 Total,3622,19440,23062
NotApp :,182,*,*
AREA # 120407,Sangyoung,*,*
Urban/Rural,Bicycle,*,*
*,Yes,No,Total
 Urban,1872,18763,20635
 Total,1872,18763,20635
NotApp :,1228,*,*
AREA # 120408,Hline,*,*
Urban/Rural,Bicycle,*,*
*,Yes,No,Total
 Urban,11602,21235,32837
 Total,11602,21235,32837
NotApp :,851,*,*
AREA # 120409,Kamayut,*,*
Urban/Rural,Bicycle,*,*
*,Yes,No,Total
 Urban,2744,13555,16299
 Total,2744,13555,16299
NotApp :,1002,*,*
AREA # 120410,Mayangon,*,*
Urban/Rural,Bicycle,*,*
*,Yes,No,Total
 Urban,16579,22228,38807
 Total,16579,22228,38807
NotApp :,891,*,*
AREA # 120411,Dagon,*,*
Urban/Rural,Bicycle,*,*
*,Yes,No,Total
 Urban,920,3688,4608
 Total,920,3688,4608
NotApp :,176,*,*
AREA # 120412,Bahan,*,*
Urban/Rural,Bicycle,*,*
*,Yes,No,Total
 Urban,2484,14942,17426
 Total,2484,14942,17426
NotApp :,1076,*,*
AREA # 120413,Seikkan,*,*
Urban/Rural,Bicycle,*,*
*,Yes,No,Total
 Urban,147,263,410
 Total,147,263,410
NotApp :,67,*,*
AREA # 130101,Taunggyi,*,*
Urban/Rural,Bicycle,*,*
*,Yes,No,Total
 Urban,7732,48916,56648
 Rural,3194,22762,25956
 Total,10926,71678,82604
NotApp :,922,*,*
AREA # 130102,Nyaungshwe,*,*
Urban/Rural,Bicycle,*,*
*,Yes,No,Total
 Urban,2258,801,3059
 Rural,5981,33594,39575
 Total,8239,34395,42634
NotApp :,550,*,*
AREA # 130103,Hopon,*,*
Urban/Rural,Bicycle,*,*
*,Yes,No,Total
 Urban,1032,3504,4536
 Rural,984,19208,20192
 Total,2016,22712,24728
NotApp :,246,*,*
AREA # 130104,Hsihseng,*,*
Urban/Rural,Bicycle,*,*
*,Yes,No,Total
 Urban,327,2322,2649
 Rural,2297,27825,30122
 Total,2624,30147,32771
NotApp :,323,*,*
AREA # 130105,Kalaw,*,*
Urban/Rural,Bicycle,*,*
*,Yes,No,Total
 Urban,2052,10546,12598
 Rural,3227,25516,28743
 Total,5279,36062,41341
NotApp :,409,*,*
AREA # 130106,Pindaya,*,*
Urban/Rural,Bicycle,*,*
*,Yes,No,Total
 Urban,1316,943,2259
 Rural,2708,12577,15285
 Total,4024,13520,17544
NotApp :,214,*,*
AREA # 130107,Ywarngan,*,*
Urban/Rural,Bicycle,*,*
*,Yes,No,Total
 Urban,86,1069,1155
 Rural,1310,15883,17193
 Total,1396,16952,18348
NotApp :,248,*,*
AREA # 130108,Yatsauk,*,*
Urban/Rural,Bicycle,*,*
*,Yes,No,Total
 Urban,1715,3962,5677
 Rural,2578,17702,20280
 Total,4293,21664,25957
NotApp :,294,*,*
AREA # 130109,Pinlaung,*,*
Urban/Rural,Bicycle,*,*
*,Yes,No,Total
 Urban,747,2023,2770
 Rural,1538,21196,22734
 Total,2285,23219,25504
NotApp :,214,*,*
AREA # 130110,Phekon,*,*
Urban/Rural,Bicycle,*,*
*,Yes,No,Total
 Urban,1449,1982,3431
 Rural,2832,13821,16653
 Total,4281,15803,20084
NotApp :,187,*,*
AREA # 130151,Kyauktalongyi(ST),*,*
Urban/Rural,Bicycle,*,*
*,Yes,No,Total
 Urban,35,567,602
 Rural,278,11385,11663
 Total,313,11952,12265
NotApp :,78,*,*
AREA # 130152,Indaw(ST),*,*
Urban/Rural,Bicycle,*,*
*,Yes,No,Total
 Urban,114,1722,1836
 Rural,547,5767,6314
 Total,661,7489,8150
NotApp :,120,*,*
AREA # 130153,Naungtayar(ST),*,*
Urban/Rural,Bicycle,*,*
*,Yes,No,Total
 Urban,70,909,979
 Rural,899,14701,15600
 Total,969,15610,16579
NotApp :,149,*,*
AREA # 130201,Loilem,*,*
Urban/Rural,Bicycle,*,*
*,Yes,No,Total
 Urban,485,2368,2853
 Rural,218,7830,8048
 Total,703,10198,10901
NotApp :,112,*,*
AREA # 130202,Le`char,*,*
Urban/Rural,Bicycle,*,*
*,Yes,No,Total
 Urban,452,878,1330
 Rural,1232,6228,7460
 Total,1684,7106,8790
NotApp :,101,*,*
AREA # 130203,Nanhsam(South),*,*
Urban/Rural,Bicycle,*,*
*,Yes,No,Total
 Urban,645,4196,4841
 Rural,759,13263,14022
 Total,1404,17459,18863
NotApp :,264,*,*
AREA # 130204,Kunhing,*,*
Urban/Rural,Bicycle,*,*
*,Yes,No,Total
 Urban,372,1170,1542
 Rural,357,2671,3028
 Total,729,3841,4570
NotApp :,122,*,*
AREA # 130205,Kehsi,*,*
Urban/Rural,Bicycle,*,*
*,Yes,No,Total
 Urban,291,551,842
 Rural,614,7445,8059
 Total,905,7996,8901
NotApp :,109,*,*
AREA # 130206,Mongkai,*,*
Urban/Rural,Bicycle,*,*
*,Yes,No,Total
 Urban,497,1722,2219
 Rural,498,13615,14113
 Total,995,15337,16332
NotApp :,213,*,*
AREA # 130207,Mineshu,*,*
Urban/Rural,Bicycle,*,*
*,Yes,No,Total
 Urban,408,1675,2083
 Rural,448,6670,7118
 Total,856,8345,9201
NotApp :,161,*,*
AREA # 130251,Panglong(ST),*,*
Urban/Rural,Bicycle,*,*
*,Yes,No,Total
 Urban,422,4802,5224
 Rural,137,9155,9292
 Total,559,13957,14516
NotApp :,104,*,*
AREA # 130252,Kholan(ST),*,*
Urban/Rural,Bicycle,*,*
*,Yes,No,Total
 Urban,264,1484,1748
 Rural,133,2483,2616
 Total,397,3967,4364
NotApp :,145,*,*
AREA # 130253,Karli(ST),*,*
Urban/Rural,Bicycle,*,*
*,Yes,No,Total
 Urban,481,1184,1665
 Rural,560,4342,4902
 Total,1041,5526,6567
NotApp :,80,*,*
AREA # 130254,Minenaung(ST),*,*
Urban/Rural,Bicycle,*,*
*,Yes,No,Total
 Urban,96,656,752
 Rural,126,4933,5059
 Total,222,5589,5811
NotApp :,69,*,*
AREA # 130255,Minesan(Monsan)(ST),*,*
Urban/Rural,Bicycle,*,*
*,Yes,No,Total
 Urban,71,436,507
 Rural,86,6073,6159
 Total,157,6509,6666
NotApp :,259,*,*
AREA # 130301,Linkhe`,*,*
Urban/Rural,Bicycle,*,*
*,Yes,No,Total
 Urban,869,849,1718
 Rural,1790,4880,6670
 Total,2659,5729,8388
NotApp :,100,*,*
AREA # 130302,Mone`,*,*
Urban/Rural,Bicycle,*,*
*,Yes,No,Total
 Urban,470,1633,2103
 Rural,259,3862,4121
 Total,729,5495,6224
NotApp :,66,*,*
AREA # 130303,Maukme`,*,*
Urban/Rural,Bicycle,*,*
*,Yes,No,Total
 Urban,578,614,1192
 Rural,356,5646,6002
 Total,934,6260,7194
NotApp :,191,*,*
AREA # 130304,Minepan,*,*
Urban/Rural,Bicycle,*,*
*,Yes,No,Total
 Urban,1393,566,1959
 Rural,545,2917,3462
 Total,1938,3483,5421
NotApp :,165,*,*
AREA # 130351,Homane(ST),*,*
Urban/Rural,Bicycle,*,*
*,Yes,No,Total
 Urban,101,573,674
 Rural,39,447,486
 Total,140,1020,1160
NotApp :,17,*,*
AREA # 130352,Kengtaung(ST),*,*
Urban/Rural,Bicycle,*,*
*,Yes,No,Total
 Urban,386,1711,2097
 Rural,-,164,164
 Total,386,1875,2261
NotApp :,46,*,*
AREA # 130401,Lashio,*,*
Urban/Rural,Bicycle,*,*
*,Yes,No,Total
 Urban,4681,29418,34099
 Rural,1343,29490,30833
 Total,6024,58908,64932
NotApp :,881,*,*
AREA # 130402,Theinni,*,*
Urban/Rural,Bicycle,*,*
*,Yes,No,Total
 Urban,677,1246,1923
 Rural,1559,8297,9856
 Total,2236,9543,11779
NotApp :,116,*,*
AREA # 130403,Mineye`,*,*
Urban/Rural,Bicycle,*,*
*,Yes,No,Total
 Urban,657,813,1470
 Rural,603,11255,11858
 Total,1260,12068,13328
NotApp :,139,*,*
AREA # 130404,Tantyan,*,*
Urban/Rural,Bicycle,*,*
*,Yes,No,Total
 Urban,1508,5300,6808
 Rural,561,27773,28334
 Total,2069,33073,35142
NotApp :,291,*,*
AREA # 130501,MuSe,*,*
Urban/Rural,Bicycle,*,*
*,Yes,No,Total
 Urban,1874,11460,13334
 Rural,1322,7558,8880
 Total,3196,19018,22214
NotApp :,873,*,*
AREA # 130502,Namkham,*,*
Urban/Rural,Bicycle,*,*
*,Yes,No,Total
 Urban,1551,4581,6132
 Rural,1993,13292,15285
 Total,3544,17873,21417
NotApp :,200,*,*
AREA # 130503,Kukai,*,*
Urban/Rural,Bicycle,*,*
*,Yes,No,Total
 Urban,782,3901,4683
 Rural,508,13840,14348
 Total,1290,17741,19031
NotApp :,175,*,*
AREA # 130551,Monekoe(ST),*,*
Urban/Rural,Bicycle,*,*
*,Yes,No,Total
 Urban,183,1286,1469
 Rural,37,2852,2889
 Total,220,4138,4358
NotApp :,29,*,*
AREA # 130552,Manhero(ST),*,*
Urban/Rural,Bicycle,*,*
*,Yes,No,Total
 Urban,200,146,346
 Rural,701,596,1297
 Total,901,742,1643
NotApp :,30,*,*
AREA # 130553,Pansai(KyuKute)(ST),*,*
Urban/Rural,Bicycle,*,*
*,Yes,No,Total
 Urban,135,1633,1768
 Rural,121,2654,2775
 Total,256,4287,4543
NotApp :,51,*,*
AREA # 130554,Tamoenye(ST),*,*
Urban/Rural,Bicycle,*,*
*,Yes,No,Total
 Urban,104,2383,2487
 Rural,266,10296,10562
 Total,370,12679,13049
NotApp :,45,*,*
AREA # 130601,Kyukme,*,*
Urban/Rural,Bicycle,*,*
*,Yes,No,Total
 Urban,3454,5199,8653
 Rural,2479,17239,19718
 Total,5933,22438,28371
NotApp :,367,*,*
AREA # 130602,Naungkhio,*,*
Urban/Rural,Bicycle,*,*
*,Yes,No,Total
 Urban,1592,2579,4171
 Rural,3046,25007,28053
 Total,4638,27586,32224
NotApp :,365,*,*
AREA # 130603,Hsipaw,*,*
Urban/Rural,Bicycle,*,*
*,Yes,No,Total
 Urban,1934,2075,4009
 Rural,2630,31267,33897
 Total,4564,33342,37906
NotApp :,454,*,*
AREA # 130604,Namtu,*,*
Urban/Rural,Bicycle,*,*
*,Yes,No,Total
 Urban,213,3044,3257
 Rural,420,7964,8384
 Total,633,11008,11641
NotApp :,153,*,*
AREA # 130605,Namsan(North),*,*
Urban/Rural,Bicycle,*,*
*,Yes,No,Total
 Urban,39,896,935
 Rural,103,12647,12750
 Total,142,13543,13685
NotApp :,265,*,*
AREA # 130606,Momeik,*,*
Urban/Rural,Bicycle,*,*
*,Yes,No,Total
 Urban,1503,730,2233
 Rural,3610,7809,11419
 Total,5113,8539,13652
NotApp :,177,*,*
AREA # 130607,Mabane,*,*
Urban/Rural,Bicycle,*,*
*,Yes,No,Total
 Urban,226,488,714
 Rural,3051,4867,7918
 Total,3277,5355,8632
NotApp :,266,*,*
AREA # 130608,Manton,*,*
Urban/Rural,Bicycle,*,*
*,Yes,No,Total
 Urban,30,749,779
 Rural,23,6881,6904
 Total,53,7630,7683
NotApp :,136,*,*
AREA # 130651,Minengaw(ST),*,*
Urban/Rural,Bicycle,*,*
*,Yes,No,Total
 Urban,89,524,613
 Rural,85,3331,3416
 Total,174,3855,4029
NotApp :,98,*,*
AREA # 130652,Minelon(ST),*,*
Urban/Rural,Bicycle,*,*
*,Yes,No,Total
 Urban,91,495,586
 Rural,76,5194,5270
 Total,167,5689,5856
NotApp :,201,*,*
AREA # 130701,Kunlon,*,*
Urban/Rural,Bicycle,*,*
*,Yes,No,Total
 Urban,70,1088,1158
 Rural,365,8869,9234
 Total,435,9957,10392
NotApp :,158,*,*
AREA # 130801,Laukine,*,*
Urban/Rural,Bicycle,*,*
*,Yes,No,Total
 Urban,487,2454,2941
 Rural,568,10722,11290
 Total,1055,13176,14231
NotApp :,557,*,*
AREA # 130802,Kongyan,*,*
Urban/Rural,Bicycle,*,*
*,Yes,No,Total
 Urban,42,152,194
 Rural,15,5253,5268
 Total,57,5405,5462
NotApp :,14,*,*
AREA # 130851,Chinshwehaw(ST),*,*
Urban/Rural,Bicycle,*,*
*,Yes,No,Total
 Urban,17,602,619
 Rural,15,316,331
 Total,32,918,950
NotApp :,28,*,*
AREA # 130852,Mawhtike(ST),*,*
Urban/Rural,Bicycle,*,*
*,Yes,No,Total
 Urban,5,80,85
 Rural,20,4098,4118
 Total,25,4178,4203
NotApp :,14,*,*
AREA # 130901,Hopan,*,*
Urban/Rural,Bicycle,*,*
*,Yes,No,Total
 Urban,232,3146,3378
 Rural,267,6386,6653
 Total,499,9532,10031
NotApp :,72,*,*
AREA # 130902,Minemaw,*,*
Urban/Rural,Bicycle,*,*
*,Yes,No,Total
 Urban,70,783,853
 Rural,128,9464,9592
 Total,198,10247,10445
NotApp :,71,*,*
AREA # 130903,Panwine,*,*
Urban/Rural,Bicycle,*,*
*,Yes,No,Total
 Urban,18,451,469
 Rural,203,13297,13500
 Total,221,13748,13969
NotApp :,8,*,*
AREA # 130952,Panlon(ST),*,*
Urban/Rural,Bicycle,*,*
*,Yes,No,Total
 Urban,55,606,661
 Rural,8,516,524
 Total,63,1122,1185
NotApp :,26,*,*
AREA # 131001,Makman,*,*
Urban/Rural,Bicycle,*,*
*,Yes,No,Total
 Urban,1,66,67
 Rural,8,3243,3251
 Total,9,3309,3318
NotApp :,55,*,*
AREA # 131002,Pan San(Pan Kham),*,*
Urban/Rural,Bicycle,*,*
*,Yes,No,Total
 Urban,105,1917,2022
 Rural,209,13911,14120
 Total,314,15828,16142
NotApp :,744,*,*
AREA # 131003,Naphang,*,*
Urban/Rural,Bicycle,*,*
*,Yes,No,Total
 Urban,16,139,155
 Rural,163,16156,16319
 Total,179,16295,16474
NotApp :,40,*,*
AREA # 131051,ManKan(ST),*,*
Urban/Rural,Bicycle,*,*
*,Yes,No,Total
 Urban,-,81,81
 Rural,-,234,234
 Total,-,315,315
NotApp :,19,*,*
AREA # 131101,Kengtung,*,*
Urban/Rural,Bicycle,*,*
*,Yes,No,Total
 Urban,2567,6535,9102
 Rural,4248,20746,24994
 Total,6815,27281,34096
NotApp :,512,*,*
AREA # 131102,Minekat,*,*
Urban/Rural,Bicycle,*,*
*,Yes,No,Total
 Urban,97,461,558
 Rural,162,7305,7467
 Total,259,7766,8025
NotApp :,133,*,*
AREA # 131103,Mineyan,*,*
Urban/Rural,Bicycle,*,*
*,Yes,No,Total
 Urban,182,807,989
 Rural,664,8466,9130
 Total,846,9273,10119
NotApp :,153,*,*
AREA # 131104,Minelar,*,*
Urban/Rural,Bicycle,*,*
*,Yes,No,Total
 Urban,170,1390,1560
 Rural,215,3433,3648
 Total,385,4823,5208
NotApp :,231,*,*
AREA # 131151,Mine Pauk(ST),*,*
Urban/Rural,Bicycle,*,*
*,Yes,No,Total
 Rural,199,9086,9285
 Total,199,9086,9285
NotApp :,65,*,*
AREA # 131201,Minesat,*,*
Urban/Rural,Bicycle,*,*
*,Yes,No,Total
 Urban,792,769,1561
 Rural,1658,12690,14348
 Total,2450,13459,15909
NotApp :,313,*,*
AREA # 131202,Minepyin,*,*
Urban/Rural,Bicycle,*,*
*,Yes,No,Total
 Urban,138,1195,1333
 Rural,384,8888,9272
 Total,522,10083,10605
NotApp :,144,*,*
AREA # 131203,Minetung,*,*
Urban/Rural,Bicycle,*,*
*,Yes,No,Total
 Urban,393,726,1119
 Rural,254,2885,3139
 Total,647,3611,4258
NotApp :,57,*,*
AREA # 131251,Minekoke(ST),*,*
Urban/Rural,Bicycle,*,*
*,Yes,No,Total
 Urban,91,193,284
 Rural,152,2766,2918
 Total,243,2959,3202
NotApp :,77,*,*
AREA # 131252,Tontar(ST),*,*
Urban/Rural,Bicycle,*,*
*,Yes,No,Total
 Urban,182,245,427
 Rural,78,2189,2267
 Total,260,2434,2694
NotApp :,33,*,*
AREA # 131253,Ponparkyin(ST),*,*
Urban/Rural,Bicycle,*,*
*,Yes,No,Total
 Urban,52,669,721
 Rural,512,6101,6613
 Total,564,6770,7334
NotApp :,83,*,*
AREA # 131254,Monehta(ST),*,*
Urban/Rural,Bicycle,*,*
*,Yes,No,Total
 Urban,4,87,91
 Rural,7,831,838
 Total,11,918,929
NotApp :,3,*,*
AREA # 131301,Tachileik,*,*
Urban/Rural,Bicycle,*,*
*,Yes,No,Total
 Urban,3769,7325,11094
 Rural,7791,12294,20085
 Total,11560,19619,31179
NotApp :,515,*,*
AREA # 131351,Talay(ST),*,*
Urban/Rural,Bicycle,*,*
*,Yes,No,Total
 Urban,532,341,873
 Rural,1388,1757,3145
 Total,1920,2098,4018
NotApp :,85,*,*
AREA # 131352,Kenglat(ST),*,*
Urban/Rural,Bicycle,*,*
*,Yes,No,Total
 Urban,267,495,762
 Rural,465,1249,1714
 Total,732,1744,2476
NotApp :,39,*,*
AREA # 131401,Minephyat,*,*
Urban/Rural,Bicycle,*,*
*,Yes,No,Total
 Urban,491,832,1323
 Rural,910,3932,4842
 Total,1401,4764,6165
NotApp :,161,*,*
AREA # 131402,Mineyaung,*,*
Urban/Rural,Bicycle,*,*
*,Yes,No,Total
 Urban,421,769,1190
 Rural,1372,3767,5139
 Total,1793,4536,6329
NotApp :,131,*,*
AREA # 131451,Mineyu(ST),*,*
Urban/Rural,Bicycle,*,*
*,Yes,No,Total
 Urban,40,191,231
 Rural,396,10240,10636
 Total,436,10431,10867
NotApp :,165,*,*
AREA # 140101,Kangyidaunt,*,*
Urban/Rural,Bicycle,*,*
*,Yes,No,Total
 Urban,1294,1380,2674
 Rural,13554,26738,40292
 Total,14848,28118,42966
NotApp :,345,*,*
AREA # 140102,Kyaungon,*,*
Urban/Rural,Bicycle,*,*
*,Yes,No,Total
 Urban,2500,1450,3950
 Rural,18069,19383,37452
 Total,20569,20833,41402
NotApp :,278,*,*
AREA # 140103,Kyonpyaw,*,*
Urban/Rural,Bicycle,*,*
*,Yes,No,Total
 Urban,3987,2012,5999
 Rural,31193,22296,53489
 Total,35180,24308,59488
NotApp :,394,*,*
AREA # 140104,Ngaputaw,*,*
Urban/Rural,Bicycle,*,*
*,Yes,No,Total
 Urban,878,1663,2541
 Rural,5632,29203,34835
 Total,6510,30866,37376
NotApp :,231,*,*
AREA # 140105,Pathein,*,*
Urban/Rural,Bicycle,*,*
*,Yes,No,Total
 Urban,21904,15537,37441
 Rural,11188,17407,28595
 Total,33092,32944,66036
NotApp :,851,*,*
AREA # 140106,Yekyi,*,*
Urban/Rural,Bicycle,*,*
*,Yes,No,Total
 Urban,1851,915,2766
 Rural,13467,11569,25036
 Total,15318,12484,27802
NotApp :,199,*,*
AREA # 140107,Thapaung,*,*
Urban/Rural,Bicycle,*,*
*,Yes,No,Total
 Urban,655,1085,1740
 Rural,6171,29326,35497
 Total,6826,30411,37237
NotApp :,376,*,*
AREA # 140151,Ngayokaung(ST),*,*
Urban/Rural,Bicycle,*,*
*,Yes,No,Total
 Urban,226,607,833
 Rural,827,8541,9368
 Total,1053,9148,10201
NotApp :,68,*,*
AREA # 140152,Hainggyikyun(ST),*,*
Urban/Rural,Bicycle,*,*
*,Yes,No,Total
 Urban,812,2737,3549
 Rural,3452,22074,25526
 Total,4264,24811,29075
NotApp :,204,*,*
AREA # 140153,Shwethaungyan(ST),*,*
Urban/Rural,Bicycle,*,*
*,Yes,No,Total
 Urban,238,581,819
 Rural,1967,7395,9362
 Total,2205,7976,10181
NotApp :,202,*,*
AREA # 140154,Ngwehsaung(ST),*,*
Urban/Rural,Bicycle,*,*
*,Yes,No,Total
 Urban,604,2071,2675
 Rural,1399,5396,6795
 Total,2003,7467,9470
NotApp :,180,*,*
AREA # 140155,Ngathaingchaung(ST),*,*
Urban/Rural,Bicycle,*,*
*,Yes,No,Total
 Urban,2532,2065,4597
 Rural,7344,10972,18316
 Total,9876,13037,22913
NotApp :,199,*,*
AREA # 140201,Kyaiklatt,*,*
Urban/Rural,Bicycle,*,*
*,Yes,No,Total
 Urban,2886,2531,5417
 Rural,7049,31282,38331
 Total,9935,33813,43748
NotApp :,526,*,*
AREA # 140202,Daydaye,*,*
Urban/Rural,Bicycle,*,*
*,Yes,No,Total
 Urban,2174,1392,3566
 Rural,6855,38189,45044
 Total,9029,39581,48610
NotApp :,479,*,*
AREA # 140203,Phyapon,*,*
Urban/Rural,Bicycle,*,*
*,Yes,No,Total
 Urban,5045,5009,10054
 Rural,5575,26001,31576
 Total,10620,31010,41630
NotApp :,366,*,*
AREA # 140204,Bogale,*,*
Urban/Rural,Bicycle,*,*
*,Yes,No,Total
 Urban,5656,4459,10115
 Rural,8753,57119,65872
 Total,14409,61578,75987
NotApp :,607,*,*
AREA # 140251,Ahmar(ST),*,*
Urban/Rural,Bicycle,*,*
*,Yes,No,Total
 Urban,301,476,777
 Rural,3375,23634,27009
 Total,3676,24110,27786
NotApp :,383,*,*
AREA # 140301,Nyaungdon,*,*
Urban/Rural,Bicycle,*,*
*,Yes,No,Total
 Urban,3846,2054,5900
 Rural,18891,26410,45301
 Total,22737,28464,51201
NotApp :,457,*,*
AREA # 140302,Danubyu,*,*
Urban/Rural,Bicycle,*,*
*,Yes,No,Total
 Urban,3550,1630,5180
 Rural,20945,18672,39617
 Total,24495,20302,44797
NotApp :,310,*,*
AREA # 140303,Pantanaw,*,*
Urban/Rural,Bicycle,*,*
*,Yes,No,Total
 Urban,2928,1364,4292
 Rural,28748,27237,55985
 Total,31676,28601,60277
NotApp :,434,*,*
AREA # 140304,Maubin,*,*
Urban/Rural,Bicycle,*,*
*,Yes,No,Total
 Urban,6081,3056,9137
 Rural,20932,41735,62667
 Total,27013,44791,71804
NotApp :,629,*,*
AREA # 140401,Myaungmya,*,*
Urban/Rural,Bicycle,*,*
*,Yes,No,Total
 Urban,8213,4300,12513
 Rural,13307,40352,53659
 Total,21520,44652,66172
NotApp :,571,*,*
AREA # 140402,Wakema,*,*
Urban/Rural,Bicycle,*,*
*,Yes,No,Total
 Urban,2883,2422,5305
 Rural,17924,44219,62143
 Total,20807,46641,67448
NotApp :,575,*,*
AREA # 140403,Einme,*,*
Urban/Rural,Bicycle,*,*
*,Yes,No,Total
 Urban,1998,1048,3046
 Rural,15327,28082,43409
 Total,17325,29130,46455
NotApp :,362,*,*
AREA # 140501,Mawlamyinegyun,*,*
Urban/Rural,Bicycle,*,*
*,Yes,No,Total
 Urban,4026,3557,7583
 Rural,12027,55276,67303
 Total,16053,58833,74886
NotApp :,436,*,*
AREA # 140502,Labutta,*,*
Urban/Rural,Bicycle,*,*
*,Yes,No,Total
 Urban,3907,3296,7203
 Rural,5411,42532,47943
 Total,9318,45828,55146
NotApp :,425,*,*
AREA # 140551,Pyinsalu(ST),*,*
Urban/Rural,Bicycle,*,*
*,Yes,No,Total
 Urban,47,454,501
 Rural,2584,17352,19936
 Total,2631,17806,20437
NotApp :,161,*,*
AREA # 140601,Kyangin,*,*
Urban/Rural,Bicycle,*,*
*,Yes,No,Total
 Urban,3861,1445,5306
 Rural,12306,9245,21551
 Total,16167,10690,26857
NotApp :,241,*,*
AREA # 140602,Zalun,*,*
Urban/Rural,Bicycle,*,*
*,Yes,No,Total
 Urban,3275,1982,5257
 Rural,18214,18602,36816
 Total,21489,20584,42073
NotApp :,220,*,*
AREA # 140603,Myanaung,*,*
Urban/Rural,Bicycle,*,*
*,Yes,No,Total
 Urban,4359,1690,6049
 Rural,34051,19820,53871
 Total,38410,21510,59920
NotApp :,437,*,*
AREA # 140604,Laymyethna,*,*
Urban/Rural,Bicycle,*,*
*,Yes,No,Total
 Urban,468,302,770
 Rural,11327,14147,25474
 Total,11795,14449,26244
NotApp :,310,*,*
AREA # 140605,Hinthada,*,*
Urban/Rural,Bicycle,*,*
*,Yes,No,Total
 Urban,13175,6654,19829
 Rural,39756,26544,66300
 Total,52931,33198,86129
NotApp :,639,*,*
AREA # 140606,Ingapu,*,*
Urban/Rural,Bicycle,*,*
*,Yes,No,Total
 Urban,2499,1079,3578
 Rural,30112,23539,53651
 Total,32611,24618,57229
NotApp :,515,*,*
AREA # 150101,Tatkon,*,*
Urban/Rural,Bicycle,*,*
*,Yes,No,Total
 Urban,6408,2738,9146
 Rural,12772,29829,42601
 Total,19180,32567,51747
NotApp :,415,*,*
AREA # 150102,Zeyarthiri,*,*
Urban/Rural,Bicycle,*,*
*,Yes,No,Total
 Urban,2190,6056,8246
 Rural,6249,11580,17829
 Total,8439,17636,26075
NotApp :,326,*,*
AREA # 150103,Ottarathiri,*,*
Urban/Rural,Bicycle,*,*
*,Yes,No,Total
 Urban,1204,3691,4895
 Rural,1901,11865,13766
 Total,3105,15556,18661
NotApp :,325,*,*
AREA # 150104,Pobbathiri,*,*
Urban/Rural,Bicycle,*,*
*,Yes,No,Total
 Urban,3734,6514,10248
 Rural,5506,11862,17368
 Total,9240,18376,27616
NotApp :,382,*,*
AREA # 150201,Pyinmana,*,*
Urban/Rural,Bicycle,*,*
*,Yes,No,Total
 Urban,7539,6917,14456
 Rural,11349,13858,25207
 Total,18888,20775,39663
NotApp :,695,*,*
AREA # 150202,Lewe,*,*
Urban/Rural,Bicycle,*,*
*,Yes,No,Total
 Urban,3812,2311,6123
 Rural,17831,41220,59051
 Total,21643,43531,65174
NotApp :,584,*,*
AREA # 150203,Zabuthiri,*,*
Urban/Rural,Bicycle,*,*
*,Yes,No,Total
 Urban,6085,18637,24722
 Rural,693,905,1598
 Total,6778,19542,26320
NotApp :,869,*,*
AREA # 150204,Dekkhinathiri,*,*
Urban/Rural,Bicycle,*,*
*,Yes,No,Total
 Urban,338,570,908
 Rural,2171,3918,6089
 Total,2509,4488,6997
NotApp :,205,*,*
SUMMARY,*,*,*
Urban/Rural,Bicycle,*,*
*,Yes,No,Total
 Urban,1430775,1618658,3049433
 Rural,2477777,5350622,7828399
 Total,3908552,6969280,10877832
NotApp :,137752,*,*
