Urban_Rural,Canoe_Boat_Yes,Canoe_Boat_No,Canoe_Boat_Total
AREA # 010101,Myitkyina,*,*
Urban/Rural,Canoe/Boat,*,*
*,Yes,No,Total
 Urban,244,39424,39668
 Rural,542,10373,10915
 Total,786,49797,50583
NotApp :,1258,*,*
AREA # 010102,Waingmaw,*,*
Urban/Rural,Canoe/Boat,*,*
*,Yes,No,Total
 Urban,82,3738,3820
 Rural,255,15705,15960
 Total,337,19443,19780
NotApp :,241,*,*
AREA # 010103,Ingyanyan,*,*
Urban/Rural,Canoe/Boat,*,*
*,Yes,No,Total
 Urban,-,78,78
 Rural,3,204,207
 Total,3,282,285
NotApp :,35,*,*
AREA # 010104,Tanaing,*,*
Urban/Rural,Canoe/Boat,*,*
*,Yes,No,Total
 Urban,159,3535,3694
 Rural,82,2622,2704
 Total,241,6157,6398
NotApp :,303,*,*
AREA # 010105,Chiphwe,*,*
Urban/Rural,Canoe/Boat,*,*
*,Yes,No,Total
 Urban,-,329,329
 Rural,2,1600,1602
 Total,2,1929,1931
NotApp :,11,*,*
AREA # 010106,Hsotlaw,*,*
Urban/Rural,Canoe/Boat,*,*
*,Yes,No,Total
 Urban,-,66,66
 Rural,-,1007,1007
 Total,-,1073,1073
NotApp :,4,*,*
AREA # 010151,Hsinbo(ST),*,*
Urban/Rural,Canoe/Boat,*,*
*,Yes,No,Total
 Urban,118,586,704
 Rural,314,990,1304
 Total,432,1576,2008
NotApp :,80,*,*
AREA # 010152,Hsadone(ST),*,*
Urban/Rural,Canoe/Boat,*,*
*,Yes,No,Total
 Urban,-,510,510
 Rural,-,1100,1100
 Total,-,1610,1610
NotApp :,9,*,*
AREA # 010153,Kanpaikti(ST),*,*
Urban/Rural,Canoe/Boat,*,*
*,Yes,No,Total
 Urban,-,174,174
 Rural,-,1296,1296
 Total,-,1470,1470
NotApp :,20,*,*
AREA # 010154,Shinbwayyan(ST),*,*
Urban/Rural,Canoe/Boat,*,*
*,Yes,No,Total
 Urban,7,1018,1025
 Rural,70,1035,1105
 Total,77,2053,2130
NotApp :,15,*,*
AREA # 010155,Panwa(ST),*,*
Urban/Rural,Canoe/Boat,*,*
*,Yes,No,Total
 Urban,1,195,196
 Rural,-,1179,1179
 Total,1,1374,1375
NotApp :,41,*,*
AREA # 010201,Mohnyin,*,*
Urban/Rural,Canoe/Boat,*,*
*,Yes,No,Total
 Urban,2,6351,6353
 Rural,618,23219,23837
 Total,620,29570,30190
NotApp :,542,*,*
AREA # 010202,Mogaung,*,*
Urban/Rural,Canoe/Boat,*,*
*,Yes,No,Total
 Urban,114,4334,4448
 Rural,302,20148,20450
 Total,416,24482,24898
NotApp :,208,*,*
AREA # 010203,Phakant,*,*
Urban/Rural,Canoe/Boat,*,*
*,Yes,No,Total
 Urban,8,6848,6856
 Rural,103,26175,26278
 Total,111,33023,33134
NotApp :,1665,*,*
AREA # 010251,Hopin(ST),*,*
Urban/Rural,Canoe/Boat,*,*
*,Yes,No,Total
 Urban,2,4539,4541
 Rural,3,4888,4891
 Total,5,9427,9432
NotApp :,114,*,*
AREA # 010252,Kamine(ST),*,*
Urban/Rural,Canoe/Boat,*,*
*,Yes,No,Total
 Urban,136,894,1030
 Rural,21,2447,2468
 Total,157,3341,3498
NotApp :,131,*,*
AREA # 010301,Bhamo,*,*
Urban/Rural,Canoe/Boat,*,*
*,Yes,No,Total
 Urban,652,8863,9515
 Rural,2877,11769,14646
 Total,3529,20632,24161
NotApp :,571,*,*
AREA # 010302,Shwegu,*,*
Urban/Rural,Canoe/Boat,*,*
*,Yes,No,Total
 Urban,84,3318,3402
 Rural,3234,9192,12426
 Total,3318,12510,15828
NotApp :,336,*,*
AREA # 010303,Momauk,*,*
Urban/Rural,Canoe/Boat,*,*
*,Yes,No,Total
 Urban,4,2086,2090
 Rural,518,6026,6544
 Total,522,8112,8634
NotApp :,144,*,*
AREA # 010304,Mansi,*,*
Urban/Rural,Canoe/Boat,*,*
*,Yes,No,Total
 Urban,2,1616,1618
 Rural,66,8870,8936
 Total,68,10486,10554
NotApp :,82,*,*
AREA # 010351,Myohla(ST),*,*
Urban/Rural,Canoe/Boat,*,*
*,Yes,No,Total
 Urban,63,298,361
 Rural,130,302,432
 Total,193,600,793
NotApp :,11,*,*
AREA # 010352,Lwe`ge`(ST),*,*
Urban/Rural,Canoe/Boat,*,*
*,Yes,No,Total
 Urban,1,1224,1225
 Rural,-,278,278
 Total,1,1502,1503
NotApp :,24,*,*
AREA # 010353,Dotphoneyan(ST),*,*
Urban/Rural,Canoe/Boat,*,*
*,Yes,No,Total
 Urban,-,311,311
 Rural,36,1886,1922
 Total,36,2197,2233
NotApp :,65,*,*
AREA # 010401,Putao,*,*
Urban/Rural,Canoe/Boat,*,*
*,Yes,No,Total
 Urban,-,2811,2811
 Rural,69,7863,7932
 Total,69,10674,10743
NotApp :,94,*,*
AREA # 010402,Sumprabum,*,*
Urban/Rural,Canoe/Boat,*,*
*,Yes,No,Total
 Urban,-,172,172
 Rural,1,306,307
 Total,1,478,479
NotApp :,18,*,*
AREA # 010403,Machanbaw,*,*
Urban/Rural,Canoe/Boat,*,*
*,Yes,No,Total
 Urban,-,408,408
 Rural,31,1280,1311
 Total,31,1688,1719
NotApp :,31,*,*
AREA # 010404,Khaunglanphoo,*,*
Urban/Rural,Canoe/Boat,*,*
*,Yes,No,Total
 Urban,-,70,70
 Rural,11,1630,1641
 Total,11,1700,1711
NotApp :,2,*,*
AREA # 010405,Naungmoon,*,*
Urban/Rural,Canoe/Boat,*,*
*,Yes,No,Total
 Urban,4,356,360
 Rural,6,577,583
 Total,10,933,943
NotApp :,4,*,*
AREA # 010451,Pannandin(ST),*,*
Urban/Rural,Canoe/Boat,*,*
*,Yes,No,Total
 Urban,-,24,24
 Rural,-,245,245
 Total,-,269,269
NotApp :,1,*,*
AREA # 020101,Loikaw,*,*
Urban/Rural,Canoe/Boat,*,*
*,Yes,No,Total
 Urban,11,10411,10422
 Rural,130,15943,16073
 Total,141,26354,26495
NotApp :,304,*,*
AREA # 020102,Dimawso,*,*
Urban/Rural,Canoe/Boat,*,*
*,Yes,No,Total
 Urban,35,1102,1137
 Rural,53,14157,14210
 Total,88,15259,15347
NotApp :,105,*,*
AREA # 020103,Phruso,*,*
Urban/Rural,Canoe/Boat,*,*
*,Yes,No,Total
 Urban,-,853,853
 Rural,2,5055,5057
 Total,2,5908,5910
NotApp :,78,*,*
AREA # 020104,Shardaw,*,*
Urban/Rural,Canoe/Boat,*,*
*,Yes,No,Total
 Urban,-,336,336
 Rural,1,1069,1070
 Total,1,1405,1406
NotApp :,28,*,*
AREA # 020201,Bawlakhe,*,*
Urban/Rural,Canoe/Boat,*,*
*,Yes,No,Total
 Urban,2,837,839
 Rural,2,748,750
 Total,4,1585,1589
NotApp :,81,*,*
AREA # 020202,Parsaung,*,*
Urban/Rural,Canoe/Boat,*,*
*,Yes,No,Total
 Urban,3,591,594
 Rural,50,4089,4139
 Total,53,4680,4733
NotApp :,302,*,*
AREA # 020203,Meisi,*,*
Urban/Rural,Canoe/Boat,*,*
*,Yes,No,Total
 Urban,-,195,195
 Rural,-,1107,1107
 Total,-,1302,1302
NotApp :,55,*,*
AREA # 020251,Ywathit(ST),*,*
Urban/Rural,Canoe/Boat,*,*
*,Yes,No,Total
 Urban,4,288,292
 Rural,16,184,200
 Total,20,472,492
NotApp :,30,*,*
AREA # 030101,Hpa-an,*,*
Urban/Rural,Canoe/Boat,*,*
*,Yes,No,Total
 Urban,339,14429,14768
 Rural,3596,70833,74429
 Total,3935,85262,89197
NotApp :,1176,*,*
AREA # 030102,Hlaingbwe,*,*
Urban/Rural,Canoe/Boat,*,*
*,Yes,No,Total
 Urban,124,2155,2279
 Rural,453,28854,29307
 Total,577,31009,31586
NotApp :,379,*,*
AREA # 030103,Thandaunggyi,*,*
Urban/Rural,Canoe/Boat,*,*
*,Yes,No,Total
 Urban,-,3062,3062
 Rural,-,2747,2747
 Total,-,5809,5809
NotApp :,36,*,*
AREA # 030151,Paingkyon(ST),*,*
Urban/Rural,Canoe/Boat,*,*
*,Yes,No,Total
 Urban,1,806,807
 Rural,694,16277,16971
 Total,695,17083,17778
NotApp :,210,*,*
AREA # 030152,Shan Ywathit(ST),*,*
Urban/Rural,Canoe/Boat,*,*
*,Yes,No,Total
 Urban,-,83,83
 Rural,2,3671,3673
 Total,2,3754,3756
NotApp :,29,*,*
AREA # 030153,Leiktho(ST),*,*
Urban/Rural,Canoe/Boat,*,*
*,Yes,No,Total
 Urban,-,607,607
 Rural,-,9319,9319
 Total,-,9926,9926
NotApp :,73,*,*
AREA # 030154,Bawgali(ST),*,*
Urban/Rural,Canoe/Boat,*,*
*,Yes,No,Total
 Urban,-,436,436
 Rural,2,2967,2969
 Total,2,3403,3405
NotApp :,7,*,*
AREA # 030201,Pharpon,*,*
Urban/Rural,Canoe/Boat,*,*
*,Yes,No,Total
 Urban,10,623,633
 Rural,19,1892,1911
 Total,29,2515,2544
NotApp :,108,*,*
AREA # 030251,Kamamaung(ST},*,*
Urban/Rural,Canoe/Boat,*,*
*,Yes,No,Total
 Urban,52,2697,2749
 Rural,7,1202,1209
 Total,59,3899,3958
NotApp :,52,*,*
AREA # 030301,Myawady,*,*
Urban/Rural,Canoe/Boat,*,*
*,Yes,No,Total
 Urban,12,24004,24016
 Rural,39,17203,17242
 Total,51,41207,41258
NotApp :,937,*,*
AREA # 030351,Sugali(ST),*,*
Urban/Rural,Canoe/Boat,*,*
*,Yes,No,Total
 Urban,-,75,75
 Rural,2,984,986
 Total,2,1059,1061
NotApp :,24,*,*
AREA # 030352,Wawlaymyaing(ST),*,*
Urban/Rural,Canoe/Boat,*,*
*,Yes,No,Total
 Urban,1,576,577
 Rural,1,1119,1120
 Total,2,1695,1697
NotApp :,44,*,*
AREA # 030401,Kawkareik,*,*
Urban/Rural,Canoe/Boat,*,*
*,Yes,No,Total
 Urban,185,8297,8482
 Rural,1855,35161,37016
 Total,2040,43458,45498
NotApp :,393,*,*
AREA # 030402,Kyarinseikkyi,*,*
Urban/Rural,Canoe/Boat,*,*
*,Yes,No,Total
 Urban,60,1757,1817
 Rural,1120,19103,20223
 Total,1180,20860,22040
NotApp :,270,*,*
AREA # 030451,Payarthonezu(ST),*,*
Urban/Rural,Canoe/Boat,*,*
*,Yes,No,Total
 Urban,2,6094,6096
 Rural,21,11678,11699
 Total,23,17772,17795
NotApp :,271,*,*
AREA # 030452,Kyaidon(ST),*,*
Urban/Rural,Canoe/Boat,*,*
*,Yes,No,Total
 Urban,39,641,680
 Rural,80,9973,10053
 Total,119,10614,10733
NotApp :,114,*,*
AREA # 040101,HaKa,*,*
Urban/Rural,Canoe/Boat,*,*
*,Yes,No,Total
 Urban,1,5220,5221
 Rural,4,4692,4696
 Total,5,9912,9917
NotApp :,107,*,*
AREA # 040102,Thantlang,*,*
Urban/Rural,Canoe/Boat,*,*
*,Yes,No,Total
 Urban,4,1503,1507
 Rural,28,8247,8275
 Total,32,9750,9782
NotApp :,38,*,*
AREA # 040201,Falam,*,*
Urban/Rural,Canoe/Boat,*,*
*,Yes,No,Total
 Urban,2,2000,2002
 Rural,9,6417,6426
 Total,11,8417,8428
NotApp :,60,*,*
AREA # 040202,Tedim,*,*
Urban/Rural,Canoe/Boat,*,*
*,Yes,No,Total
 Urban,1,2249,2250
 Rural,28,12405,12433
 Total,29,14654,14683
NotApp :,65,*,*
AREA # 040203,Tonzaung,*,*
Urban/Rural,Canoe/Boat,*,*
*,Yes,No,Total
 Urban,-,640,640
 Rural,1,2770,2771
 Total,1,3410,3411
NotApp :,37,*,*
AREA # 040251,Rihkhuadal(ST),*,*
Urban/Rural,Canoe/Boat,*,*
*,Yes,No,Total
 Urban,-,670,670
 Rural,-,528,528
 Total,-,1198,1198
NotApp :,12,*,*
AREA # 040252,Cikha(ST),*,*
Urban/Rural,Canoe/Boat,*,*
*,Yes,No,Total
 Urban,-,215,215
 Rural,-,1315,1315
 Total,-,1530,1530
NotApp :,6,*,*
AREA # 040301,Mindat,*,*
Urban/Rural,Canoe/Boat,*,*
*,Yes,No,Total
 Urban,-,2343,2343
 Rural,-,6179,6179
 Total,-,8522,8522
NotApp :,95,*,*
AREA # 040302,Matupi,*,*
Urban/Rural,Canoe/Boat,*,*
*,Yes,No,Total
 Urban,1,1669,1670
 Rural,5,5961,5966
 Total,6,7630,7636
NotApp :,43,*,*
AREA # 040303,Kanpalet,*,*
Urban/Rural,Canoe/Boat,*,*
*,Yes,No,Total
 Urban,-,807,807
 Rural,3,3167,3170
 Total,3,3974,3977
NotApp :,66,*,*
AREA # 040304,Paletwat,*,*
Urban/Rural,Canoe/Boat,*,*
*,Yes,No,Total
 Urban,64,1286,1350
 Rural,344,11599,11943
 Total,408,12885,13293
NotApp :,86,*,*
AREA # 040351,Reazu(ST),*,*
Urban/Rural,Canoe/Boat,*,*
*,Yes,No,Total
 Urban,-,462,462
 Rural,1,2058,2059
 Total,1,2520,2521
NotApp :,14,*,*
AREA # 040352,Sami(ST),*,*
Urban/Rural,Canoe/Boat,*,*
*,Yes,No,Total
 Urban,10,623,633
 Rural,105,5485,5590
 Total,115,6108,6223
NotApp :,100,*,*
AREA # 050101,Sagaing,*,*
Urban/Rural,Canoe/Boat,*,*
*,Yes,No,Total
 Urban,71,16425,16496
 Rural,1967,46680,48647
 Total,2038,63105,65143
NotApp :,1842,*,*
AREA # 050102,Myinmu,*,*
Urban/Rural,Canoe/Boat,*,*
*,Yes,No,Total
 Urban,18,3613,3631
 Rural,368,21305,21673
 Total,386,24918,25304
NotApp :,264,*,*
AREA # 050103,Myaung,*,*
Urban/Rural,Canoe/Boat,*,*
*,Yes,No,Total
 Urban,13,1940,1953
 Rural,2131,20178,22309
 Total,2144,22118,24262
NotApp :,350,*,*
AREA # 050201,Shwebo,*,*
Urban/Rural,Canoe/Boat,*,*
*,Yes,No,Total
 Urban,54,13477,13531
 Rural,113,36603,36716
 Total,167,50080,50247
NotApp :,467,*,*
AREA # 050202,Khin U,*,*
Urban/Rural,Canoe/Boat,*,*
*,Yes,No,Total
 Urban,2,2289,2291
 Rural,94,30239,30333
 Total,96,32528,32624
NotApp :,271,*,*
AREA # 050203,Wetlet,*,*
Urban/Rural,Canoe/Boat,*,*
*,Yes,No,Total
 Urban,-,2306,2306
 Rural,418,43988,44406
 Total,418,46294,46712
NotApp :,437,*,*
AREA # 050204,Kambalu,*,*
Urban/Rural,Canoe/Boat,*,*
*,Yes,No,Total
 Urban,2,5181,5183
 Rural,230,55913,56143
 Total,232,61094,61326
NotApp :,537,*,*
AREA # 050205,Kyunhlau,*,*
Urban/Rural,Canoe/Boat,*,*
*,Yes,No,Total
 Urban,4,2495,2499
 Rural,786,17578,18364
 Total,790,20073,20863
NotApp :,224,*,*
AREA # 050206,Ye U,*,*
Urban/Rural,Canoe/Boat,*,*
*,Yes,No,Total
 Urban,1,3964,3965
 Rural,29,22379,22408
 Total,30,26343,26373
NotApp :,308,*,*
AREA # 050207,Depayin,*,*
Urban/Rural,Canoe/Boat,*,*
*,Yes,No,Total
 Urban,1,954,955
 Rural,19,29371,29390
 Total,20,30325,30345
NotApp :,367,*,*
AREA # 050208,Tasei,*,*
Urban/Rural,Canoe/Boat,*,*
*,Yes,No,Total
 Urban,1,2971,2972
 Rural,113,32852,32965
 Total,114,35823,35937
NotApp :,328,*,*
AREA # 050251,Kyaukmyaung(ST),*,*
Urban/Rural,Canoe/Boat,*,*
*,Yes,No,Total
 Urban,55,2251,2306
 Rural,147,4597,4744
 Total,202,6848,7050
NotApp :,65,*,*
AREA # 050301,Monywa,*,*
Urban/Rural,Canoe/Boat,*,*
*,Yes,No,Total
 Urban,106,40300,40406
 Rural,850,34706,35556
 Total,956,75006,75962
NotApp :,1167,*,*
AREA # 050302,Butalin,*,*
Urban/Rural,Canoe/Boat,*,*
*,Yes,No,Total
 Urban,-,1193,1193
 Rural,116,27307,27423
 Total,116,28500,28616
NotApp :,389,*,*
AREA # 050303,Ayartaw,*,*
Urban/Rural,Canoe/Boat,*,*
*,Yes,No,Total
 Urban,4,2151,2155
 Rural,54,33382,33436
 Total,58,35533,35591
NotApp :,378,*,*
AREA # 050304,Chaung Oo,*,*
Urban/Rural,Canoe/Boat,*,*
*,Yes,No,Total
 Urban,43,5038,5081
 Rural,294,18001,18295
 Total,337,23039,23376
NotApp :,254,*,*
AREA # 050401,Katha,*,*
Urban/Rural,Canoe/Boat,*,*
*,Yes,No,Total
 Urban,146,5117,5263
 Rural,6328,20370,26698
 Total,6474,25487,31961
NotApp :,447,*,*
AREA # 050402,Indaw,*,*
Urban/Rural,Canoe/Boat,*,*
*,Yes,No,Total
 Urban,3,1839,1842
 Rural,508,20880,21388
 Total,511,22719,23230
NotApp :,320,*,*
AREA # 050403,Tigyaing,*,*
Urban/Rural,Canoe/Boat,*,*
*,Yes,No,Total
 Urban,254,2816,3070
 Rural,4144,19175,23319
 Total,4398,21991,26389
NotApp :,279,*,*
AREA # 050404,Banmauk,*,*
Urban/Rural,Canoe/Boat,*,*
*,Yes,No,Total
 Urban,-,1212,1212
 Rural,28,17628,17656
 Total,28,18840,18868
NotApp :,678,*,*
AREA # 050405,Kawlin,*,*
Urban/Rural,Canoe/Boat,*,*
*,Yes,No,Total
 Urban,2,4567,4569
 Rural,483,26351,26834
 Total,485,30918,31403
NotApp :,408,*,*
AREA # 050406,Wuntho,*,*
Urban/Rural,Canoe/Boat,*,*
*,Yes,No,Total
 Urban,-,2590,2590
 Rural,5,11610,11615
 Total,5,14200,14205
NotApp :,321,*,*
AREA # 050407,Pinlebu,*,*
Urban/Rural,Canoe/Boat,*,*
*,Yes,No,Total
 Urban,2,1467,1469
 Rural,11,20420,20431
 Total,13,21887,21900
NotApp :,382,*,*
AREA # 050501,Kalay,*,*
Urban/Rural,Canoe/Boat,*,*
*,Yes,No,Total
 Urban,48,25673,25721
 Rural,837,46211,47048
 Total,885,71884,72769
NotApp :,551,*,*
AREA # 050502,Kalewa,*,*
Urban/Rural,Canoe/Boat,*,*
*,Yes,No,Total
 Urban,51,1902,1953
 Rural,1803,7979,9782
 Total,1854,9881,11735
NotApp :,183,*,*
AREA # 050503,Mingin,*,*
Urban/Rural,Canoe/Boat,*,*
*,Yes,No,Total
 Urban,125,711,836
 Rural,1866,19356,21222
 Total,1991,20067,22058
NotApp :,359,*,*
AREA # 050601,Tamu,*,*
Urban/Rural,Canoe/Boat,*,*
*,Yes,No,Total
 Urban,15,8974,8989
 Rural,164,2833,2997
 Total,179,11807,11986
NotApp :,97,*,*
AREA # 050651,Myothit(ST),*,*
Urban/Rural,Canoe/Boat,*,*
*,Yes,No,Total
 Urban,2,306,308
 Rural,17,2772,2789
 Total,19,3078,3097
NotApp :,38,*,*
AREA # 050652,Khampat(ST),*,*
Urban/Rural,Canoe/Boat,*,*
*,Yes,No,Total
 Urban,-,2838,2838
 Rural,78,4592,4670
 Total,78,7430,7508
NotApp :,25,*,*
AREA # 050701,Mawlaik,*,*
Urban/Rural,Canoe/Boat,*,*
*,Yes,No,Total
 Urban,313,1511,1824
 Rural,1329,7192,8521
 Total,1642,8703,10345
NotApp :,173,*,*
AREA # 050702,Phaungpyin,*,*
Urban/Rural,Canoe/Boat,*,*
*,Yes,No,Total
 Urban,524,1418,1942
 Rural,2420,15884,18304
 Total,2944,17302,20246
NotApp :,277,*,*
AREA # 050801,Hkamti,*,*
Urban/Rural,Canoe/Boat,*,*
*,Yes,No,Total
 Urban,191,1992,2183
 Rural,593,4585,5178
 Total,784,6577,7361
NotApp :,521,*,*
AREA # 050802,Homalin,*,*
Urban/Rural,Canoe/Boat,*,*
*,Yes,No,Total
 Urban,319,3256,3575
 Rural,5971,26197,32168
 Total,6290,29453,35743
NotApp :,1266,*,*
AREA # 050803,Leshi,*,*
Urban/Rural,Canoe/Boat,*,*
*,Yes,No,Total
 Urban,3,250,253
 Rural,19,1384,1403
 Total,22,1634,1656
NotApp :,53,*,*
AREA # 050804,Lahe,*,*
Urban/Rural,Canoe/Boat,*,*
*,Yes,No,Total
 Urban,-,538,538
 Rural,1,6438,6439
 Total,1,6976,6977
NotApp :,37,*,*
AREA # 050805,Nanyun,*,*
Urban/Rural,Canoe/Boat,*,*
*,Yes,No,Total
 Urban,1,374,375
 Rural,3,1190,1193
 Total,4,1564,1568
NotApp :,17,*,*
AREA # 050851,Mobaingluk(ST),*,*
Urban/Rural,Canoe/Boat,*,*
*,Yes,No,Total
 Urban,23,187,210
 Rural,3,97,100
 Total,26,284,310
NotApp :,2,*,*
AREA # 050852,Sonemara(ST),*,*
Urban/Rural,Canoe/Boat,*,*
*,Yes,No,Total
 Urban,-,286,286
 Rural,-,908,908
 Total,-,1194,1194
NotApp :,10,*,*
AREA # 050853,Htanparkway(ST),*,*
Urban/Rural,Canoe/Boat,*,*
*,Yes,No,Total
 Urban,-,128,128
 Rural,-,633,633
 Total,-,761,761
NotApp :,9,*,*
AREA # 050854,Pansaung(ST),*,*
Urban/Rural,Canoe/Boat,*,*
*,Yes,No,Total
 Urban,-,338,338
 Rural,6,2005,2011
 Total,6,2343,2349
NotApp :,5,*,*
AREA # 050855,Donhee(ST),*,*
Urban/Rural,Canoe/Boat,*,*
*,Yes,No,Total
 Urban,-,169,169
 Rural,1,3753,3754
 Total,1,3922,3923
NotApp :,10,*,*
AREA # 050901,Yinmarpin,*,*
Urban/Rural,Canoe/Boat,*,*
*,Yes,No,Total
 Urban,-,1077,1077
 Rural,332,28123,28455
 Total,332,29200,29532
NotApp :,265,*,*
AREA # 050902,Salingyi,*,*
Urban/Rural,Canoe/Boat,*,*
*,Yes,No,Total
 Urban,-,1222,1222
 Rural,632,24613,25245
 Total,632,25835,26467
NotApp :,384,*,*
AREA # 050903,Palae,*,*
Urban/Rural,Canoe/Boat,*,*
*,Yes,No,Total
 Urban,-,931,931
 Rural,82,31349,31431
 Total,82,32280,32362
NotApp :,338,*,*
AREA # 050904,Kani,*,*
Urban/Rural,Canoe/Boat,*,*
*,Yes,No,Total
 Urban,73,1065,1138
 Rural,993,27092,28085
 Total,1066,28157,29223
NotApp :,351,*,*
AREA # 060101,Dawei,*,*
Urban/Rural,Canoe/Boat,*,*
*,Yes,No,Total
 Urban,118,15264,15382
 Rural,260,9301,9561
 Total,378,24565,24943
NotApp :,551,*,*
AREA # 060102,Lounglon,*,*
Urban/Rural,Canoe/Boat,*,*
*,Yes,No,Total
 Urban,5,1235,1240
 Rural,190,24305,24495
 Total,195,25540,25735
NotApp :,291,*,*
AREA # 060103,Thayetchaung,*,*
Urban/Rural,Canoe/Boat,*,*
*,Yes,No,Total
 Urban,4,2403,2407
 Rural,382,20085,20467
 Total,386,22488,22874
NotApp :,255,*,*
AREA # 060104,Yebyu,*,*
Urban/Rural,Canoe/Boat,*,*
*,Yes,No,Total
 Urban,7,1070,1077
 Rural,206,20790,20996
 Total,213,21860,22073
NotApp :,316,*,*
AREA # 060151,Myitta(ST),*,*
Urban/Rural,Canoe/Boat,*,*
*,Yes,No,Total
 Urban,16,480,496
 Rural,19,3675,3694
 Total,35,4155,4190
NotApp :,72,*,*
AREA # 060152,Kaleinaung(ST),*,*
Urban/Rural,Canoe/Boat,*,*
*,Yes,No,Total
 Urban,9,615,624
 Rural,16,3637,3653
 Total,25,4252,4277
NotApp :,141,*,*
AREA # 060201,Myeik,*,*
Urban/Rural,Canoe/Boat,*,*
*,Yes,No,Total
 Urban,256,21292,21548
 Rural,966,31835,32801
 Total,1222,53127,54349
NotApp :,763,*,*
AREA # 060202,Kyunsu,*,*
Urban/Rural,Canoe/Boat,*,*
*,Yes,No,Total
 Urban,18,1124,1142
 Rural,2500,29346,31846
 Total,2518,30470,32988
NotApp :,330,*,*
AREA # 060203,Palaw,*,*
Urban/Rural,Canoe/Boat,*,*
*,Yes,No,Total
 Urban,63,3508,3571
 Rural,386,14568,14954
 Total,449,18076,18525
NotApp :,178,*,*
AREA # 060204,Tanintharyi,*,*
Urban/Rural,Canoe/Boat,*,*
*,Yes,No,Total
 Urban,220,906,1126
 Rural,1037,17766,18803
 Total,1257,18672,19929
NotApp :,325,*,*
AREA # 060251,Palauk(ST),*,*
Urban/Rural,Canoe/Boat,*,*
*,Yes,No,Total
 Urban,17,1194,1211
 Rural,194,5723,5917
 Total,211,6917,7128
NotApp :,45,*,*
AREA # 060301,Kawthoung,*,*
Urban/Rural,Canoe/Boat,*,*
*,Yes,No,Total
 Urban,203,12377,12580
 Rural,590,12311,12901
 Total,793,24688,25481
NotApp :,367,*,*
AREA # 060302,Bokepyin,*,*
Urban/Rural,Canoe/Boat,*,*
*,Yes,No,Total
 Urban,37,1010,1047
 Rural,478,7351,7829
 Total,515,8361,8876
NotApp :,187,*,*
AREA # 060351,Khamaukgyi,*,*
Urban/Rural,Canoe/Boat,*,*
*,Yes,No,Total
 Urban,64,2291,2355
 Rural,133,2377,2510
 Total,197,4668,4865
NotApp :,126,*,*
AREA # 060352,Pyigyimandaing,*,*
Urban/Rural,Canoe/Boat,*,*
*,Yes,No,Total
 Urban,25,690,715
 Rural,126,2263,2389
 Total,151,2953,3104
NotApp :,91,*,*
AREA # 060353,Karathuri(ST),*,*
Urban/Rural,Canoe/Boat,*,*
*,Yes,No,Total
 Urban,1,285,286
 Rural,464,3012,3476
 Total,465,3297,3762
NotApp :,102,*,*
AREA # 070101,Bago,*,*
Urban/Rural,Canoe/Boat,*,*
*,Yes,No,Total
 Urban,411,54481,54892
 Rural,1567,50673,52240
 Total,1978,105154,107132
NotApp :,1161,*,*
AREA # 070102,Tanatpin,*,*
Urban/Rural,Canoe/Boat,*,*
*,Yes,No,Total
 Urban,188,3441,3629
 Rural,4484,24414,28898
 Total,4672,27855,32527
NotApp :,222,*,*
AREA # 070103,Kawa,*,*
Urban/Rural,Canoe/Boat,*,*
*,Yes,No,Total
 Urban,47,4207,4254
 Rural,3290,38531,41821
 Total,3337,42738,46075
NotApp :,248,*,*
AREA # 070104,Waw,*,*
Urban/Rural,Canoe/Boat,*,*
*,Yes,No,Total
 Urban,96,4950,5046
 Rural,3849,28188,32037
 Total,3945,33138,37083
NotApp :,296,*,*
AREA # 070105,Nyaunglebin,*,*
Urban/Rural,Canoe/Boat,*,*
*,Yes,No,Total
 Urban,431,12631,13062
 Rural,1891,29809,31700
 Total,2322,42440,44762
NotApp :,311,*,*
AREA # 070106,Kyauktaga,*,*
Urban/Rural,Canoe/Boat,*,*
*,Yes,No,Total
 Urban,1,6872,6873
 Rural,459,44316,44775
 Total,460,51188,51648
NotApp :,363,*,*
AREA # 070107,Daik U,*,*
Urban/Rural,Canoe/Boat,*,*
*,Yes,No,Total
 Urban,94,8646,8740
 Rural,2811,34202,37013
 Total,2905,42848,45753
NotApp :,339,*,*
AREA # 070108,Shwegyin,*,*
Urban/Rural,Canoe/Boat,*,*
*,Yes,No,Total
 Urban,256,4609,4865
 Rural,1758,15159,16917
 Total,2014,19768,21782
NotApp :,240,*,*
AREA # 070201,Toungoo,*,*
Urban/Rural,Canoe/Boat,*,*
*,Yes,No,Total
 Urban,43,21857,21900
 Rural,301,35259,35560
 Total,344,57116,57460
NotApp :,871,*,*
AREA # 070202,Yaedashe,*,*
Urban/Rural,Canoe/Boat,*,*
*,Yes,No,Total
 Urban,-,5955,5955
 Rural,320,44252,44572
 Total,320,50207,50527
NotApp :,460,*,*
AREA # 070203,Kyaukkyi,*,*
Urban/Rural,Canoe/Boat,*,*
*,Yes,No,Total
 Urban,38,2220,2258
 Rural,919,19706,20625
 Total,957,21926,22883
NotApp :,203,*,*
AREA # 070204,Pyu,*,*
Urban/Rural,Canoe/Boat,*,*
*,Yes,No,Total
 Urban,33,13794,13827
 Rural,807,40297,41104
 Total,840,54091,54931
NotApp :,386,*,*
AREA # 070205,Oatwin,*,*
Urban/Rural,Canoe/Boat,*,*
*,Yes,No,Total
 Urban,7,3202,3209
 Rural,312,33349,33661
 Total,319,36551,36870
NotApp :,276,*,*
AREA # 070206,Htantapin,*,*
Urban/Rural,Canoe/Boat,*,*
*,Yes,No,Total
 Urban,14,2362,2376
 Rural,237,24168,24405
 Total,251,26530,26781
NotApp :,169,*,*
AREA # 070301,Pyay,*,*
Urban/Rural,Canoe/Boat,*,*
*,Yes,No,Total
 Urban,53,28762,28815
 Rural,159,29583,29742
 Total,212,58345,58557
NotApp :,1014,*,*
AREA # 070302,Paukkhaung,*,*
Urban/Rural,Canoe/Boat,*,*
*,Yes,No,Total
 Urban,1,3605,3606
 Rural,1011,27730,28741
 Total,1012,31335,32347
NotApp :,302,*,*
AREA # 070303,Padaung,*,*
Urban/Rural,Canoe/Boat,*,*
*,Yes,No,Total
 Urban,44,4424,4468
 Rural,843,33581,34424
 Total,887,38005,38892
NotApp :,412,*,*
AREA # 070304,Paunde,*,*
Urban/Rural,Canoe/Boat,*,*
*,Yes,No,Total
 Urban,1,6480,6481
 Rural,427,29792,30219
 Total,428,36272,36700
NotApp :,296,*,*
AREA # 070305,Thegon,*,*
Urban/Rural,Canoe/Boat,*,*
*,Yes,No,Total
 Urban,9,4257,4266
 Rural,1064,30620,31684
 Total,1073,34877,35950
NotApp :,304,*,*
AREA # 070306,Shwedaung,*,*
Urban/Rural,Canoe/Boat,*,*
*,Yes,No,Total
 Urban,13,4505,4518
 Rural,1196,27850,29046
 Total,1209,32355,33564
NotApp :,368,*,*
AREA # 070401,Tharyarwaddy,*,*
Urban/Rural,Canoe/Boat,*,*
*,Yes,No,Total
 Urban,4,8160,8164
 Rural,2578,25884,28462
 Total,2582,34044,36626
NotApp :,285,*,*
AREA # 070402,Letpadan,*,*
Urban/Rural,Canoe/Boat,*,*
*,Yes,No,Total
 Urban,22,5713,5735
 Rural,2762,34987,37749
 Total,2784,40700,43484
NotApp :,336,*,*
AREA # 070403,Minhla,*,*
Urban/Rural,Canoe/Boat,*,*
*,Yes,No,Total
 Urban,3,2699,2702
 Rural,1025,27167,28192
 Total,1028,29866,30894
NotApp :,231,*,*
AREA # 070404,Okpo,*,*
Urban/Rural,Canoe/Boat,*,*
*,Yes,No,Total
 Urban,1,2799,2800
 Rural,504,28590,29094
 Total,505,31389,31894
NotApp :,283,*,*
AREA # 070405,Zigon,*,*
Urban/Rural,Canoe/Boat,*,*
*,Yes,No,Total
 Urban,3,3964,3967
 Rural,67,14176,14243
 Total,70,18140,18210
NotApp :,160,*,*
AREA # 070406,Nattalin,*,*
Urban/Rural,Canoe/Boat,*,*
*,Yes,No,Total
 Urban,1,4641,4642
 Rural,982,40145,41127
 Total,983,44786,45769
NotApp :,317,*,*
AREA # 070407,Monyo,*,*
Urban/Rural,Canoe/Boat,*,*
*,Yes,No,Total
 Urban,3,2377,2380
 Rural,6148,24759,30907
 Total,6151,27136,33287
NotApp :,232,*,*
AREA # 070408,Gyobingauk,*,*
Urban/Rural,Canoe/Boat,*,*
*,Yes,No,Total
 Urban,-,5584,5584
 Rural,394,24608,25002
 Total,394,30192,30586
NotApp :,233,*,*
AREA # 080101,Magway,*,*
Urban/Rural,Canoe/Boat,*,*
*,Yes,No,Total
 Urban,9,19861,19870
 Rural,222,48585,48807
 Total,231,68446,68677
NotApp :,1053,*,*
AREA # 080102,Yenangyoung,*,*
Urban/Rural,Canoe/Boat,*,*
*,Yes,No,Total
 Urban,24,10652,10676
 Rural,501,21323,21824
 Total,525,31975,32500
NotApp :,490,*,*
AREA # 080103,Chauk,*,*
Urban/Rural,Canoe/Boat,*,*
*,Yes,No,Total
 Urban,23,10378,10401
 Rural,357,33860,34217
 Total,380,44238,44618
NotApp :,539,*,*
AREA # 080104,Taungdwingyi,*,*
Urban/Rural,Canoe/Boat,*,*
*,Yes,No,Total
 Urban,7,10048,10055
 Rural,23,50185,50208
 Total,30,60233,60263
NotApp :,426,*,*
AREA # 080105,Myothit,*,*
Urban/Rural,Canoe/Boat,*,*
*,Yes,No,Total
 Urban,-,1746,1746
 Rural,69,35133,35202
 Total,69,36879,36948
NotApp :,339,*,*
AREA # 080106,Natmauk,*,*
Urban/Rural,Canoe/Boat,*,*
*,Yes,No,Total
 Urban,1,3173,3174
 Rural,36,45216,45252
 Total,37,48389,48426
NotApp :,396,*,*
AREA # 080201,Minbu,*,*
Urban/Rural,Canoe/Boat,*,*
*,Yes,No,Total
 Urban,39,9151,9190
 Rural,234,34393,34627
 Total,273,43544,43817
NotApp :,551,*,*
AREA # 080202,Pwint Phyu,*,*
Urban/Rural,Canoe/Boat,*,*
*,Yes,No,Total
 Urban,6,1448,1454
 Rural,490,37820,38310
 Total,496,39268,39764
NotApp :,475,*,*
AREA # 080203,Ngape,*,*
Urban/Rural,Canoe/Boat,*,*
*,Yes,No,Total
 Urban,-,979,979
 Rural,12,11466,11478
 Total,12,12445,12457
NotApp :,159,*,*
AREA # 080204,Salin,*,*
Urban/Rural,Canoe/Boat,*,*
*,Yes,No,Total
 Urban,-,2786,2786
 Rural,1056,51763,52819
 Total,1056,54549,55605
NotApp :,631,*,*
AREA # 080205,Saytottara,*,*
Urban/Rural,Canoe/Boat,*,*
*,Yes,No,Total
 Urban,16,1509,1525
 Rural,334,8921,9255
 Total,350,10430,10780
NotApp :,279,*,*
AREA # 080301,Thayet,*,*
Urban/Rural,Canoe/Boat,*,*
*,Yes,No,Total
 Urban,6,4557,4563
 Rural,226,21183,21409
 Total,232,25740,25972
NotApp :,302,*,*
AREA # 080302,Minhla,*,*
Urban/Rural,Canoe/Boat,*,*
*,Yes,No,Total
 Urban,63,2918,2981
 Rural,41,28600,28641
 Total,104,31518,31622
NotApp :,346,*,*
AREA # 080303,Mindon,*,*
Urban/Rural,Canoe/Boat,*,*
*,Yes,No,Total
 Urban,3,1267,1270
 Rural,33,15506,15539
 Total,36,16773,16809
NotApp :,207,*,*
AREA # 080304,Kamma,*,*
Urban/Rural,Canoe/Boat,*,*
*,Yes,No,Total
 Urban,68,1226,1294
 Rural,226,17623,17849
 Total,294,18849,19143
NotApp :,208,*,*
AREA # 080305,Aunglan,*,*
Urban/Rural,Canoe/Boat,*,*
*,Yes,No,Total
 Urban,68,11557,11625
 Rural,219,45765,45984
 Total,287,57322,57609
NotApp :,479,*,*
AREA # 080306,Sinpaungwe`,*,*
Urban/Rural,Canoe/Boat,*,*
*,Yes,No,Total
 Urban,82,1199,1281
 Rural,129,27274,27403
 Total,211,28473,28684
NotApp :,290,*,*
AREA # 080401,Pakokku,*,*
Urban/Rural,Canoe/Boat,*,*
*,Yes,No,Total
 Urban,126,18943,19069
 Rural,2976,44295,47271
 Total,3102,63238,66340
NotApp :,723,*,*
AREA # 080402,Yesagyo,*,*
Urban/Rural,Canoe/Boat,*,*
*,Yes,No,Total
 Urban,97,4802,4899
 Rural,4249,38184,42433
 Total,4346,42986,47332
NotApp :,485,*,*
AREA # 080403,Myaing,*,*
Urban/Rural,Canoe/Boat,*,*
*,Yes,No,Total
 Urban,-,1801,1801
 Rural,18,51822,51840
 Total,18,53623,53641
NotApp :,502,*,*
AREA # 080404,Pauk,*,*
Urban/Rural,Canoe/Boat,*,*
*,Yes,No,Total
 Urban,1,1700,1701
 Rural,12,37252,37264
 Total,13,38952,38965
NotApp :,326,*,*
AREA # 080405,Seikphyu,*,*
Urban/Rural,Canoe/Boat,*,*
*,Yes,No,Total
 Urban,10,2119,2129
 Rural,86,21212,21298
 Total,96,23331,23427
NotApp :,208,*,*
AREA # 080501,Gangaw,*,*
Urban/Rural,Canoe/Boat,*,*
*,Yes,No,Total
 Urban,9,3249,3258
 Rural,93,26561,26654
 Total,102,29810,29912
NotApp :,303,*,*
AREA # 080502,Htilin,*,*
Urban/Rural,Canoe/Boat,*,*
*,Yes,No,Total
 Urban,-,1123,1123
 Rural,1,9408,9409
 Total,1,10531,10532
NotApp :,182,*,*
AREA # 080503,Saw,*,*
Urban/Rural,Canoe/Boat,*,*
*,Yes,No,Total
 Urban,2,1259,1261
 Rural,4,7060,7064
 Total,6,8319,8325
NotApp :,212,*,*
AREA # 080551,Kyaukhtu(ST),*,*
Urban/Rural,Canoe/Boat,*,*
*,Yes,No,Total
 Urban,-,1140,1140
 Rural,-,6469,6469
 Total,-,7609,7609
NotApp :,103,*,*
AREA # 090101,Aungmyetharzan,*,*
Urban/Rural,Canoe/Boat,*,*
*,Yes,No,Total
 Urban,32,49699,49731
 Total,32,49699,49731
NotApp :,971,*,*
AREA # 090102,Chanayeharzan,*,*
Urban/Rural,Canoe/Boat,*,*
*,Yes,No,Total
 Urban,13,33268,33281
 Total,13,33268,33281
NotApp :,1883,*,*
AREA # 090103,Mahaaungmye,*,*
Urban/Rural,Canoe/Boat,*,*
*,Yes,No,Total
 Urban,19,41908,41927
 Total,19,41908,41927
NotApp :,754,*,*
AREA # 090104,Chanmyatharzi,*,*
Urban/Rural,Canoe/Boat,*,*
*,Yes,No,Total
 Urban,60,52987,53047
 Total,60,52987,53047
NotApp :,901,*,*
AREA # 090105,Pyigyidagun,*,*
Urban/Rural,Canoe/Boat,*,*
*,Yes,No,Total
 Urban,21,43854,43875
 Total,21,43854,43875
NotApp :,1032,*,*
AREA # 090106,Amarapura,*,*
Urban/Rural,Canoe/Boat,*,*
*,Yes,No,Total
 Urban,83,16547,16630
 Rural,1872,31124,32996
 Total,1955,47671,49626
NotApp :,572,*,*
AREA # 090107,Patheingyi,*,*
Urban/Rural,Canoe/Boat,*,*
*,Yes,No,Total
 Urban,3,2699,2702
 Rural,2391,47897,50288
 Total,2394,50596,52990
NotApp :,902,*,*
AREA # 090201,Pyin Oo Lwin,*,*
Urban/Rural,Canoe/Boat,*,*
*,Yes,No,Total
 Urban,7,31934,31941
 Rural,16,21425,21441
 Total,23,53359,53382
NotApp :,962,*,*
AREA # 090202,Madaya,*,*
Urban/Rural,Canoe/Boat,*,*
*,Yes,No,Total
 Urban,8,5303,5311
 Rural,6494,46840,53334
 Total,6502,52143,58645
NotApp :,508,*,*
AREA # 090203,Sinku,*,*
Urban/Rural,Canoe/Boat,*,*
*,Yes,No,Total
 Urban,11,1721,1732
 Rural,3278,29523,32801
 Total,3289,31244,34533
NotApp :,281,*,*
AREA # 090204,Mogok,*,*
Urban/Rural,Canoe/Boat,*,*
*,Yes,No,Total
 Urban,3,16683,16686
 Rural,2,18559,18561
 Total,5,35242,35247
NotApp :,586,*,*
AREA # 090205,Thabeikkyin,*,*
Urban/Rural,Canoe/Boat,*,*
*,Yes,No,Total
 Urban,23,1165,1188
 Rural,203,24358,24561
 Total,226,25523,25749
NotApp :,297,*,*
AREA # 090251,Tagaung,*,*
Urban/Rural,Canoe/Boat,*,*
*,Yes,No,Total
 Urban,116,1677,1793
 Rural,561,5038,5599
 Total,677,6715,7392
NotApp :,96,*,*
AREA # 090301,Kyaukse,*,*
Urban/Rural,Canoe/Boat,*,*
*,Yes,No,Total
 Urban,5,8486,8491
 Rural,85,49189,49274
 Total,90,57675,57765
NotApp :,526,*,*
AREA # 090302,Singaing,*,*
Urban/Rural,Canoe/Boat,*,*
*,Yes,No,Total
 Urban,-,1780,1780
 Rural,464,31335,31799
 Total,464,33115,33579
NotApp :,464,*,*
AREA # 090303,Myitthar,*,*
Urban/Rural,Canoe/Boat,*,*
*,Yes,No,Total
 Urban,3,4343,4346
 Rural,66,41605,41671
 Total,69,45948,46017
NotApp :,399,*,*
AREA # 090304,Tada U,*,*
Urban/Rural,Canoe/Boat,*,*
*,Yes,No,Total
 Urban,4,2648,2652
 Rural,787,29188,29975
 Total,791,31836,32627
NotApp :,340,*,*
AREA # 090401,Myingyan,*,*
Urban/Rural,Canoe/Boat,*,*
*,Yes,No,Total
 Urban,26,18871,18897
 Rural,1888,41555,43443
 Total,1914,60426,62340
NotApp :,622,*,*
AREA # 090402,Taungtha,*,*
Urban/Rural,Canoe/Boat,*,*
*,Yes,No,Total
 Urban,-,3863,3863
 Rural,271,45718,45989
 Total,271,49581,49852
NotApp :,425,*,*
AREA # 090403,Natogyi,*,*
Urban/Rural,Canoe/Boat,*,*
*,Yes,No,Total
 Urban,-,2842,2842
 Rural,112,38011,38123
 Total,112,40853,40965
NotApp :,349,*,*
AREA # 090404,Kyaukpadaung,*,*
Urban/Rural,Canoe/Boat,*,*
*,Yes,No,Total
 Urban,-,9013,9013
 Rural,246,52702,52948
 Total,246,61715,61961
NotApp :,497,*,*
AREA # 090405,Ngazun,*,*
Urban/Rural,Canoe/Boat,*,*
*,Yes,No,Total
 Urban,60,1597,1657
 Rural,781,25400,26181
 Total,841,26997,27838
NotApp :,295,*,*
AREA # 090501,Nyaung U,*,*
Urban/Rural,Canoe/Boat,*,*
*,Yes,No,Total
 Urban,153,9362,9515
 Rural,473,34674,35147
 Total,626,44036,44662
NotApp :,603,*,*
AREA # 090551,Ngat,*,*
Urban/Rural,Canoe/Boat,*,*
*,Yes,No,Total
 Urban,-,1439,1439
 Rural,7,8365,8372
 Total,7,9804,9811
NotApp :,69,*,*
AREA # 090601,Yame`thin,*,*
Urban/Rural,Canoe/Boat,*,*
*,Yes,No,Total
 Urban,2,5325,5327
 Rural,86,51846,51932
 Total,88,57171,57259
NotApp :,559,*,*
AREA # 090602,Pyawbwe,*,*
Urban/Rural,Canoe/Boat,*,*
*,Yes,No,Total
 Urban,-,6874,6874
 Rural,170,51819,51989
 Total,170,58693,58863
NotApp :,497,*,*
AREA # 090701,Meiktila,*,*
Urban/Rural,Canoe/Boat,*,*
*,Yes,No,Total
 Urban,18,23945,23963
 Rural,356,44120,44476
 Total,374,68065,68439
NotApp :,998,*,*
AREA # 090702,MahlYaing,*,*
Urban/Rural,Canoe/Boat,*,*
*,Yes,No,Total
 Urban,1,3110,3111
 Rural,181,30035,30216
 Total,182,33145,33327
NotApp :,382,*,*
AREA # 090703,Thazi,*,*
Urban/Rural,Canoe/Boat,*,*
*,Yes,No,Total
 Urban,-,4720,4720
 Rural,322,39850,40172
 Total,322,44570,44892
NotApp :,484,*,*
AREA # 090704,Wundwin,*,*
Urban/Rural,Canoe/Boat,*,*
*,Yes,No,Total
 Urban,1,7299,7300
 Rural,61,46208,46269
 Total,62,53507,53569
NotApp :,474,*,*
AREA # 100101,Mawlamyine,*,*
Urban/Rural,Canoe/Boat,*,*
*,Yes,No,Total
 Urban,290,49444,49734
 Rural,234,7489,7723
 Total,524,56933,57457
NotApp :,954,*,*
AREA # 100102,Kyaikemaraw,*,*
Urban/Rural,Canoe/Boat,*,*
*,Yes,No,Total
 Urban,25,2151,2176
 Rural,2087,34625,36712
 Total,2112,36776,38888
NotApp :,478,*,*
AREA # 100103,Chaungzon,*,*
Urban/Rural,Canoe/Boat,*,*
*,Yes,No,Total
 Urban,9,1735,1744
 Rural,427,25773,26200
 Total,436,27508,27944
NotApp :,292,*,*
AREA # 100104,Thanbyuzayat,*,*
Urban/Rural,Canoe/Boat,*,*
*,Yes,No,Total
 Urban,90,11625,11715
 Rural,145,24374,24519
 Total,235,35999,36234
NotApp :,470,*,*
AREA # 100105,Mudon,*,*
Urban/Rural,Canoe/Boat,*,*
*,Yes,No,Total
 Urban,33,10759,10792
 Rural,249,28271,28520
 Total,282,39030,39312
NotApp :,541,*,*
AREA # 100106,Ye,*,*
Urban/Rural,Canoe/Boat,*,*
*,Yes,No,Total
 Urban,31,6082,6113
 Rural,167,23711,23878
 Total,198,29793,29991
NotApp :,508,*,*
AREA # 100151,Lamine,*,*
Urban/Rural,Canoe/Boat,*,*
*,Yes,No,Total
 Urban,15,2952,2967
 Rural,83,15589,15672
 Total,98,18541,18639
NotApp :,149,*,*
AREA # 100152,Khawzar,*,*
Urban/Rural,Canoe/Boat,*,*
*,Yes,No,Total
 Urban,2,776,778
 Rural,18,4022,4040
 Total,20,4798,4818
NotApp :,70,*,*
AREA # 100201,Thaton,*,*
Urban/Rural,Canoe/Boat,*,*
*,Yes,No,Total
 Urban,23,10683,10706
 Rural,915,36663,37578
 Total,938,47346,48284
NotApp :,603,*,*
AREA # 100202,Paung,*,*
Urban/Rural,Canoe/Boat,*,*
*,Yes,No,Total
 Urban,29,5873,5902
 Rural,554,37270,37824
 Total,583,43143,43726
NotApp :,460,*,*
AREA # 100203,Kyaikto,*,*
Urban/Rural,Canoe/Boat,*,*
*,Yes,No,Total
 Urban,36,7480,7516
 Rural,125,30447,30572
 Total,161,37927,38088
NotApp :,848,*,*
AREA # 100204,Bilin,*,*
Urban/Rural,Canoe/Boat,*,*
*,Yes,No,Total
 Urban,71,3973,4044
 Rural,179,35008,35187
 Total,250,38981,39231
NotApp :,544,*,*
AREA # 110101,Sittway,*,*
Urban/Rural,Canoe/Boat,*,*
*,Yes,No,Total
 Urban,142,18763,18905
 Rural,363,9767,10130
 Total,505,28530,29035
NotApp :,378,*,*
AREA # 110102,Ponnagyun,*,*
Urban/Rural,Canoe/Boat,*,*
*,Yes,No,Total
 Urban,24,2442,2466
 Rural,1280,21589,22869
 Total,1304,24031,25335
NotApp :,246,*,*
AREA # 110103,Pauktaw,*,*
Urban/Rural,Canoe/Boat,*,*
*,Yes,No,Total
 Urban,84,2386,2470
 Rural,1565,26509,28074
 Total,1649,28895,30544
NotApp :,349,*,*
AREA # 110104,Yethedaung,*,*
Urban/Rural,Canoe/Boat,*,*
*,Yes,No,Total
 Urban,20,1490,1510
 Rural,1133,21698,22831
 Total,1153,23188,24341
NotApp :,255,*,*
AREA # 110201,Myauk U,*,*
Urban/Rural,Canoe/Boat,*,*
*,Yes,No,Total
 Urban,143,7131,7274
 Rural,2059,32192,34251
 Total,2202,39323,41525
NotApp :,517,*,*
AREA # 110202,Kyauktaw,*,*
Urban/Rural,Canoe/Boat,*,*
*,Yes,No,Total
 Urban,16,3823,3839
 Rural,672,31984,32656
 Total,688,35807,36495
NotApp :,327,*,*
AREA # 110203,Minbya,*,*
Urban/Rural,Canoe/Boat,*,*
*,Yes,No,Total
 Urban,37,4578,4615
 Rural,1266,30747,32013
 Total,1303,35325,36628
NotApp :,359,*,*
AREA # 110204,Myebon,*,*
Urban/Rural,Canoe/Boat,*,*
*,Yes,No,Total
 Urban,74,2544,2618
 Rural,2267,26454,28721
 Total,2341,28998,31339
NotApp :,244,*,*
AREA # 110301,Maungtaw,*,*
Urban/Rural,Canoe/Boat,*,*
*,Yes,No,Total
 Urban,6,2308,2314
 Rural,34,5042,5076
 Total,40,7350,7390
NotApp :,142,*,*
AREA # 110302,Buthidaung,*,*
Urban/Rural,Canoe/Boat,*,*
*,Yes,No,Total
 Urban,3,2059,2062
 Rural,102,9100,9202
 Total,105,11159,11264
NotApp :,178,*,*
AREA # 110351,Taungpyoletwe(ST),*,*
Urban/Rural,Canoe/Boat,*,*
*,Yes,No,Total
 Urban,-,158,158
 Rural,4,344,348
 Total,4,502,506
NotApp :,17,*,*
AREA # 110401,Kyaukpyu,*,*
Urban/Rural,Canoe/Boat,*,*
*,Yes,No,Total
 Urban,41,4213,4254
 Rural,1300,31710,33010
 Total,1341,35923,37264
NotApp :,491,*,*
AREA # 110402,Mannaung,*,*
Urban/Rural,Canoe/Boat,*,*
*,Yes,No,Total
 Urban,1,1305,1306
 Rural,48,13381,13429
 Total,49,14686,14735
NotApp :,186,*,*
AREA # 110403,Yanbye,*,*
Urban/Rural,Canoe/Boat,*,*
*,Yes,No,Total
 Urban,95,2153,2248
 Rural,553,19617,20170
 Total,648,21770,22418
NotApp :,325,*,*
AREA # 110404,An,*,*
Urban/Rural,Canoe/Boat,*,*
*,Yes,No,Total
 Urban,5,1873,1878
 Rural,827,24654,25481
 Total,832,26527,27359
NotApp :,324,*,*
AREA # 110501,Thandwe,*,*
Urban/Rural,Canoe/Boat,*,*
*,Yes,No,Total
 Urban,6,3344,3350
 Rural,675,27050,27725
 Total,681,30394,31075
NotApp :,580,*,*
AREA # 110502,Toungup,*,*
Urban/Rural,Canoe/Boat,*,*
*,Yes,No,Total
 Urban,36,6142,6178
 Rural,1102,17959,19061
 Total,1138,24101,25239
NotApp :,343,*,*
AREA # 110503,Gwa,*,*
Urban/Rural,Canoe/Boat,*,*
*,Yes,No,Total
 Urban,164,2324,2488
 Rural,306,8451,8757
 Total,470,10775,11245
NotApp :,115,*,*
AREA # 110551,Maei(ST),*,*
Urban/Rural,Canoe/Boat,*,*
*,Yes,No,Total
 Urban,44,1171,1215
 Rural,489,8249,8738
 Total,533,9420,9953
NotApp :,96,*,*
AREA # 110552,Kyeintali(ST),*,*
Urban/Rural,Canoe/Boat,*,*
*,Yes,No,Total
 Urban,99,1376,1475
 Rural,95,4511,4606
 Total,194,5887,6081
NotApp :,76,*,*
AREA # 120101,Insein,*,*
Urban/Rural,Canoe/Boat,*,*
*,Yes,No,Total
 Urban,57,61619,61676
 Total,57,61619,61676
NotApp :,993,*,*
AREA # 120102,Mingaladon,*,*
Urban/Rural,Canoe/Boat,*,*
*,Yes,No,Total
 Urban,103,41538,41641
 Rural,71,24591,24662
 Total,174,66129,66303
NotApp :,1749,*,*
AREA # 120103,Hmawby,*,*
Urban/Rural,Canoe/Boat,*,*
*,Yes,No,Total
 Urban,8,5934,5942
 Rural,791,49736,50527
 Total,799,55670,56469
NotApp :,902,*,*
AREA # 120104,Hlegu,*,*
Urban/Rural,Canoe/Boat,*,*
*,Yes,No,Total
 Urban,14,8735,8749
 Rural,804,48470,49274
 Total,818,57205,58023
NotApp :,1175,*,*
AREA # 120105,Taikkyi,*,*
Urban/Rural,Canoe/Boat,*,*
*,Yes,No,Total
 Urban,143,20216,20359
 Rural,2921,43719,46640
 Total,3064,63935,66999
NotApp :,614,*,*
AREA # 120106,Htantabin,*,*
Urban/Rural,Canoe/Boat,*,*
*,Yes,No,Total
 Urban,45,2011,2056
 Rural,3994,28161,32155
 Total,4039,30172,34211
NotApp :,229,*,*
AREA # 120107,Shwepyitha,*,*
Urban/Rural,Canoe/Boat,*,*
*,Yes,No,Total
 Urban,143,58368,58511
 Rural,2,15262,15264
 Total,145,73630,73775
NotApp :,834,*,*
AREA # 120108,Hlinethaya,*,*
Urban/Rural,Canoe/Boat,*,*
*,Yes,No,Total
 Urban,56,103751,103807
 Rural,101,44803,44904
 Total,157,148554,148711
NotApp :,1246,*,*
AREA # 120201,Thingangyun,*,*
Urban/Rural,Canoe/Boat,*,*
*,Yes,No,Total
 Urban,16,43304,43320
 Total,16,43304,43320
NotApp :,265,*,*
AREA # 120202,Yankin,*,*
Urban/Rural,Canoe/Boat,*,*
*,Yes,No,Total
 Urban,1,14636,14637
 Total,1,14636,14637
NotApp :,149,*,*
AREA # 120203,South Okkalapa,*,*
Urban/Rural,Canoe/Boat,*,*
*,Yes,No,Total
 Urban,17,32708,32725
 Total,17,32708,32725
NotApp :,418,*,*
AREA # 120204,North Okkalapa,*,*
Urban/Rural,Canoe/Boat,*,*
*,Yes,No,Total
 Urban,20,64736,64756
 Total,20,64736,64756
NotApp :,946,*,*
AREA # 120205,Thakayta,*,*
Urban/Rural,Canoe/Boat,*,*
*,Yes,No,Total
 Urban,31,45425,45456
 Total,31,45425,45456
NotApp :,451,*,*
AREA # 120206,Dawbon,*,*
Urban/Rural,Canoe/Boat,*,*
*,Yes,No,Total
 Urban,92,14317,14409
 Total,92,14317,14409
NotApp :,154,*,*
AREA # 120207,Tamway,*,*
Urban/Rural,Canoe/Boat,*,*
*,Yes,No,Total
 Urban,23,35337,35360
 Total,23,35337,35360
NotApp :,633,*,*
AREA # 120208,Pazuntaung,*,*
Urban/Rural,Canoe/Boat,*,*
*,Yes,No,Total
 Urban,6,10300,10306
 Total,6,10300,10306
NotApp :,215,*,*
AREA # 120209,Botahtaung,*,*
Urban/Rural,Canoe/Boat,*,*
*,Yes,No,Total
 Urban,11,8386,8397
 Total,11,8386,8397
NotApp :,295,*,*
AREA # 120210,Dagon Myothit(South),*,*
Urban/Rural,Canoe/Boat,*,*
*,Yes,No,Total
 Urban,241,76743,76984
 Total,241,76743,76984
NotApp :,751,*,*
AREA # 120211,Dagon Myothit(North),*,*
Urban/Rural,Canoe/Boat,*,*
*,Yes,No,Total
 Urban,28,42676,42704
 Total,28,42676,42704
NotApp :,126,*,*
AREA # 120212,Dagon Myothit(East),*,*
Urban/Rural,Canoe/Boat,*,*
*,Yes,No,Total
 Urban,23,31872,31895
 Rural,72,1946,2018
 Total,95,33818,33913
NotApp :,814,*,*
AREA # 120213,Dagon Myothit(Seik),*,*
Urban/Rural,Canoe/Boat,*,*
*,Yes,No,Total
 Urban,120,34052,34172
 Rural,29,3704,3733
 Total,149,37756,37905
NotApp :,383,*,*
AREA # 120214,Mingala Taungnyunt,*,*
Urban/Rural,Canoe/Boat,*,*
*,Yes,No,Total
 Urban,19,25899,25918
 Total,19,25899,25918
NotApp :,325,*,*
AREA # 120301,Thanlyin,*,*
Urban/Rural,Canoe/Boat,*,*
*,Yes,No,Total
 Urban,13,18696,18709
 Rural,441,42447,42888
 Total,454,61143,61597
NotApp :,594,*,*
AREA # 120302,Kyauktan,*,*
Urban/Rural,Canoe/Boat,*,*
*,Yes,No,Total
 Urban,45,9819,9864
 Rural,546,22566,23112
 Total,591,32385,32976
NotApp :,324,*,*
AREA # 120303,Thongwa,*,*
Urban/Rural,Canoe/Boat,*,*
*,Yes,No,Total
 Urban,31,6725,6756
 Rural,689,32642,33331
 Total,720,39367,40087
NotApp :,287,*,*
AREA # 120304,Khayan,*,*
Urban/Rural,Canoe/Boat,*,*
*,Yes,No,Total
 Urban,25,7853,7878
 Rural,609,30827,31436
 Total,634,38680,39314
NotApp :,203,*,*
AREA # 120305,Twantay,*,*
Urban/Rural,Canoe/Boat,*,*
*,Yes,No,Total
 Urban,144,9053,9197
 Rural,2850,39555,42405
 Total,2994,48608,51602
NotApp :,365,*,*
AREA # 120306,Kawhmu,*,*
Urban/Rural,Canoe/Boat,*,*
*,Yes,No,Total
 Urban,65,2166,2231
 Rural,1391,26170,27561
 Total,1456,28336,29792
NotApp :,220,*,*
AREA # 120307,Kungyangon,*,*
Urban/Rural,Canoe/Boat,*,*
*,Yes,No,Total
 Urban,102,3856,3958
 Rural,805,23589,24394
 Total,907,27445,28352
NotApp :,207,*,*
AREA # 120308,Dala,*,*
Urban/Rural,Canoe/Boat,*,*
*,Yes,No,Total
 Urban,263,25068,25331
 Rural,186,12395,12581
 Total,449,37463,37912
NotApp :,211,*,*
AREA # 120309,Seikkyi/Khanaungto,*,*
Urban/Rural,Canoe/Boat,*,*
*,Yes,No,Total
 Urban,223,7506,7729
 Total,223,7506,7729
NotApp :,39,*,*
AREA # 120310,Cocogyun,*,*
Urban/Rural,Canoe/Boat,*,*
*,Yes,No,Total
 Urban,-,351,351
 Total,-,351,351
NotApp :,8,*,*
AREA # 120351,Tada(ST),*,*
Urban/Rural,Canoe/Boat,*,*
*,Yes,No,Total
 Urban,46,2444,2490
 Rural,249,6754,7003
 Total,295,9198,9493
NotApp :,57,*,*
AREA # 120401,Kyauktada,*,*
Urban/Rural,Canoe/Boat,*,*
*,Yes,No,Total
 Urban,5,6115,6120
 Total,5,6115,6120
NotApp :,412,*,*
AREA # 120402,Pabedan,*,*
Urban/Rural,Canoe/Boat,*,*
*,Yes,No,Total
 Urban,3,6560,6563
 Total,3,6560,6563
NotApp :,145,*,*
AREA # 120403,Lanmadaw,*,*
Urban/Rural,Canoe/Boat,*,*
*,Yes,No,Total
 Urban,3,8596,8599
 Total,3,8596,8599
NotApp :,607,*,*
AREA # 120404,Latha,*,*
Urban/Rural,Canoe/Boat,*,*
*,Yes,No,Total
 Urban,2,4471,4473
 Total,2,4471,4473
NotApp :,510,*,*
AREA # 120405,Ahlon,*,*
Urban/Rural,Canoe/Boat,*,*
*,Yes,No,Total
 Urban,8,10935,10943
 Total,8,10935,10943
NotApp :,503,*,*
AREA # 120406,Kyimyindine,*,*
Urban/Rural,Canoe/Boat,*,*
*,Yes,No,Total
 Urban,602,22460,23062
 Total,602,22460,23062
NotApp :,182,*,*
AREA # 120407,Sangyoung,*,*
Urban/Rural,Canoe/Boat,*,*
*,Yes,No,Total
 Urban,9,20626,20635
 Total,9,20626,20635
NotApp :,1228,*,*
AREA # 120408,Hline,*,*
Urban/Rural,Canoe/Boat,*,*
*,Yes,No,Total
 Urban,78,32759,32837
 Total,78,32759,32837
NotApp :,851,*,*
AREA # 120409,Kamayut,*,*
Urban/Rural,Canoe/Boat,*,*
*,Yes,No,Total
 Urban,7,16292,16299
 Total,7,16292,16299
NotApp :,1002,*,*
AREA # 120410,Mayangon,*,*
Urban/Rural,Canoe/Boat,*,*
*,Yes,No,Total
 Urban,15,38792,38807
 Total,15,38792,38807
NotApp :,891,*,*
AREA # 120411,Dagon,*,*
Urban/Rural,Canoe/Boat,*,*
*,Yes,No,Total
 Urban,3,4605,4608
 Total,3,4605,4608
NotApp :,176,*,*
AREA # 120412,Bahan,*,*
Urban/Rural,Canoe/Boat,*,*
*,Yes,No,Total
 Urban,4,17422,17426
 Total,4,17422,17426
NotApp :,1076,*,*
AREA # 120413,Seikkan,*,*
Urban/Rural,Canoe/Boat,*,*
*,Yes,No,Total
 Urban,-,410,410
 Total,-,410,410
NotApp :,67,*,*
AREA # 130101,Taunggyi,*,*
Urban/Rural,Canoe/Boat,*,*
*,Yes,No,Total
 Urban,17,56631,56648
 Rural,39,25917,25956
 Total,56,82548,82604
NotApp :,922,*,*
AREA # 130102,Nyaungshwe,*,*
Urban/Rural,Canoe/Boat,*,*
*,Yes,No,Total
 Urban,17,3042,3059
 Rural,15482,24093,39575
 Total,15499,27135,42634
NotApp :,550,*,*
AREA # 130103,Hopon,*,*
Urban/Rural,Canoe/Boat,*,*
*,Yes,No,Total
 Urban,1,4535,4536
 Rural,119,20073,20192
 Total,120,24608,24728
NotApp :,246,*,*
AREA # 130104,Hsihseng,*,*
Urban/Rural,Canoe/Boat,*,*
*,Yes,No,Total
 Urban,-,2649,2649
 Rural,414,29708,30122
 Total,414,32357,32771
NotApp :,323,*,*
AREA # 130105,Kalaw,*,*
Urban/Rural,Canoe/Boat,*,*
*,Yes,No,Total
 Urban,5,12593,12598
 Rural,11,28732,28743
 Total,16,41325,41341
NotApp :,409,*,*
AREA # 130106,Pindaya,*,*
Urban/Rural,Canoe/Boat,*,*
*,Yes,No,Total
 Urban,-,2259,2259
 Rural,3,15282,15285
 Total,3,17541,17544
NotApp :,214,*,*
AREA # 130107,Ywarngan,*,*
Urban/Rural,Canoe/Boat,*,*
*,Yes,No,Total
 Urban,-,1155,1155
 Rural,4,17189,17193
 Total,4,18344,18348
NotApp :,248,*,*
AREA # 130108,Yatsauk,*,*
Urban/Rural,Canoe/Boat,*,*
*,Yes,No,Total
 Urban,1,5676,5677
 Rural,1,20279,20280
 Total,2,25955,25957
NotApp :,294,*,*
AREA # 130109,Pinlaung,*,*
Urban/Rural,Canoe/Boat,*,*
*,Yes,No,Total
 Urban,-,2770,2770
 Rural,205,22529,22734
 Total,205,25299,25504
NotApp :,214,*,*
AREA # 130110,Phekon,*,*
Urban/Rural,Canoe/Boat,*,*
*,Yes,No,Total
 Urban,179,3252,3431
 Rural,429,16224,16653
 Total,608,19476,20084
NotApp :,187,*,*
AREA # 130151,Kyauktalongyi(ST),*,*
Urban/Rural,Canoe/Boat,*,*
*,Yes,No,Total
 Urban,-,602,602
 Rural,278,11385,11663
 Total,278,11987,12265
NotApp :,78,*,*
AREA # 130152,Indaw(ST),*,*
Urban/Rural,Canoe/Boat,*,*
*,Yes,No,Total
 Urban,2,1834,1836
 Rural,23,6291,6314
 Total,25,8125,8150
NotApp :,120,*,*
AREA # 130153,Naungtayar(ST),*,*
Urban/Rural,Canoe/Boat,*,*
*,Yes,No,Total
 Urban,-,979,979
 Rural,5,15595,15600
 Total,5,16574,16579
NotApp :,149,*,*
AREA # 130201,Loilem,*,*
Urban/Rural,Canoe/Boat,*,*
*,Yes,No,Total
 Urban,-,2853,2853
 Rural,1,8047,8048
 Total,1,10900,10901
NotApp :,112,*,*
AREA # 130202,Le`char,*,*
Urban/Rural,Canoe/Boat,*,*
*,Yes,No,Total
 Urban,-,1330,1330
 Rural,23,7437,7460
 Total,23,8767,8790
NotApp :,101,*,*
AREA # 130203,Nanhsam(South),*,*
Urban/Rural,Canoe/Boat,*,*
*,Yes,No,Total
 Urban,2,4839,4841
 Rural,22,14000,14022
 Total,24,18839,18863
NotApp :,264,*,*
AREA # 130204,Kunhing,*,*
Urban/Rural,Canoe/Boat,*,*
*,Yes,No,Total
 Urban,48,1494,1542
 Rural,108,2920,3028
 Total,156,4414,4570
NotApp :,122,*,*
AREA # 130205,Kehsi,*,*
Urban/Rural,Canoe/Boat,*,*
*,Yes,No,Total
 Urban,1,841,842
 Rural,2,8057,8059
 Total,3,8898,8901
NotApp :,109,*,*
AREA # 130206,Mongkai,*,*
Urban/Rural,Canoe/Boat,*,*
*,Yes,No,Total
 Urban,2,2217,2219
 Rural,4,14109,14113
 Total,6,16326,16332
NotApp :,213,*,*
AREA # 130207,Mineshu,*,*
Urban/Rural,Canoe/Boat,*,*
*,Yes,No,Total
 Urban,1,2082,2083
 Rural,13,7105,7118
 Total,14,9187,9201
NotApp :,161,*,*
AREA # 130251,Panglong(ST),*,*
Urban/Rural,Canoe/Boat,*,*
*,Yes,No,Total
 Urban,1,5223,5224
 Rural,-,9292,9292
 Total,1,14515,14516
NotApp :,104,*,*
AREA # 130252,Kholan(ST),*,*
Urban/Rural,Canoe/Boat,*,*
*,Yes,No,Total
 Urban,6,1742,1748
 Rural,2,2614,2616
 Total,8,4356,4364
NotApp :,145,*,*
AREA # 130253,Karli(ST),*,*
Urban/Rural,Canoe/Boat,*,*
*,Yes,No,Total
 Urban,-,1665,1665
 Rural,3,4899,4902
 Total,3,6564,6567
NotApp :,80,*,*
AREA # 130254,Minenaung(ST),*,*
Urban/Rural,Canoe/Boat,*,*
*,Yes,No,Total
 Urban,2,750,752
 Rural,3,5056,5059
 Total,5,5806,5811
NotApp :,69,*,*
AREA # 130255,Minesan(Monsan)(ST),*,*
Urban/Rural,Canoe/Boat,*,*
*,Yes,No,Total
 Urban,-,507,507
 Rural,3,6156,6159
 Total,3,6663,6666
NotApp :,259,*,*
AREA # 130301,Linkhe`,*,*
Urban/Rural,Canoe/Boat,*,*
*,Yes,No,Total
 Urban,75,1643,1718
 Rural,499,6171,6670
 Total,574,7814,8388
NotApp :,100,*,*
AREA # 130302,Mone`,*,*
Urban/Rural,Canoe/Boat,*,*
*,Yes,No,Total
 Urban,6,2097,2103
 Rural,1,4120,4121
 Total,7,6217,6224
NotApp :,66,*,*
AREA # 130303,Maukme`,*,*
Urban/Rural,Canoe/Boat,*,*
*,Yes,No,Total
 Urban,1,1191,1192
 Rural,-,6002,6002
 Total,1,7193,7194
NotApp :,191,*,*
AREA # 130304,Minepan,*,*
Urban/Rural,Canoe/Boat,*,*
*,Yes,No,Total
 Urban,-,1959,1959
 Rural,9,3453,3462
 Total,9,5412,5421
NotApp :,165,*,*
AREA # 130351,Homane(ST),*,*
Urban/Rural,Canoe/Boat,*,*
*,Yes,No,Total
 Urban,-,674,674
 Rural,-,486,486
 Total,-,1160,1160
NotApp :,17,*,*
AREA # 130352,Kengtaung(ST),*,*
Urban/Rural,Canoe/Boat,*,*
*,Yes,No,Total
 Urban,1,2096,2097
 Rural,-,164,164
 Total,1,2260,2261
NotApp :,46,*,*
AREA # 130401,Lashio,*,*
Urban/Rural,Canoe/Boat,*,*
*,Yes,No,Total
 Urban,6,34093,34099
 Rural,17,30816,30833
 Total,23,64909,64932
NotApp :,881,*,*
AREA # 130402,Theinni,*,*
Urban/Rural,Canoe/Boat,*,*
*,Yes,No,Total
 Urban,1,1922,1923
 Rural,4,9852,9856
 Total,5,11774,11779
NotApp :,116,*,*
AREA # 130403,Mineye`,*,*
Urban/Rural,Canoe/Boat,*,*
*,Yes,No,Total
 Urban,1,1469,1470
 Rural,36,11822,11858
 Total,37,13291,13328
NotApp :,139,*,*
AREA # 130404,Tantyan,*,*
Urban/Rural,Canoe/Boat,*,*
*,Yes,No,Total
 Urban,17,6791,6808
 Rural,6,28328,28334
 Total,23,35119,35142
NotApp :,291,*,*
AREA # 130501,MuSe,*,*
Urban/Rural,Canoe/Boat,*,*
*,Yes,No,Total
 Urban,10,13324,13334
 Rural,18,8862,8880
 Total,28,22186,22214
NotApp :,873,*,*
AREA # 130502,Namkham,*,*
Urban/Rural,Canoe/Boat,*,*
*,Yes,No,Total
 Urban,5,6127,6132
 Rural,15,15270,15285
 Total,20,21397,21417
NotApp :,200,*,*
AREA # 130503,Kukai,*,*
Urban/Rural,Canoe/Boat,*,*
*,Yes,No,Total
 Urban,1,4682,4683
 Rural,5,14343,14348
 Total,6,19025,19031
NotApp :,175,*,*
AREA # 130551,Monekoe(ST),*,*
Urban/Rural,Canoe/Boat,*,*
*,Yes,No,Total
 Urban,-,1469,1469
 Rural,-,2889,2889
 Total,-,4358,4358
NotApp :,29,*,*
AREA # 130552,Manhero(ST),*,*
Urban/Rural,Canoe/Boat,*,*
*,Yes,No,Total
 Urban,-,346,346
 Rural,16,1281,1297
 Total,16,1627,1643
NotApp :,30,*,*
AREA # 130553,Pansai(KyuKute)(ST),*,*
Urban/Rural,Canoe/Boat,*,*
*,Yes,No,Total
 Urban,1,1767,1768
 Rural,-,2775,2775
 Total,1,4542,4543
NotApp :,51,*,*
AREA # 130554,Tamoenye(ST),*,*
Urban/Rural,Canoe/Boat,*,*
*,Yes,No,Total
 Urban,-,2487,2487
 Rural,6,10556,10562
 Total,6,13043,13049
NotApp :,45,*,*
AREA # 130601,Kyukme,*,*
Urban/Rural,Canoe/Boat,*,*
*,Yes,No,Total
 Urban,-,8653,8653
 Rural,11,19707,19718
 Total,11,28360,28371
NotApp :,367,*,*
AREA # 130602,Naungkhio,*,*
Urban/Rural,Canoe/Boat,*,*
*,Yes,No,Total
 Urban,-,4171,4171
 Rural,50,28003,28053
 Total,50,32174,32224
NotApp :,365,*,*
AREA # 130603,Hsipaw,*,*
Urban/Rural,Canoe/Boat,*,*
*,Yes,No,Total
 Urban,6,4003,4009
 Rural,199,33698,33897
 Total,205,37701,37906
NotApp :,454,*,*
AREA # 130604,Namtu,*,*
Urban/Rural,Canoe/Boat,*,*
*,Yes,No,Total
 Urban,1,3256,3257
 Rural,12,8372,8384
 Total,13,11628,11641
NotApp :,153,*,*
AREA # 130605,Namsan(North),*,*
Urban/Rural,Canoe/Boat,*,*
*,Yes,No,Total
 Urban,-,935,935
 Rural,4,12746,12750
 Total,4,13681,13685
NotApp :,265,*,*
AREA # 130606,Momeik,*,*
Urban/Rural,Canoe/Boat,*,*
*,Yes,No,Total
 Urban,3,2230,2233
 Rural,27,11392,11419
 Total,30,13622,13652
NotApp :,177,*,*
AREA # 130607,Mabane,*,*
Urban/Rural,Canoe/Boat,*,*
*,Yes,No,Total
 Urban,48,666,714
 Rural,243,7675,7918
 Total,291,8341,8632
NotApp :,266,*,*
AREA # 130608,Manton,*,*
Urban/Rural,Canoe/Boat,*,*
*,Yes,No,Total
 Urban,-,779,779
 Rural,2,6902,6904
 Total,2,7681,7683
NotApp :,136,*,*
AREA # 130651,Minengaw(ST),*,*
Urban/Rural,Canoe/Boat,*,*
*,Yes,No,Total
 Urban,-,613,613
 Rural,1,3415,3416
 Total,1,4028,4029
NotApp :,98,*,*
AREA # 130652,Minelon(ST),*,*
Urban/Rural,Canoe/Boat,*,*
*,Yes,No,Total
 Urban,1,585,586
 Rural,1,5269,5270
 Total,2,5854,5856
NotApp :,201,*,*
AREA # 130701,Kunlon,*,*
Urban/Rural,Canoe/Boat,*,*
*,Yes,No,Total
 Urban,9,1149,1158
 Rural,25,9209,9234
 Total,34,10358,10392
NotApp :,158,*,*
AREA # 130801,Laukine,*,*
Urban/Rural,Canoe/Boat,*,*
*,Yes,No,Total
 Urban,-,2941,2941
 Rural,6,11284,11290
 Total,6,14225,14231
NotApp :,557,*,*
AREA # 130802,Kongyan,*,*
Urban/Rural,Canoe/Boat,*,*
*,Yes,No,Total
 Urban,-,194,194
 Rural,-,5268,5268
 Total,-,5462,5462
NotApp :,14,*,*
AREA # 130851,Chinshwehaw(ST),*,*
Urban/Rural,Canoe/Boat,*,*
*,Yes,No,Total
 Urban,-,619,619
 Rural,-,331,331
 Total,-,950,950
NotApp :,28,*,*
AREA # 130852,Mawhtike(ST),*,*
Urban/Rural,Canoe/Boat,*,*
*,Yes,No,Total
 Urban,-,85,85
 Rural,-,4118,4118
 Total,-,4203,4203
NotApp :,14,*,*
AREA # 130901,Hopan,*,*
Urban/Rural,Canoe/Boat,*,*
*,Yes,No,Total
 Urban,4,3374,3378
 Rural,19,6634,6653
 Total,23,10008,10031
NotApp :,72,*,*
AREA # 130902,Minemaw,*,*
Urban/Rural,Canoe/Boat,*,*
*,Yes,No,Total
 Urban,7,846,853
 Rural,7,9585,9592
 Total,14,10431,10445
NotApp :,71,*,*
AREA # 130903,Panwine,*,*
Urban/Rural,Canoe/Boat,*,*
*,Yes,No,Total
 Urban,2,467,469
 Rural,19,13481,13500
 Total,21,13948,13969
NotApp :,8,*,*
AREA # 130952,Panlon(ST),*,*
Urban/Rural,Canoe/Boat,*,*
*,Yes,No,Total
 Urban,-,661,661
 Rural,-,524,524
 Total,-,1185,1185
NotApp :,26,*,*
AREA # 131001,Makman,*,*
Urban/Rural,Canoe/Boat,*,*
*,Yes,No,Total
 Urban,-,67,67
 Rural,1,3250,3251
 Total,1,3317,3318
NotApp :,55,*,*
AREA # 131002,Pan San(Pan Kham),*,*
Urban/Rural,Canoe/Boat,*,*
*,Yes,No,Total
 Urban,-,2022,2022
 Rural,14,14106,14120
 Total,14,16128,16142
NotApp :,744,*,*
AREA # 131003,Naphang,*,*
Urban/Rural,Canoe/Boat,*,*
*,Yes,No,Total
 Urban,-,155,155
 Rural,17,16302,16319
 Total,17,16457,16474
NotApp :,40,*,*
AREA # 131051,ManKan(ST),*,*
Urban/Rural,Canoe/Boat,*,*
*,Yes,No,Total
 Urban,-,81,81
 Rural,-,234,234
 Total,-,315,315
NotApp :,19,*,*
AREA # 131101,Kengtung,*,*
Urban/Rural,Canoe/Boat,*,*
*,Yes,No,Total
 Urban,22,9080,9102
 Rural,16,24978,24994
 Total,38,34058,34096
NotApp :,512,*,*
AREA # 131102,Minekat,*,*
Urban/Rural,Canoe/Boat,*,*
*,Yes,No,Total
 Urban,-,558,558
 Rural,8,7459,7467
 Total,8,8017,8025
NotApp :,133,*,*
AREA # 131103,Mineyan,*,*
Urban/Rural,Canoe/Boat,*,*
*,Yes,No,Total
 Urban,-,989,989
 Rural,5,9125,9130
 Total,5,10114,10119
NotApp :,153,*,*
AREA # 131104,Minelar,*,*
Urban/Rural,Canoe/Boat,*,*
*,Yes,No,Total
 Urban,4,1556,1560
 Rural,-,3648,3648
 Total,4,5204,5208
NotApp :,231,*,*
AREA # 131151,Mine Pauk(ST),*,*
Urban/Rural,Canoe/Boat,*,*
*,Yes,No,Total
 Rural,11,9274,9285
 Total,11,9274,9285
NotApp :,65,*,*
AREA # 131201,Minesat,*,*
Urban/Rural,Canoe/Boat,*,*
*,Yes,No,Total
 Urban,1,1560,1561
 Rural,11,14337,14348
 Total,12,15897,15909
NotApp :,313,*,*
AREA # 131202,Minepyin,*,*
Urban/Rural,Canoe/Boat,*,*
*,Yes,No,Total
 Urban,-,1333,1333
 Rural,29,9243,9272
 Total,29,10576,10605
NotApp :,144,*,*
AREA # 131203,Minetung,*,*
Urban/Rural,Canoe/Boat,*,*
*,Yes,No,Total
 Urban,-,1119,1119
 Rural,14,3125,3139
 Total,14,4244,4258
NotApp :,57,*,*
AREA # 131251,Minekoke(ST),*,*
Urban/Rural,Canoe/Boat,*,*
*,Yes,No,Total
 Urban,-,284,284
 Rural,-,2918,2918
 Total,-,3202,3202
NotApp :,77,*,*
AREA # 131252,Tontar(ST),*,*
Urban/Rural,Canoe/Boat,*,*
*,Yes,No,Total
 Urban,-,427,427
 Rural,-,2267,2267
 Total,-,2694,2694
NotApp :,33,*,*
AREA # 131253,Ponparkyin(ST),*,*
Urban/Rural,Canoe/Boat,*,*
*,Yes,No,Total
 Urban,-,721,721
 Rural,2,6611,6613
 Total,2,7332,7334
NotApp :,83,*,*
AREA # 131254,Monehta(ST),*,*
Urban/Rural,Canoe/Boat,*,*
*,Yes,No,Total
 Urban,-,91,91
 Rural,-,838,838
 Total,-,929,929
NotApp :,3,*,*
AREA # 131301,Tachileik,*,*
Urban/Rural,Canoe/Boat,*,*
*,Yes,No,Total
 Urban,2,11092,11094
 Rural,13,20072,20085
 Total,15,31164,31179
NotApp :,515,*,*
AREA # 131351,Talay(ST),*,*
Urban/Rural,Canoe/Boat,*,*
*,Yes,No,Total
 Urban,1,872,873
 Rural,4,3141,3145
 Total,5,4013,4018
NotApp :,85,*,*
AREA # 131352,Kenglat(ST),*,*
Urban/Rural,Canoe/Boat,*,*
*,Yes,No,Total
 Urban,4,758,762
 Rural,-,1714,1714
 Total,4,2472,2476
NotApp :,39,*,*
AREA # 131401,Minephyat,*,*
Urban/Rural,Canoe/Boat,*,*
*,Yes,No,Total
 Urban,1,1322,1323
 Rural,-,4842,4842
 Total,1,6164,6165
NotApp :,161,*,*
AREA # 131402,Mineyaung,*,*
Urban/Rural,Canoe/Boat,*,*
*,Yes,No,Total
 Urban,-,1190,1190
 Rural,10,5129,5139
 Total,10,6319,6329
NotApp :,131,*,*
AREA # 131451,Mineyu(ST),*,*
Urban/Rural,Canoe/Boat,*,*
*,Yes,No,Total
 Urban,-,231,231
 Rural,22,10614,10636
 Total,22,10845,10867
NotApp :,165,*,*
AREA # 140101,Kangyidaunt,*,*
Urban/Rural,Canoe/Boat,*,*
*,Yes,No,Total
 Urban,156,2518,2674
 Rural,6190,34102,40292
 Total,6346,36620,42966
NotApp :,345,*,*
AREA # 140102,Kyaungon,*,*
Urban/Rural,Canoe/Boat,*,*
*,Yes,No,Total
 Urban,109,3841,3950
 Rural,3118,34334,37452
 Total,3227,38175,41402
NotApp :,278,*,*
AREA # 140103,Kyonpyaw,*,*
Urban/Rural,Canoe/Boat,*,*
*,Yes,No,Total
 Urban,64,5935,5999
 Rural,2164,51325,53489
 Total,2228,57260,59488
NotApp :,394,*,*
AREA # 140104,Ngaputaw,*,*
Urban/Rural,Canoe/Boat,*,*
*,Yes,No,Total
 Urban,153,2388,2541
 Rural,5673,29162,34835
 Total,5826,31550,37376
NotApp :,231,*,*
AREA # 140105,Pathein,*,*
Urban/Rural,Canoe/Boat,*,*
*,Yes,No,Total
 Urban,493,36948,37441
 Rural,3414,25181,28595
 Total,3907,62129,66036
NotApp :,851,*,*
AREA # 140106,Yekyi,*,*
Urban/Rural,Canoe/Boat,*,*
*,Yes,No,Total
 Urban,1,2765,2766
 Rural,2640,22396,25036
 Total,2641,25161,27802
NotApp :,199,*,*
AREA # 140107,Thapaung,*,*
Urban/Rural,Canoe/Boat,*,*
*,Yes,No,Total
 Urban,145,1595,1740
 Rural,13797,21700,35497
 Total,13942,23295,37237
NotApp :,376,*,*
AREA # 140151,Ngayokaung(ST),*,*
Urban/Rural,Canoe/Boat,*,*
*,Yes,No,Total
 Urban,94,739,833
 Rural,220,9148,9368
 Total,314,9887,10201
NotApp :,68,*,*
AREA # 140152,Hainggyikyun(ST),*,*
Urban/Rural,Canoe/Boat,*,*
*,Yes,No,Total
 Urban,131,3418,3549
 Rural,2077,23449,25526
 Total,2208,26867,29075
NotApp :,204,*,*
AREA # 140153,Shwethaungyan(ST),*,*
Urban/Rural,Canoe/Boat,*,*
*,Yes,No,Total
 Urban,148,671,819
 Rural,507,8855,9362
 Total,655,9526,10181
NotApp :,202,*,*
AREA # 140154,Ngwehsaung(ST),*,*
Urban/Rural,Canoe/Boat,*,*
*,Yes,No,Total
 Urban,23,2652,2675
 Rural,183,6612,6795
 Total,206,9264,9470
NotApp :,180,*,*
AREA # 140155,Ngathaingchaung(ST),*,*
Urban/Rural,Canoe/Boat,*,*
*,Yes,No,Total
 Urban,127,4470,4597
 Rural,3362,14954,18316
 Total,3489,19424,22913
NotApp :,199,*,*
AREA # 140201,Kyaiklatt,*,*
Urban/Rural,Canoe/Boat,*,*
*,Yes,No,Total
 Urban,70,5347,5417
 Rural,12254,26077,38331
 Total,12324,31424,43748
NotApp :,526,*,*
AREA # 140202,Daydaye,*,*
Urban/Rural,Canoe/Boat,*,*
*,Yes,No,Total
 Urban,43,3523,3566
 Rural,7403,37641,45044
 Total,7446,41164,48610
NotApp :,479,*,*
AREA # 140203,Phyapon,*,*
Urban/Rural,Canoe/Boat,*,*
*,Yes,No,Total
 Urban,143,9911,10054
 Rural,6074,25502,31576
 Total,6217,35413,41630
NotApp :,366,*,*
AREA # 140204,Bogale,*,*
Urban/Rural,Canoe/Boat,*,*
*,Yes,No,Total
 Urban,145,9970,10115
 Rural,15062,50810,65872
 Total,15207,60780,75987
NotApp :,607,*,*
AREA # 140251,Ahmar(ST),*,*
Urban/Rural,Canoe/Boat,*,*
*,Yes,No,Total
 Urban,33,744,777
 Rural,4002,23007,27009
 Total,4035,23751,27786
NotApp :,383,*,*
AREA # 140301,Nyaungdon,*,*
Urban/Rural,Canoe/Boat,*,*
*,Yes,No,Total
 Urban,60,5840,5900
 Rural,8666,36635,45301
 Total,8726,42475,51201
NotApp :,457,*,*
AREA # 140302,Danubyu,*,*
Urban/Rural,Canoe/Boat,*,*
*,Yes,No,Total
 Urban,23,5157,5180
 Rural,5483,34134,39617
 Total,5506,39291,44797
NotApp :,310,*,*
AREA # 140303,Pantanaw,*,*
Urban/Rural,Canoe/Boat,*,*
*,Yes,No,Total
 Urban,197,4095,4292
 Rural,14426,41559,55985
 Total,14623,45654,60277
NotApp :,434,*,*
AREA # 140304,Maubin,*,*
Urban/Rural,Canoe/Boat,*,*
*,Yes,No,Total
 Urban,97,9040,9137
 Rural,14772,47895,62667
 Total,14869,56935,71804
NotApp :,629,*,*
AREA # 140401,Myaungmya,*,*
Urban/Rural,Canoe/Boat,*,*
*,Yes,No,Total
 Urban,137,12376,12513
 Rural,8458,45201,53659
 Total,8595,57577,66172
NotApp :,571,*,*
AREA # 140402,Wakema,*,*
Urban/Rural,Canoe/Boat,*,*
*,Yes,No,Total
 Urban,93,5212,5305
 Rural,13317,48826,62143
 Total,13410,54038,67448
NotApp :,575,*,*
AREA # 140403,Einme,*,*
Urban/Rural,Canoe/Boat,*,*
*,Yes,No,Total
 Urban,85,2961,3046
 Rural,7020,36389,43409
 Total,7105,39350,46455
NotApp :,362,*,*
AREA # 140501,Mawlamyinegyun,*,*
Urban/Rural,Canoe/Boat,*,*
*,Yes,No,Total
 Urban,130,7453,7583
 Rural,17149,50154,67303
 Total,17279,57607,74886
NotApp :,436,*,*
AREA # 140502,Labutta,*,*
Urban/Rural,Canoe/Boat,*,*
*,Yes,No,Total
 Urban,221,6982,7203
 Rural,10293,37650,47943
 Total,10514,44632,55146
NotApp :,425,*,*
AREA # 140551,Pyinsalu(ST),*,*
Urban/Rural,Canoe/Boat,*,*
*,Yes,No,Total
 Urban,96,405,501
 Rural,5517,14419,19936
 Total,5613,14824,20437
NotApp :,161,*,*
AREA # 140601,Kyangin,*,*
Urban/Rural,Canoe/Boat,*,*
*,Yes,No,Total
 Urban,95,5211,5306
 Rural,395,21156,21551
 Total,490,26367,26857
NotApp :,241,*,*
AREA # 140602,Zalun,*,*
Urban/Rural,Canoe/Boat,*,*
*,Yes,No,Total
 Urban,37,5220,5257
 Rural,3916,32900,36816
 Total,3953,38120,42073
NotApp :,220,*,*
AREA # 140603,Myanaung,*,*
Urban/Rural,Canoe/Boat,*,*
*,Yes,No,Total
 Urban,158,5891,6049
 Rural,1238,52633,53871
 Total,1396,58524,59920
NotApp :,437,*,*
AREA # 140604,Laymyethna,*,*
Urban/Rural,Canoe/Boat,*,*
*,Yes,No,Total
 Urban,4,766,770
 Rural,2424,23050,25474
 Total,2428,23816,26244
NotApp :,310,*,*
AREA # 140605,Hinthada,*,*
Urban/Rural,Canoe/Boat,*,*
*,Yes,No,Total
 Urban,263,19566,19829
 Rural,3887,62413,66300
 Total,4150,81979,86129
NotApp :,639,*,*
AREA # 140606,Ingapu,*,*
Urban/Rural,Canoe/Boat,*,*
*,Yes,No,Total
 Urban,-,3578,3578
 Rural,2771,50880,53651
 Total,2771,54458,57229
NotApp :,515,*,*
AREA # 150101,Tatkon,*,*
Urban/Rural,Canoe/Boat,*,*
*,Yes,No,Total
 Urban,3,9143,9146
 Rural,175,42426,42601
 Total,178,51569,51747
NotApp :,415,*,*
AREA # 150102,Zeyarthiri,*,*
Urban/Rural,Canoe/Boat,*,*
*,Yes,No,Total
 Urban,-,8246,8246
 Rural,37,17792,17829
 Total,37,26038,26075
NotApp :,326,*,*
AREA # 150103,Ottarathiri,*,*
Urban/Rural,Canoe/Boat,*,*
*,Yes,No,Total
 Urban,2,4893,4895
 Rural,168,13598,13766
 Total,170,18491,18661
NotApp :,325,*,*
AREA # 150104,Pobbathiri,*,*
Urban/Rural,Canoe/Boat,*,*
*,Yes,No,Total
 Urban,3,10245,10248
 Rural,3,17365,17368
 Total,6,27610,27616
NotApp :,382,*,*
AREA # 150201,Pyinmana,*,*
Urban/Rural,Canoe/Boat,*,*
*,Yes,No,Total
 Urban,8,14448,14456
 Rural,71,25136,25207
 Total,79,39584,39663
NotApp :,695,*,*
AREA # 150202,Lewe,*,*
Urban/Rural,Canoe/Boat,*,*
*,Yes,No,Total
 Urban,3,6120,6123
 Rural,224,58827,59051
 Total,227,64947,65174
NotApp :,584,*,*
AREA # 150203,Zabuthiri,*,*
Urban/Rural,Canoe/Boat,*,*
*,Yes,No,Total
 Urban,6,24716,24722
 Rural,1,1597,1598
 Total,7,26313,26320
NotApp :,869,*,*
AREA # 150204,Dekkhinathiri,*,*
Urban/Rural,Canoe/Boat,*,*
*,Yes,No,Total
 Urban,-,908,908
 Rural,4,6085,6089
 Total,4,6993,6997
NotApp :,205,*,*
SUMMARY,*,*,*
Urban/Rural,Canoe/Boat,*,*
*,Yes,No,Total
 Urban,18260,3031172,3049432
 Rural,402346,7426053,7828399
 Total,420606,10457225,10877831
NotApp :,137753,*,*
