Urban_Rural,Car_Truck_Van_Yes,Car_Truck_Van_No,Car_Truck_Van_Total
AREA # 010101,Myitkyina,*,*
Urban/Rural,Car/Truck/Van,*,*
*,Yes,No,Total
 Urban,3008,36660,39668
 Rural,158,10757,10915
 Total,3166,47417,50583
NotApp :,1258,*,*
AREA # 010102,Waingmaw,*,*
Urban/Rural,Car/Truck/Van,*,*
*,Yes,No,Total
 Urban,191,3629,3820
 Rural,213,15747,15960
 Total,404,19376,19780
NotApp :,241,*,*
AREA # 010103,Ingyanyan,*,*
Urban/Rural,Car/Truck/Van,*,*
*,Yes,No,Total
 Urban,-,78,78
 Rural,1,206,207
 Total,1,284,285
NotApp :,35,*,*
AREA # 010104,Tanaing,*,*
Urban/Rural,Car/Truck/Van,*,*
*,Yes,No,Total
 Urban,103,3591,3694
 Rural,19,2685,2704
 Total,122,6276,6398
NotApp :,303,*,*
AREA # 010105,Chiphwe,*,*
Urban/Rural,Car/Truck/Van,*,*
*,Yes,No,Total
 Urban,5,324,329
 Rural,41,1561,1602
 Total,46,1885,1931
NotApp :,11,*,*
AREA # 010106,Hsotlaw,*,*
Urban/Rural,Car/Truck/Van,*,*
*,Yes,No,Total
 Urban,-,66,66
 Rural,5,1002,1007
 Total,5,1068,1073
NotApp :,4,*,*
AREA # 010151,Hsinbo(ST),*,*
Urban/Rural,Car/Truck/Van,*,*
*,Yes,No,Total
 Urban,8,696,704
 Rural,6,1298,1304
 Total,14,1994,2008
NotApp :,80,*,*
AREA # 010152,Hsadone(ST),*,*
Urban/Rural,Car/Truck/Van,*,*
*,Yes,No,Total
 Urban,21,489,510
 Rural,17,1083,1100
 Total,38,1572,1610
NotApp :,9,*,*
AREA # 010153,Kanpaikti(ST),*,*
Urban/Rural,Car/Truck/Van,*,*
*,Yes,No,Total
 Urban,36,138,174
 Rural,67,1229,1296
 Total,103,1367,1470
NotApp :,20,*,*
AREA # 010154,Shinbwayyan(ST),*,*
Urban/Rural,Car/Truck/Van,*,*
*,Yes,No,Total
 Urban,21,1004,1025
 Rural,4,1101,1105
 Total,25,2105,2130
NotApp :,15,*,*
AREA # 010155,Panwa(ST),*,*
Urban/Rural,Car/Truck/Van,*,*
*,Yes,No,Total
 Urban,47,149,196
 Rural,132,1047,1179
 Total,179,1196,1375
NotApp :,41,*,*
AREA # 010201,Mohnyin,*,*
Urban/Rural,Car/Truck/Van,*,*
*,Yes,No,Total
 Urban,278,6075,6353
 Rural,415,23422,23837
 Total,693,29497,30190
NotApp :,542,*,*
AREA # 010202,Mogaung,*,*
Urban/Rural,Car/Truck/Van,*,*
*,Yes,No,Total
 Urban,286,4162,4448
 Rural,332,20118,20450
 Total,618,24280,24898
NotApp :,208,*,*
AREA # 010203,Phakant,*,*
Urban/Rural,Car/Truck/Van,*,*
*,Yes,No,Total
 Urban,491,6365,6856
 Rural,1907,24371,26278
 Total,2398,30736,33134
NotApp :,1665,*,*
AREA # 010251,Hopin(ST),*,*
Urban/Rural,Car/Truck/Van,*,*
*,Yes,No,Total
 Urban,202,4339,4541
 Rural,89,4802,4891
 Total,291,9141,9432
NotApp :,114,*,*
AREA # 010252,Kamine(ST),*,*
Urban/Rural,Car/Truck/Van,*,*
*,Yes,No,Total
 Urban,31,999,1030
 Rural,21,2447,2468
 Total,52,3446,3498
NotApp :,131,*,*
AREA # 010301,Bhamo,*,*
Urban/Rural,Car/Truck/Van,*,*
*,Yes,No,Total
 Urban,582,8933,9515
 Rural,470,14176,14646
 Total,1052,23109,24161
NotApp :,571,*,*
AREA # 010302,Shwegu,*,*
Urban/Rural,Car/Truck/Van,*,*
*,Yes,No,Total
 Urban,139,3263,3402
 Rural,293,12133,12426
 Total,432,15396,15828
NotApp :,336,*,*
AREA # 010303,Momauk,*,*
Urban/Rural,Car/Truck/Van,*,*
*,Yes,No,Total
 Urban,36,2054,2090
 Rural,276,6268,6544
 Total,312,8322,8634
NotApp :,144,*,*
AREA # 010304,Mansi,*,*
Urban/Rural,Car/Truck/Van,*,*
*,Yes,No,Total
 Urban,84,1534,1618
 Rural,560,8376,8936
 Total,644,9910,10554
NotApp :,82,*,*
AREA # 010351,Myohla(ST),*,*
Urban/Rural,Car/Truck/Van,*,*
*,Yes,No,Total
 Urban,10,351,361
 Rural,15,417,432
 Total,25,768,793
NotApp :,11,*,*
AREA # 010352,Lwe`ge`(ST),*,*
Urban/Rural,Car/Truck/Van,*,*
*,Yes,No,Total
 Urban,110,1115,1225
 Rural,6,272,278
 Total,116,1387,1503
NotApp :,24,*,*
AREA # 010353,Dotphoneyan(ST),*,*
Urban/Rural,Car/Truck/Van,*,*
*,Yes,No,Total
 Urban,6,305,311
 Rural,74,1848,1922
 Total,80,2153,2233
NotApp :,65,*,*
AREA # 010401,Putao,*,*
Urban/Rural,Car/Truck/Van,*,*
*,Yes,No,Total
 Urban,60,2751,2811
 Rural,10,7922,7932
 Total,70,10673,10743
NotApp :,94,*,*
AREA # 010402,Sumprabum,*,*
Urban/Rural,Car/Truck/Van,*,*
*,Yes,No,Total
 Urban,3,169,172
 Rural,-,307,307
 Total,3,476,479
NotApp :,18,*,*
AREA # 010403,Machanbaw,*,*
Urban/Rural,Car/Truck/Van,*,*
*,Yes,No,Total
 Urban,6,402,408
 Rural,1,1310,1311
 Total,7,1712,1719
NotApp :,31,*,*
AREA # 010404,Khaunglanphoo,*,*
Urban/Rural,Car/Truck/Van,*,*
*,Yes,No,Total
 Urban,-,70,70
 Rural,12,1629,1641
 Total,12,1699,1711
NotApp :,2,*,*
AREA # 010405,Naungmoon,*,*
Urban/Rural,Car/Truck/Van,*,*
*,Yes,No,Total
 Urban,1,359,360
 Rural,2,581,583
 Total,3,940,943
NotApp :,4,*,*
AREA # 010451,Pannandin(ST),*,*
Urban/Rural,Car/Truck/Van,*,*
*,Yes,No,Total
 Urban,-,24,24
 Rural,-,245,245
 Total,-,269,269
NotApp :,1,*,*
AREA # 020101,Loikaw,*,*
Urban/Rural,Car/Truck/Van,*,*
*,Yes,No,Total
 Urban,937,9485,10422
 Rural,438,15635,16073
 Total,1375,25120,26495
NotApp :,304,*,*
AREA # 020102,Dimawso,*,*
Urban/Rural,Car/Truck/Van,*,*
*,Yes,No,Total
 Urban,48,1089,1137
 Rural,263,13947,14210
 Total,311,15036,15347
NotApp :,105,*,*
AREA # 020103,Phruso,*,*
Urban/Rural,Car/Truck/Van,*,*
*,Yes,No,Total
 Urban,14,839,853
 Rural,9,5048,5057
 Total,23,5887,5910
NotApp :,78,*,*
AREA # 020104,Shardaw,*,*
Urban/Rural,Car/Truck/Van,*,*
*,Yes,No,Total
 Urban,7,329,336
 Rural,7,1063,1070
 Total,14,1392,1406
NotApp :,28,*,*
AREA # 020201,Bawlakhe,*,*
Urban/Rural,Car/Truck/Van,*,*
*,Yes,No,Total
 Urban,27,812,839
 Rural,7,743,750
 Total,34,1555,1589
NotApp :,81,*,*
AREA # 020202,Parsaung,*,*
Urban/Rural,Car/Truck/Van,*,*
*,Yes,No,Total
 Urban,28,566,594
 Rural,87,4052,4139
 Total,115,4618,4733
NotApp :,302,*,*
AREA # 020203,Meisi,*,*
Urban/Rural,Car/Truck/Van,*,*
*,Yes,No,Total
 Urban,7,188,195
 Rural,18,1089,1107
 Total,25,1277,1302
NotApp :,55,*,*
AREA # 020251,Ywathit(ST),*,*
Urban/Rural,Car/Truck/Van,*,*
*,Yes,No,Total
 Urban,9,283,292
 Rural,-,200,200
 Total,9,483,492
NotApp :,30,*,*
AREA # 030101,Hpa-an,*,*
Urban/Rural,Car/Truck/Van,*,*
*,Yes,No,Total
 Urban,1662,13106,14768
 Rural,2619,71810,74429
 Total,4281,84916,89197
NotApp :,1176,*,*
AREA # 030102,Hlaingbwe,*,*
Urban/Rural,Car/Truck/Van,*,*
*,Yes,No,Total
 Urban,166,2113,2279
 Rural,906,28401,29307
 Total,1072,30514,31586
NotApp :,379,*,*
AREA # 030103,Thandaunggyi,*,*
Urban/Rural,Car/Truck/Van,*,*
*,Yes,No,Total
 Urban,82,2980,3062
 Rural,16,2731,2747
 Total,98,5711,5809
NotApp :,36,*,*
AREA # 030151,Paingkyon(ST),*,*
Urban/Rural,Car/Truck/Van,*,*
*,Yes,No,Total
 Urban,47,760,807
 Rural,348,16623,16971
 Total,395,17383,17778
NotApp :,210,*,*
AREA # 030152,Shan Ywathit(ST),*,*
Urban/Rural,Car/Truck/Van,*,*
*,Yes,No,Total
 Urban,4,79,83
 Rural,82,3591,3673
 Total,86,3670,3756
NotApp :,29,*,*
AREA # 030153,Leiktho(ST),*,*
Urban/Rural,Car/Truck/Van,*,*
*,Yes,No,Total
 Urban,20,587,607
 Rural,73,9246,9319
 Total,93,9833,9926
NotApp :,73,*,*
AREA # 030154,Bawgali(ST),*,*
Urban/Rural,Car/Truck/Van,*,*
*,Yes,No,Total
 Urban,11,425,436
 Rural,14,2955,2969
 Total,25,3380,3405
NotApp :,7,*,*
AREA # 030201,Pharpon,*,*
Urban/Rural,Car/Truck/Van,*,*
*,Yes,No,Total
 Urban,46,587,633
 Rural,21,1890,1911
 Total,67,2477,2544
NotApp :,108,*,*
AREA # 030251,Kamamaung(ST},*,*
Urban/Rural,Car/Truck/Van,*,*
*,Yes,No,Total
 Urban,99,2650,2749
 Rural,21,1188,1209
 Total,120,3838,3958
NotApp :,52,*,*
AREA # 030301,Myawady,*,*
Urban/Rural,Car/Truck/Van,*,*
*,Yes,No,Total
 Urban,2320,21696,24016
 Rural,992,16250,17242
 Total,3312,37946,41258
NotApp :,937,*,*
AREA # 030351,Sugali(ST),*,*
Urban/Rural,Car/Truck/Van,*,*
*,Yes,No,Total
 Urban,3,72,75
 Rural,26,960,986
 Total,29,1032,1061
NotApp :,24,*,*
AREA # 030352,Wawlaymyaing(ST),*,*
Urban/Rural,Car/Truck/Van,*,*
*,Yes,No,Total
 Urban,21,556,577
 Rural,17,1103,1120
 Total,38,1659,1697
NotApp :,44,*,*
AREA # 030401,Kawkareik,*,*
Urban/Rural,Car/Truck/Van,*,*
*,Yes,No,Total
 Urban,437,8045,8482
 Rural,801,36215,37016
 Total,1238,44260,45498
NotApp :,393,*,*
AREA # 030402,Kyarinseikkyi,*,*
Urban/Rural,Car/Truck/Van,*,*
*,Yes,No,Total
 Urban,82,1735,1817
 Rural,471,19752,20223
 Total,553,21487,22040
NotApp :,270,*,*
AREA # 030451,Payarthonezu(ST),*,*
Urban/Rural,Car/Truck/Van,*,*
*,Yes,No,Total
 Urban,678,5418,6096
 Rural,230,11469,11699
 Total,908,16887,17795
NotApp :,271,*,*
AREA # 030452,Kyaidon(ST),*,*
Urban/Rural,Car/Truck/Van,*,*
*,Yes,No,Total
 Urban,52,628,680
 Rural,84,9969,10053
 Total,136,10597,10733
NotApp :,114,*,*
AREA # 040101,HaKa,*,*
Urban/Rural,Car/Truck/Van,*,*
*,Yes,No,Total
 Urban,145,5076,5221
 Rural,3,4693,4696
 Total,148,9769,9917
NotApp :,107,*,*
AREA # 040102,Thantlang,*,*
Urban/Rural,Car/Truck/Van,*,*
*,Yes,No,Total
 Urban,38,1469,1507
 Rural,44,8231,8275
 Total,82,9700,9782
NotApp :,38,*,*
AREA # 040201,Falam,*,*
Urban/Rural,Car/Truck/Van,*,*
*,Yes,No,Total
 Urban,35,1967,2002
 Rural,17,6409,6426
 Total,52,8376,8428
NotApp :,60,*,*
AREA # 040202,Tedim,*,*
Urban/Rural,Car/Truck/Van,*,*
*,Yes,No,Total
 Urban,54,2196,2250
 Rural,168,12265,12433
 Total,222,14461,14683
NotApp :,65,*,*
AREA # 040203,Tonzaung,*,*
Urban/Rural,Car/Truck/Van,*,*
*,Yes,No,Total
 Urban,20,620,640
 Rural,2,2769,2771
 Total,22,3389,3411
NotApp :,37,*,*
AREA # 040251,Rihkhuadal(ST),*,*
Urban/Rural,Car/Truck/Van,*,*
*,Yes,No,Total
 Urban,21,649,670
 Rural,3,525,528
 Total,24,1174,1198
NotApp :,12,*,*
AREA # 040252,Cikha(ST),*,*
Urban/Rural,Car/Truck/Van,*,*
*,Yes,No,Total
 Urban,5,210,215
 Rural,3,1312,1315
 Total,8,1522,1530
NotApp :,6,*,*
AREA # 040301,Mindat,*,*
Urban/Rural,Car/Truck/Van,*,*
*,Yes,No,Total
 Urban,70,2273,2343
 Rural,6,6173,6179
 Total,76,8446,8522
NotApp :,95,*,*
AREA # 040302,Matupi,*,*
Urban/Rural,Car/Truck/Van,*,*
*,Yes,No,Total
 Urban,25,1645,1670
 Rural,9,5957,5966
 Total,34,7602,7636
NotApp :,43,*,*
AREA # 040303,Kanpalet,*,*
Urban/Rural,Car/Truck/Van,*,*
*,Yes,No,Total
 Urban,24,783,807
 Rural,9,3161,3170
 Total,33,3944,3977
NotApp :,66,*,*
AREA # 040304,Paletwat,*,*
Urban/Rural,Car/Truck/Van,*,*
*,Yes,No,Total
 Urban,1,1349,1350
 Rural,10,11933,11943
 Total,11,13282,13293
NotApp :,86,*,*
AREA # 040351,Reazu(ST),*,*
Urban/Rural,Car/Truck/Van,*,*
*,Yes,No,Total
 Urban,6,456,462
 Rural,11,2048,2059
 Total,17,2504,2521
NotApp :,14,*,*
AREA # 040352,Sami(ST),*,*
Urban/Rural,Car/Truck/Van,*,*
*,Yes,No,Total
 Urban,-,633,633
 Rural,4,5586,5590
 Total,4,6219,6223
NotApp :,100,*,*
AREA # 050101,Sagaing,*,*
Urban/Rural,Car/Truck/Van,*,*
*,Yes,No,Total
 Urban,1130,15366,16496
 Rural,801,47846,48647
 Total,1931,63212,65143
NotApp :,1842,*,*
AREA # 050102,Myinmu,*,*
Urban/Rural,Car/Truck/Van,*,*
*,Yes,No,Total
 Urban,216,3415,3631
 Rural,155,21518,21673
 Total,371,24933,25304
NotApp :,264,*,*
AREA # 050103,Myaung,*,*
Urban/Rural,Car/Truck/Van,*,*
*,Yes,No,Total
 Urban,72,1881,1953
 Rural,106,22203,22309
 Total,178,24084,24262
NotApp :,350,*,*
AREA # 050201,Shwebo,*,*
Urban/Rural,Car/Truck/Van,*,*
*,Yes,No,Total
 Urban,856,12675,13531
 Rural,343,36373,36716
 Total,1199,49048,50247
NotApp :,467,*,*
AREA # 050202,Khin U,*,*
Urban/Rural,Car/Truck/Van,*,*
*,Yes,No,Total
 Urban,88,2203,2291
 Rural,194,30139,30333
 Total,282,32342,32624
NotApp :,271,*,*
AREA # 050203,Wetlet,*,*
Urban/Rural,Car/Truck/Van,*,*
*,Yes,No,Total
 Urban,90,2216,2306
 Rural,346,44060,44406
 Total,436,46276,46712
NotApp :,437,*,*
AREA # 050204,Kambalu,*,*
Urban/Rural,Car/Truck/Van,*,*
*,Yes,No,Total
 Urban,99,5084,5183
 Rural,471,55672,56143
 Total,570,60756,61326
NotApp :,537,*,*
AREA # 050205,Kyunhlau,*,*
Urban/Rural,Car/Truck/Van,*,*
*,Yes,No,Total
 Urban,135,2364,2499
 Rural,139,18225,18364
 Total,274,20589,20863
NotApp :,224,*,*
AREA # 050206,Ye U,*,*
Urban/Rural,Car/Truck/Van,*,*
*,Yes,No,Total
 Urban,252,3713,3965
 Rural,109,22299,22408
 Total,361,26012,26373
NotApp :,308,*,*
AREA # 050207,Depayin,*,*
Urban/Rural,Car/Truck/Van,*,*
*,Yes,No,Total
 Urban,30,925,955
 Rural,247,29143,29390
 Total,277,30068,30345
NotApp :,367,*,*
AREA # 050208,Tasei,*,*
Urban/Rural,Car/Truck/Van,*,*
*,Yes,No,Total
 Urban,252,2720,2972
 Rural,217,32748,32965
 Total,469,35468,35937
NotApp :,328,*,*
AREA # 050251,Kyaukmyaung(ST),*,*
Urban/Rural,Car/Truck/Van,*,*
*,Yes,No,Total
 Urban,59,2247,2306
 Rural,43,4701,4744
 Total,102,6948,7050
NotApp :,65,*,*
AREA # 050301,Monywa,*,*
Urban/Rural,Car/Truck/Van,*,*
*,Yes,No,Total
 Urban,3566,36840,40406
 Rural,474,35082,35556
 Total,4040,71922,75962
NotApp :,1167,*,*
AREA # 050302,Butalin,*,*
Urban/Rural,Car/Truck/Van,*,*
*,Yes,No,Total
 Urban,55,1138,1193
 Rural,184,27239,27423
 Total,239,28377,28616
NotApp :,389,*,*
AREA # 050303,Ayartaw,*,*
Urban/Rural,Car/Truck/Van,*,*
*,Yes,No,Total
 Urban,81,2074,2155
 Rural,255,33181,33436
 Total,336,35255,35591
NotApp :,378,*,*
AREA # 050304,Chaung Oo,*,*
Urban/Rural,Car/Truck/Van,*,*
*,Yes,No,Total
 Urban,186,4895,5081
 Rural,213,18082,18295
 Total,399,22977,23376
NotApp :,254,*,*
AREA # 050401,Katha,*,*
Urban/Rural,Car/Truck/Van,*,*
*,Yes,No,Total
 Urban,199,5064,5263
 Rural,324,26374,26698
 Total,523,31438,31961
NotApp :,447,*,*
AREA # 050402,Indaw,*,*
Urban/Rural,Car/Truck/Van,*,*
*,Yes,No,Total
 Urban,75,1767,1842
 Rural,167,21221,21388
 Total,242,22988,23230
NotApp :,320,*,*
AREA # 050403,Tigyaing,*,*
Urban/Rural,Car/Truck/Van,*,*
*,Yes,No,Total
 Urban,68,3002,3070
 Rural,493,22826,23319
 Total,561,25828,26389
NotApp :,279,*,*
AREA # 050404,Banmauk,*,*
Urban/Rural,Car/Truck/Van,*,*
*,Yes,No,Total
 Urban,72,1140,1212
 Rural,218,17438,17656
 Total,290,18578,18868
NotApp :,678,*,*
AREA # 050405,Kawlin,*,*
Urban/Rural,Car/Truck/Van,*,*
*,Yes,No,Total
 Urban,187,4382,4569
 Rural,485,26349,26834
 Total,672,30731,31403
NotApp :,408,*,*
AREA # 050406,Wuntho,*,*
Urban/Rural,Car/Truck/Van,*,*
*,Yes,No,Total
 Urban,62,2528,2590
 Rural,91,11524,11615
 Total,153,14052,14205
NotApp :,321,*,*
AREA # 050407,Pinlebu,*,*
Urban/Rural,Car/Truck/Van,*,*
*,Yes,No,Total
 Urban,57,1412,1469
 Rural,198,20233,20431
 Total,255,21645,21900
NotApp :,382,*,*
AREA # 050501,Kalay,*,*
Urban/Rural,Car/Truck/Van,*,*
*,Yes,No,Total
 Urban,1107,24614,25721
 Rural,457,46591,47048
 Total,1564,71205,72769
NotApp :,551,*,*
AREA # 050502,Kalewa,*,*
Urban/Rural,Car/Truck/Van,*,*
*,Yes,No,Total
 Urban,91,1862,1953
 Rural,60,9722,9782
 Total,151,11584,11735
NotApp :,183,*,*
AREA # 050503,Mingin,*,*
Urban/Rural,Car/Truck/Van,*,*
*,Yes,No,Total
 Urban,10,826,836
 Rural,52,21170,21222
 Total,62,21996,22058
NotApp :,359,*,*
AREA # 050601,Tamu,*,*
Urban/Rural,Car/Truck/Van,*,*
*,Yes,No,Total
 Urban,341,8648,8989
 Rural,9,2988,2997
 Total,350,11636,11986
NotApp :,97,*,*
AREA # 050651,Myothit(ST),*,*
Urban/Rural,Car/Truck/Van,*,*
*,Yes,No,Total
 Urban,7,301,308
 Rural,27,2762,2789
 Total,34,3063,3097
NotApp :,38,*,*
AREA # 050652,Khampat(ST),*,*
Urban/Rural,Car/Truck/Van,*,*
*,Yes,No,Total
 Urban,22,2816,2838
 Rural,37,4633,4670
 Total,59,7449,7508
NotApp :,25,*,*
AREA # 050701,Mawlaik,*,*
Urban/Rural,Car/Truck/Van,*,*
*,Yes,No,Total
 Urban,26,1798,1824
 Rural,40,8481,8521
 Total,66,10279,10345
NotApp :,173,*,*
AREA # 050702,Phaungpyin,*,*
Urban/Rural,Car/Truck/Van,*,*
*,Yes,No,Total
 Urban,28,1914,1942
 Rural,108,18196,18304
 Total,136,20110,20246
NotApp :,277,*,*
AREA # 050801,Hkamti,*,*
Urban/Rural,Car/Truck/Van,*,*
*,Yes,No,Total
 Urban,40,2143,2183
 Rural,48,5130,5178
 Total,88,7273,7361
NotApp :,521,*,*
AREA # 050802,Homalin,*,*
Urban/Rural,Car/Truck/Van,*,*
*,Yes,No,Total
 Urban,96,3479,3575
 Rural,438,31730,32168
 Total,534,35209,35743
NotApp :,1266,*,*
AREA # 050803,Leshi,*,*
Urban/Rural,Car/Truck/Van,*,*
*,Yes,No,Total
 Urban,10,243,253
 Rural,-,1403,1403
 Total,10,1646,1656
NotApp :,53,*,*
AREA # 050804,Lahe,*,*
Urban/Rural,Car/Truck/Van,*,*
*,Yes,No,Total
 Urban,5,533,538
 Rural,4,6435,6439
 Total,9,6968,6977
NotApp :,37,*,*
AREA # 050805,Nanyun,*,*
Urban/Rural,Car/Truck/Van,*,*
*,Yes,No,Total
 Urban,5,370,375
 Rural,-,1193,1193
 Total,5,1563,1568
NotApp :,17,*,*
AREA # 050851,Mobaingluk(ST),*,*
Urban/Rural,Car/Truck/Van,*,*
*,Yes,No,Total
 Urban,-,210,210
 Rural,-,100,100
 Total,-,310,310
NotApp :,2,*,*
AREA # 050852,Sonemara(ST),*,*
Urban/Rural,Car/Truck/Van,*,*
*,Yes,No,Total
 Urban,8,278,286
 Rural,7,901,908
 Total,15,1179,1194
NotApp :,10,*,*
AREA # 050853,Htanparkway(ST),*,*
Urban/Rural,Car/Truck/Van,*,*
*,Yes,No,Total
 Urban,-,128,128
 Rural,-,633,633
 Total,-,761,761
NotApp :,9,*,*
AREA # 050854,Pansaung(ST),*,*
Urban/Rural,Car/Truck/Van,*,*
*,Yes,No,Total
 Urban,7,331,338
 Rural,1,2010,2011
 Total,8,2341,2349
NotApp :,5,*,*
AREA # 050855,Donhee(ST),*,*
Urban/Rural,Car/Truck/Van,*,*
*,Yes,No,Total
 Urban,-,169,169
 Rural,-,3754,3754
 Total,-,3923,3923
NotApp :,10,*,*
AREA # 050901,Yinmarpin,*,*
Urban/Rural,Car/Truck/Van,*,*
*,Yes,No,Total
 Urban,57,1020,1077
 Rural,276,28179,28455
 Total,333,29199,29532
NotApp :,265,*,*
AREA # 050902,Salingyi,*,*
Urban/Rural,Car/Truck/Van,*,*
*,Yes,No,Total
 Urban,29,1193,1222
 Rural,377,24868,25245
 Total,406,26061,26467
NotApp :,384,*,*
AREA # 050903,Palae,*,*
Urban/Rural,Car/Truck/Van,*,*
*,Yes,No,Total
 Urban,39,892,931
 Rural,264,31167,31431
 Total,303,32059,32362
NotApp :,338,*,*
AREA # 050904,Kani,*,*
Urban/Rural,Car/Truck/Van,*,*
*,Yes,No,Total
 Urban,37,1101,1138
 Rural,231,27854,28085
 Total,268,28955,29223
NotApp :,351,*,*
AREA # 060101,Dawei,*,*
Urban/Rural,Car/Truck/Van,*,*
*,Yes,No,Total
 Urban,1067,14315,15382
 Rural,268,9293,9561
 Total,1335,23608,24943
NotApp :,551,*,*
AREA # 060102,Lounglon,*,*
Urban/Rural,Car/Truck/Van,*,*
*,Yes,No,Total
 Urban,46,1194,1240
 Rural,410,24085,24495
 Total,456,25279,25735
NotApp :,291,*,*
AREA # 060103,Thayetchaung,*,*
Urban/Rural,Car/Truck/Van,*,*
*,Yes,No,Total
 Urban,85,2322,2407
 Rural,237,20230,20467
 Total,322,22552,22874
NotApp :,255,*,*
AREA # 060104,Yebyu,*,*
Urban/Rural,Car/Truck/Van,*,*
*,Yes,No,Total
 Urban,28,1049,1077
 Rural,318,20678,20996
 Total,346,21727,22073
NotApp :,316,*,*
AREA # 060151,Myitta(ST),*,*
Urban/Rural,Car/Truck/Van,*,*
*,Yes,No,Total
 Urban,17,479,496
 Rural,75,3619,3694
 Total,92,4098,4190
NotApp :,72,*,*
AREA # 060152,Kaleinaung(ST),*,*
Urban/Rural,Car/Truck/Van,*,*
*,Yes,No,Total
 Urban,17,607,624
 Rural,39,3614,3653
 Total,56,4221,4277
NotApp :,141,*,*
AREA # 060201,Myeik,*,*
Urban/Rural,Car/Truck/Van,*,*
*,Yes,No,Total
 Urban,916,20632,21548
 Rural,430,32371,32801
 Total,1346,53003,54349
NotApp :,763,*,*
AREA # 060202,Kyunsu,*,*
Urban/Rural,Car/Truck/Van,*,*
*,Yes,No,Total
 Urban,14,1128,1142
 Rural,42,31804,31846
 Total,56,32932,32988
NotApp :,330,*,*
AREA # 060203,Palaw,*,*
Urban/Rural,Car/Truck/Van,*,*
*,Yes,No,Total
 Urban,62,3509,3571
 Rural,98,14856,14954
 Total,160,18365,18525
NotApp :,178,*,*
AREA # 060204,Tanintharyi,*,*
Urban/Rural,Car/Truck/Van,*,*
*,Yes,No,Total
 Urban,17,1109,1126
 Rural,110,18693,18803
 Total,127,19802,19929
NotApp :,325,*,*
AREA # 060251,Palauk(ST),*,*
Urban/Rural,Car/Truck/Van,*,*
*,Yes,No,Total
 Urban,13,1198,1211
 Rural,25,5892,5917
 Total,38,7090,7128
NotApp :,45,*,*
AREA # 060301,Kawthoung,*,*
Urban/Rural,Car/Truck/Van,*,*
*,Yes,No,Total
 Urban,272,12308,12580
 Rural,140,12761,12901
 Total,412,25069,25481
NotApp :,367,*,*
AREA # 060302,Bokepyin,*,*
Urban/Rural,Car/Truck/Van,*,*
*,Yes,No,Total
 Urban,22,1025,1047
 Rural,34,7795,7829
 Total,56,8820,8876
NotApp :,187,*,*
AREA # 060351,Khamaukgyi,*,*
Urban/Rural,Car/Truck/Van,*,*
*,Yes,No,Total
 Urban,21,2334,2355
 Rural,13,2497,2510
 Total,34,4831,4865
NotApp :,126,*,*
AREA # 060352,Pyigyimandaing,*,*
Urban/Rural,Car/Truck/Van,*,*
*,Yes,No,Total
 Urban,9,706,715
 Rural,3,2386,2389
 Total,12,3092,3104
NotApp :,91,*,*
AREA # 060353,Karathuri(ST),*,*
Urban/Rural,Car/Truck/Van,*,*
*,Yes,No,Total
 Urban,5,281,286
 Rural,8,3468,3476
 Total,13,3749,3762
NotApp :,102,*,*
AREA # 070101,Bago,*,*
Urban/Rural,Car/Truck/Van,*,*
*,Yes,No,Total
 Urban,2325,52567,54892
 Rural,603,51637,52240
 Total,2928,104204,107132
NotApp :,1161,*,*
AREA # 070102,Tanatpin,*,*
Urban/Rural,Car/Truck/Van,*,*
*,Yes,No,Total
 Urban,118,3511,3629
 Rural,73,28825,28898
 Total,191,32336,32527
NotApp :,222,*,*
AREA # 070103,Kawa,*,*
Urban/Rural,Car/Truck/Van,*,*
*,Yes,No,Total
 Urban,82,4172,4254
 Rural,129,41692,41821
 Total,211,45864,46075
NotApp :,248,*,*
AREA # 070104,Waw,*,*
Urban/Rural,Car/Truck/Van,*,*
*,Yes,No,Total
 Urban,133,4913,5046
 Rural,163,31874,32037
 Total,296,36787,37083
NotApp :,296,*,*
AREA # 070105,Nyaunglebin,*,*
Urban/Rural,Car/Truck/Van,*,*
*,Yes,No,Total
 Urban,276,12786,13062
 Rural,112,31588,31700
 Total,388,44374,44762
NotApp :,311,*,*
AREA # 070106,Kyauktaga,*,*
Urban/Rural,Car/Truck/Van,*,*
*,Yes,No,Total
 Urban,164,6709,6873
 Rural,255,44520,44775
 Total,419,51229,51648
NotApp :,363,*,*
AREA # 070107,Daik U,*,*
Urban/Rural,Car/Truck/Van,*,*
*,Yes,No,Total
 Urban,210,8530,8740
 Rural,303,36710,37013
 Total,513,45240,45753
NotApp :,339,*,*
AREA # 070108,Shwegyin,*,*
Urban/Rural,Car/Truck/Van,*,*
*,Yes,No,Total
 Urban,149,4716,4865
 Rural,54,16863,16917
 Total,203,21579,21782
NotApp :,240,*,*
AREA # 070201,Toungoo,*,*
Urban/Rural,Car/Truck/Van,*,*
*,Yes,No,Total
 Urban,1127,20773,21900
 Rural,309,35251,35560
 Total,1436,56024,57460
NotApp :,871,*,*
AREA # 070202,Yaedashe,*,*
Urban/Rural,Car/Truck/Van,*,*
*,Yes,No,Total
 Urban,244,5711,5955
 Rural,446,44126,44572
 Total,690,49837,50527
NotApp :,460,*,*
AREA # 070203,Kyaukkyi,*,*
Urban/Rural,Car/Truck/Van,*,*
*,Yes,No,Total
 Urban,48,2210,2258
 Rural,88,20537,20625
 Total,136,22747,22883
NotApp :,203,*,*
AREA # 070204,Pyu,*,*
Urban/Rural,Car/Truck/Van,*,*
*,Yes,No,Total
 Urban,377,13450,13827
 Rural,189,40915,41104
 Total,566,54365,54931
NotApp :,386,*,*
AREA # 070205,Oatwin,*,*
Urban/Rural,Car/Truck/Van,*,*
*,Yes,No,Total
 Urban,73,3136,3209
 Rural,222,33439,33661
 Total,295,36575,36870
NotApp :,276,*,*
AREA # 070206,Htantapin,*,*
Urban/Rural,Car/Truck/Van,*,*
*,Yes,No,Total
 Urban,61,2315,2376
 Rural,127,24278,24405
 Total,188,26593,26781
NotApp :,169,*,*
AREA # 070301,Pyay,*,*
Urban/Rural,Car/Truck/Van,*,*
*,Yes,No,Total
 Urban,1338,27477,28815
 Rural,387,29355,29742
 Total,1725,56832,58557
NotApp :,1014,*,*
AREA # 070302,Paukkhaung,*,*
Urban/Rural,Car/Truck/Van,*,*
*,Yes,No,Total
 Urban,177,3429,3606
 Rural,236,28505,28741
 Total,413,31934,32347
NotApp :,302,*,*
AREA # 070303,Padaung,*,*
Urban/Rural,Car/Truck/Van,*,*
*,Yes,No,Total
 Urban,171,4297,4468
 Rural,287,34137,34424
 Total,458,38434,38892
NotApp :,412,*,*
AREA # 070304,Paunde,*,*
Urban/Rural,Car/Truck/Van,*,*
*,Yes,No,Total
 Urban,182,6299,6481
 Rural,103,30116,30219
 Total,285,36415,36700
NotApp :,296,*,*
AREA # 070305,Thegon,*,*
Urban/Rural,Car/Truck/Van,*,*
*,Yes,No,Total
 Urban,70,4196,4266
 Rural,150,31534,31684
 Total,220,35730,35950
NotApp :,304,*,*
AREA # 070306,Shwedaung,*,*
Urban/Rural,Car/Truck/Van,*,*
*,Yes,No,Total
 Urban,127,4391,4518
 Rural,163,28883,29046
 Total,290,33274,33564
NotApp :,368,*,*
AREA # 070401,Tharyarwaddy,*,*
Urban/Rural,Car/Truck/Van,*,*
*,Yes,No,Total
 Urban,224,7940,8164
 Rural,112,28350,28462
 Total,336,36290,36626
NotApp :,285,*,*
AREA # 070402,Letpadan,*,*
Urban/Rural,Car/Truck/Van,*,*
*,Yes,No,Total
 Urban,166,5569,5735
 Rural,100,37649,37749
 Total,266,43218,43484
NotApp :,336,*,*
AREA # 070403,Minhla,*,*
Urban/Rural,Car/Truck/Van,*,*
*,Yes,No,Total
 Urban,78,2624,2702
 Rural,124,28068,28192
 Total,202,30692,30894
NotApp :,231,*,*
AREA # 070404,Okpo,*,*
Urban/Rural,Car/Truck/Van,*,*
*,Yes,No,Total
 Urban,64,2736,2800
 Rural,124,28970,29094
 Total,188,31706,31894
NotApp :,283,*,*
AREA # 070405,Zigon,*,*
Urban/Rural,Car/Truck/Van,*,*
*,Yes,No,Total
 Urban,100,3867,3967
 Rural,53,14190,14243
 Total,153,18057,18210
NotApp :,160,*,*
AREA # 070406,Nattalin,*,*
Urban/Rural,Car/Truck/Van,*,*
*,Yes,No,Total
 Urban,164,4478,4642
 Rural,110,41017,41127
 Total,274,45495,45769
NotApp :,317,*,*
AREA # 070407,Monyo,*,*
Urban/Rural,Car/Truck/Van,*,*
*,Yes,No,Total
 Urban,37,2343,2380
 Rural,55,30852,30907
 Total,92,33195,33287
NotApp :,232,*,*
AREA # 070408,Gyobingauk,*,*
Urban/Rural,Car/Truck/Van,*,*
*,Yes,No,Total
 Urban,186,5398,5584
 Rural,95,24907,25002
 Total,281,30305,30586
NotApp :,233,*,*
AREA # 080101,Magway,*,*
Urban/Rural,Car/Truck/Van,*,*
*,Yes,No,Total
 Urban,1400,18470,19870
 Rural,377,48430,48807
 Total,1777,66900,68677
NotApp :,1053,*,*
AREA # 080102,Yenangyoung,*,*
Urban/Rural,Car/Truck/Van,*,*
*,Yes,No,Total
 Urban,321,10355,10676
 Rural,138,21686,21824
 Total,459,32041,32500
NotApp :,490,*,*
AREA # 080103,Chauk,*,*
Urban/Rural,Car/Truck/Van,*,*
*,Yes,No,Total
 Urban,398,10003,10401
 Rural,310,33907,34217
 Total,708,43910,44618
NotApp :,539,*,*
AREA # 080104,Taungdwingyi,*,*
Urban/Rural,Car/Truck/Van,*,*
*,Yes,No,Total
 Urban,258,9797,10055
 Rural,242,49966,50208
 Total,500,59763,60263
NotApp :,426,*,*
AREA # 080105,Myothit,*,*
Urban/Rural,Car/Truck/Van,*,*
*,Yes,No,Total
 Urban,40,1706,1746
 Rural,141,35061,35202
 Total,181,36767,36948
NotApp :,339,*,*
AREA # 080106,Natmauk,*,*
Urban/Rural,Car/Truck/Van,*,*
*,Yes,No,Total
 Urban,115,3059,3174
 Rural,224,45028,45252
 Total,339,48087,48426
NotApp :,396,*,*
AREA # 080201,Minbu,*,*
Urban/Rural,Car/Truck/Van,*,*
*,Yes,No,Total
 Urban,457,8733,9190
 Rural,327,34300,34627
 Total,784,43033,43817
NotApp :,551,*,*
AREA # 080202,Pwint Phyu,*,*
Urban/Rural,Car/Truck/Van,*,*
*,Yes,No,Total
 Urban,69,1385,1454
 Rural,374,37936,38310
 Total,443,39321,39764
NotApp :,475,*,*
AREA # 080203,Ngape,*,*
Urban/Rural,Car/Truck/Van,*,*
*,Yes,No,Total
 Urban,26,953,979
 Rural,120,11358,11478
 Total,146,12311,12457
NotApp :,159,*,*
AREA # 080204,Salin,*,*
Urban/Rural,Car/Truck/Van,*,*
*,Yes,No,Total
 Urban,91,2695,2786
 Rural,316,52503,52819
 Total,407,55198,55605
NotApp :,631,*,*
AREA # 080205,Saytottara,*,*
Urban/Rural,Car/Truck/Van,*,*
*,Yes,No,Total
 Urban,37,1488,1525
 Rural,31,9224,9255
 Total,68,10712,10780
NotApp :,279,*,*
AREA # 080301,Thayet,*,*
Urban/Rural,Car/Truck/Van,*,*
*,Yes,No,Total
 Urban,146,4417,4563
 Rural,94,21315,21409
 Total,240,25732,25972
NotApp :,302,*,*
AREA # 080302,Minhla,*,*
Urban/Rural,Car/Truck/Van,*,*
*,Yes,No,Total
 Urban,214,2767,2981
 Rural,548,28093,28641
 Total,762,30860,31622
NotApp :,346,*,*
AREA # 080303,Mindon,*,*
Urban/Rural,Car/Truck/Van,*,*
*,Yes,No,Total
 Urban,48,1222,1270
 Rural,52,15487,15539
 Total,100,16709,16809
NotApp :,207,*,*
AREA # 080304,Kamma,*,*
Urban/Rural,Car/Truck/Van,*,*
*,Yes,No,Total
 Urban,25,1269,1294
 Rural,106,17743,17849
 Total,131,19012,19143
NotApp :,208,*,*
AREA # 080305,Aunglan,*,*
Urban/Rural,Car/Truck/Van,*,*
*,Yes,No,Total
 Urban,437,11188,11625
 Rural,349,45635,45984
 Total,786,56823,57609
NotApp :,479,*,*
AREA # 080306,Sinpaungwe`,*,*
Urban/Rural,Car/Truck/Van,*,*
*,Yes,No,Total
 Urban,34,1247,1281
 Rural,179,27224,27403
 Total,213,28471,28684
NotApp :,290,*,*
AREA # 080401,Pakokku,*,*
Urban/Rural,Car/Truck/Van,*,*
*,Yes,No,Total
 Urban,1094,17975,19069
 Rural,635,46636,47271
 Total,1729,64611,66340
NotApp :,723,*,*
AREA # 080402,Yesagyo,*,*
Urban/Rural,Car/Truck/Van,*,*
*,Yes,No,Total
 Urban,148,4751,4899
 Rural,225,42208,42433
 Total,373,46959,47332
NotApp :,485,*,*
AREA # 080403,Myaing,*,*
Urban/Rural,Car/Truck/Van,*,*
*,Yes,No,Total
 Urban,122,1679,1801
 Rural,743,51097,51840
 Total,865,52776,53641
NotApp :,502,*,*
AREA # 080404,Pauk,*,*
Urban/Rural,Car/Truck/Van,*,*
*,Yes,No,Total
 Urban,101,1600,1701
 Rural,456,36808,37264
 Total,557,38408,38965
NotApp :,326,*,*
AREA # 080405,Seikphyu,*,*
Urban/Rural,Car/Truck/Van,*,*
*,Yes,No,Total
 Urban,98,2031,2129
 Rural,178,21120,21298
 Total,276,23151,23427
NotApp :,208,*,*
AREA # 080501,Gangaw,*,*
Urban/Rural,Car/Truck/Van,*,*
*,Yes,No,Total
 Urban,160,3098,3258
 Rural,333,26321,26654
 Total,493,29419,29912
NotApp :,303,*,*
AREA # 080502,Htilin,*,*
Urban/Rural,Car/Truck/Van,*,*
*,Yes,No,Total
 Urban,21,1102,1123
 Rural,75,9334,9409
 Total,96,10436,10532
NotApp :,182,*,*
AREA # 080503,Saw,*,*
Urban/Rural,Car/Truck/Van,*,*
*,Yes,No,Total
 Urban,25,1236,1261
 Rural,71,6993,7064
 Total,96,8229,8325
NotApp :,212,*,*
AREA # 080551,Kyaukhtu(ST),*,*
Urban/Rural,Car/Truck/Van,*,*
*,Yes,No,Total
 Urban,40,1100,1140
 Rural,55,6414,6469
 Total,95,7514,7609
NotApp :,103,*,*
AREA # 090101,Aungmyetharzan,*,*
Urban/Rural,Car/Truck/Van,*,*
*,Yes,No,Total
 Urban,6444,43287,49731
 Total,6444,43287,49731
NotApp :,971,*,*
AREA # 090102,Chanayeharzan,*,*
Urban/Rural,Car/Truck/Van,*,*
*,Yes,No,Total
 Urban,6800,26481,33281
 Total,6800,26481,33281
NotApp :,1883,*,*
AREA # 090103,Mahaaungmye,*,*
Urban/Rural,Car/Truck/Van,*,*
*,Yes,No,Total
 Urban,6811,35116,41927
 Total,6811,35116,41927
NotApp :,754,*,*
AREA # 090104,Chanmyatharzi,*,*
Urban/Rural,Car/Truck/Van,*,*
*,Yes,No,Total
 Urban,6520,46527,53047
 Total,6520,46527,53047
NotApp :,901,*,*
AREA # 090105,Pyigyidagun,*,*
Urban/Rural,Car/Truck/Van,*,*
*,Yes,No,Total
 Urban,4024,39851,43875
 Total,4024,39851,43875
NotApp :,1032,*,*
AREA # 090106,Amarapura,*,*
Urban/Rural,Car/Truck/Van,*,*
*,Yes,No,Total
 Urban,1097,15533,16630
 Rural,1808,31188,32996
 Total,2905,46721,49626
NotApp :,572,*,*
AREA # 090107,Patheingyi,*,*
Urban/Rural,Car/Truck/Van,*,*
*,Yes,No,Total
 Urban,266,2436,2702
 Rural,2004,48284,50288
 Total,2270,50720,52990
NotApp :,902,*,*
AREA # 090201,Pyin Oo Lwin,*,*
Urban/Rural,Car/Truck/Van,*,*
*,Yes,No,Total
 Urban,3280,28661,31941
 Rural,1108,20333,21441
 Total,4388,48994,53382
NotApp :,962,*,*
AREA # 090202,Madaya,*,*
Urban/Rural,Car/Truck/Van,*,*
*,Yes,No,Total
 Urban,381,4930,5311
 Rural,576,52758,53334
 Total,957,57688,58645
NotApp :,508,*,*
AREA # 090203,Sinku,*,*
Urban/Rural,Car/Truck/Van,*,*
*,Yes,No,Total
 Urban,60,1672,1732
 Rural,463,32338,32801
 Total,523,34010,34533
NotApp :,281,*,*
AREA # 090204,Mogok,*,*
Urban/Rural,Car/Truck/Van,*,*
*,Yes,No,Total
 Urban,945,15741,16686
 Rural,473,18088,18561
 Total,1418,33829,35247
NotApp :,586,*,*
AREA # 090205,Thabeikkyin,*,*
Urban/Rural,Car/Truck/Van,*,*
*,Yes,No,Total
 Urban,26,1162,1188
 Rural,395,24166,24561
 Total,421,25328,25749
NotApp :,297,*,*
AREA # 090251,Tagaung,*,*
Urban/Rural,Car/Truck/Van,*,*
*,Yes,No,Total
 Urban,67,1726,1793
 Rural,82,5517,5599
 Total,149,7243,7392
NotApp :,96,*,*
AREA # 090301,Kyaukse,*,*
Urban/Rural,Car/Truck/Van,*,*
*,Yes,No,Total
 Urban,726,7765,8491
 Rural,641,48633,49274
 Total,1367,56398,57765
NotApp :,526,*,*
AREA # 090302,Singaing,*,*
Urban/Rural,Car/Truck/Van,*,*
*,Yes,No,Total
 Urban,215,1565,1780
 Rural,722,31077,31799
 Total,937,32642,33579
NotApp :,464,*,*
AREA # 090303,Myitthar,*,*
Urban/Rural,Car/Truck/Van,*,*
*,Yes,No,Total
 Urban,319,4027,4346
 Rural,481,41190,41671
 Total,800,45217,46017
NotApp :,399,*,*
AREA # 090304,Tada U,*,*
Urban/Rural,Car/Truck/Van,*,*
*,Yes,No,Total
 Urban,232,2420,2652
 Rural,410,29565,29975
 Total,642,31985,32627
NotApp :,340,*,*
AREA # 090401,Myingyan,*,*
Urban/Rural,Car/Truck/Van,*,*
*,Yes,No,Total
 Urban,886,18011,18897
 Rural,295,43148,43443
 Total,1181,61159,62340
NotApp :,622,*,*
AREA # 090402,Taungtha,*,*
Urban/Rural,Car/Truck/Van,*,*
*,Yes,No,Total
 Urban,191,3672,3863
 Rural,357,45632,45989
 Total,548,49304,49852
NotApp :,425,*,*
AREA # 090403,Natogyi,*,*
Urban/Rural,Car/Truck/Van,*,*
*,Yes,No,Total
 Urban,144,2698,2842
 Rural,407,37716,38123
 Total,551,40414,40965
NotApp :,349,*,*
AREA # 090404,Kyaukpadaung,*,*
Urban/Rural,Car/Truck/Van,*,*
*,Yes,No,Total
 Urban,674,8339,9013
 Rural,407,52541,52948
 Total,1081,60880,61961
NotApp :,497,*,*
AREA # 090405,Ngazun,*,*
Urban/Rural,Car/Truck/Van,*,*
*,Yes,No,Total
 Urban,37,1620,1657
 Rural,212,25969,26181
 Total,249,27589,27838
NotApp :,295,*,*
AREA # 090501,Nyaung U,*,*
Urban/Rural,Car/Truck/Van,*,*
*,Yes,No,Total
 Urban,760,8755,9515
 Rural,510,34637,35147
 Total,1270,43392,44662
NotApp :,603,*,*
AREA # 090551,Ngat,*,*
Urban/Rural,Car/Truck/Van,*,*
*,Yes,No,Total
 Urban,32,1407,1439
 Rural,131,8241,8372
 Total,163,9648,9811
NotApp :,69,*,*
AREA # 090601,Yame`thin,*,*
Urban/Rural,Car/Truck/Van,*,*
*,Yes,No,Total
 Urban,280,5047,5327
 Rural,338,51594,51932
 Total,618,56641,57259
NotApp :,559,*,*
AREA # 090602,Pyawbwe,*,*
Urban/Rural,Car/Truck/Van,*,*
*,Yes,No,Total
 Urban,394,6480,6874
 Rural,361,51628,51989
 Total,755,58108,58863
NotApp :,497,*,*
AREA # 090701,Meiktila,*,*
Urban/Rural,Car/Truck/Van,*,*
*,Yes,No,Total
 Urban,1578,22385,23963
 Rural,547,43929,44476
 Total,2125,66314,68439
NotApp :,998,*,*
AREA # 090702,MahlYaing,*,*
Urban/Rural,Car/Truck/Van,*,*
*,Yes,No,Total
 Urban,154,2957,3111
 Rural,475,29741,30216
 Total,629,32698,33327
NotApp :,382,*,*
AREA # 090703,Thazi,*,*
Urban/Rural,Car/Truck/Van,*,*
*,Yes,No,Total
 Urban,183,4537,4720
 Rural,424,39748,40172
 Total,607,44285,44892
NotApp :,484,*,*
AREA # 090704,Wundwin,*,*
Urban/Rural,Car/Truck/Van,*,*
*,Yes,No,Total
 Urban,330,6970,7300
 Rural,534,45735,46269
 Total,864,52705,53569
NotApp :,474,*,*
AREA # 100101,Mawlamyine,*,*
Urban/Rural,Car/Truck/Van,*,*
*,Yes,No,Total
 Urban,3306,46428,49734
 Rural,223,7500,7723
 Total,3529,53928,57457
NotApp :,954,*,*
AREA # 100102,Kyaikemaraw,*,*
Urban/Rural,Car/Truck/Van,*,*
*,Yes,No,Total
 Urban,83,2093,2176
 Rural,838,35874,36712
 Total,921,37967,38888
NotApp :,478,*,*
AREA # 100103,Chaungzon,*,*
Urban/Rural,Car/Truck/Van,*,*
*,Yes,No,Total
 Urban,30,1714,1744
 Rural,241,25959,26200
 Total,271,27673,27944
NotApp :,292,*,*
AREA # 100104,Thanbyuzayat,*,*
Urban/Rural,Car/Truck/Van,*,*
*,Yes,No,Total
 Urban,518,11197,11715
 Rural,567,23952,24519
 Total,1085,35149,36234
NotApp :,470,*,*
AREA # 100105,Mudon,*,*
Urban/Rural,Car/Truck/Van,*,*
*,Yes,No,Total
 Urban,692,10100,10792
 Rural,651,27869,28520
 Total,1343,37969,39312
NotApp :,541,*,*
AREA # 100106,Ye,*,*
Urban/Rural,Car/Truck/Van,*,*
*,Yes,No,Total
 Urban,220,5893,6113
 Rural,293,23585,23878
 Total,513,29478,29991
NotApp :,508,*,*
AREA # 100151,Lamine,*,*
Urban/Rural,Car/Truck/Van,*,*
*,Yes,No,Total
 Urban,72,2895,2967
 Rural,314,15358,15672
 Total,386,18253,18639
NotApp :,149,*,*
AREA # 100152,Khawzar,*,*
Urban/Rural,Car/Truck/Van,*,*
*,Yes,No,Total
 Urban,20,758,778
 Rural,70,3970,4040
 Total,90,4728,4818
NotApp :,70,*,*
AREA # 100201,Thaton,*,*
Urban/Rural,Car/Truck/Van,*,*
*,Yes,No,Total
 Urban,400,10306,10706
 Rural,468,37110,37578
 Total,868,47416,48284
NotApp :,603,*,*
AREA # 100202,Paung,*,*
Urban/Rural,Car/Truck/Van,*,*
*,Yes,No,Total
 Urban,172,5730,5902
 Rural,574,37250,37824
 Total,746,42980,43726
NotApp :,460,*,*
AREA # 100203,Kyaikto,*,*
Urban/Rural,Car/Truck/Van,*,*
*,Yes,No,Total
 Urban,297,7219,7516
 Rural,418,30154,30572
 Total,715,37373,38088
NotApp :,848,*,*
AREA # 100204,Bilin,*,*
Urban/Rural,Car/Truck/Van,*,*
*,Yes,No,Total
 Urban,164,3880,4044
 Rural,255,34932,35187
 Total,419,38812,39231
NotApp :,544,*,*
AREA # 110101,Sittway,*,*
Urban/Rural,Car/Truck/Van,*,*
*,Yes,No,Total
 Urban,491,18415,18906
 Rural,53,10077,10130
 Total,544,28492,29036
NotApp :,377,*,*
AREA # 110102,Ponnagyun,*,*
Urban/Rural,Car/Truck/Van,*,*
*,Yes,No,Total
 Urban,11,2455,2466
 Rural,6,22863,22869
 Total,17,25318,25335
NotApp :,246,*,*
AREA # 110103,Pauktaw,*,*
Urban/Rural,Car/Truck/Van,*,*
*,Yes,No,Total
 Urban,7,2463,2470
 Rural,13,28061,28074
 Total,20,30524,30544
NotApp :,349,*,*
AREA # 110104,Yethedaung,*,*
Urban/Rural,Car/Truck/Van,*,*
*,Yes,No,Total
 Urban,2,1508,1510
 Rural,22,22809,22831
 Total,24,24317,24341
NotApp :,255,*,*
AREA # 110201,Myauk U,*,*
Urban/Rural,Car/Truck/Van,*,*
*,Yes,No,Total
 Urban,79,7195,7274
 Rural,40,34211,34251
 Total,119,41406,41525
NotApp :,517,*,*
AREA # 110202,Kyauktaw,*,*
Urban/Rural,Car/Truck/Van,*,*
*,Yes,No,Total
 Urban,31,3808,3839
 Rural,75,32581,32656
 Total,106,36389,36495
NotApp :,327,*,*
AREA # 110203,Minbya,*,*
Urban/Rural,Car/Truck/Van,*,*
*,Yes,No,Total
 Urban,27,4588,4615
 Rural,59,31954,32013
 Total,86,36542,36628
NotApp :,359,*,*
AREA # 110204,Myebon,*,*
Urban/Rural,Car/Truck/Van,*,*
*,Yes,No,Total
 Urban,5,2613,2618
 Rural,28,28693,28721
 Total,33,31306,31339
NotApp :,244,*,*
AREA # 110301,Maungtaw,*,*
Urban/Rural,Car/Truck/Van,*,*
*,Yes,No,Total
 Urban,73,2241,2314
 Rural,33,5043,5076
 Total,106,7284,7390
NotApp :,142,*,*
AREA # 110302,Buthidaung,*,*
Urban/Rural,Car/Truck/Van,*,*
*,Yes,No,Total
 Urban,36,2026,2062
 Rural,14,9188,9202
 Total,50,11214,11264
NotApp :,178,*,*
AREA # 110351,Taungpyoletwe(ST),*,*
Urban/Rural,Car/Truck/Van,*,*
*,Yes,No,Total
 Urban,2,156,158
 Rural,-,348,348
 Total,2,504,506
NotApp :,17,*,*
AREA # 110401,Kyaukpyu,*,*
Urban/Rural,Car/Truck/Van,*,*
*,Yes,No,Total
 Urban,113,4141,4254
 Rural,98,32912,33010
 Total,211,37053,37264
NotApp :,491,*,*
AREA # 110402,Mannaung,*,*
Urban/Rural,Car/Truck/Van,*,*
*,Yes,No,Total
 Urban,39,1267,1306
 Rural,37,13392,13429
 Total,76,14659,14735
NotApp :,186,*,*
AREA # 110403,Yanbye,*,*
Urban/Rural,Car/Truck/Van,*,*
*,Yes,No,Total
 Urban,33,2215,2248
 Rural,30,20140,20170
 Total,63,22355,22418
NotApp :,325,*,*
AREA # 110404,An,*,*
Urban/Rural,Car/Truck/Van,*,*
*,Yes,No,Total
 Urban,55,1823,1878
 Rural,100,25381,25481
 Total,155,27204,27359
NotApp :,324,*,*
AREA # 110501,Thandwe,*,*
Urban/Rural,Car/Truck/Van,*,*
*,Yes,No,Total
 Urban,109,3241,3350
 Rural,324,27401,27725
 Total,433,30642,31075
NotApp :,580,*,*
AREA # 110502,Toungup,*,*
Urban/Rural,Car/Truck/Van,*,*
*,Yes,No,Total
 Urban,158,6020,6178
 Rural,57,19004,19061
 Total,215,25024,25239
NotApp :,343,*,*
AREA # 110503,Gwa,*,*
Urban/Rural,Car/Truck/Van,*,*
*,Yes,No,Total
 Urban,38,2450,2488
 Rural,58,8699,8757
 Total,96,11149,11245
NotApp :,115,*,*
AREA # 110551,Maei(ST),*,*
Urban/Rural,Car/Truck/Van,*,*
*,Yes,No,Total
 Urban,7,1208,1215
 Rural,12,8726,8738
 Total,19,9934,9953
NotApp :,96,*,*
AREA # 110552,Kyeintali(ST),*,*
Urban/Rural,Car/Truck/Van,*,*
*,Yes,No,Total
 Urban,22,1453,1475
 Rural,18,4588,4606
 Total,40,6041,6081
NotApp :,76,*,*
AREA # 120101,Insein,*,*
Urban/Rural,Car/Truck/Van,*,*
*,Yes,No,Total
 Urban,5539,56137,61676
 Total,5539,56137,61676
NotApp :,993,*,*
AREA # 120102,Mingaladon,*,*
Urban/Rural,Car/Truck/Van,*,*
*,Yes,No,Total
 Urban,3080,38561,41641
 Rural,1065,23597,24662
 Total,4145,62158,66303
NotApp :,1749,*,*
AREA # 120103,Hmawby,*,*
Urban/Rural,Car/Truck/Van,*,*
*,Yes,No,Total
 Urban,362,5580,5942
 Rural,1273,49254,50527
 Total,1635,54834,56469
NotApp :,902,*,*
AREA # 120104,Hlegu,*,*
Urban/Rural,Car/Truck/Van,*,*
*,Yes,No,Total
 Urban,584,8165,8749
 Rural,1175,48099,49274
 Total,1759,56264,58023
NotApp :,1175,*,*
AREA # 120105,Taikkyi,*,*
Urban/Rural,Car/Truck/Van,*,*
*,Yes,No,Total
 Urban,578,19781,20359
 Rural,236,46404,46640
 Total,814,66185,66999
NotApp :,614,*,*
AREA # 120106,Htantabin,*,*
Urban/Rural,Car/Truck/Van,*,*
*,Yes,No,Total
 Urban,73,1983,2056
 Rural,325,31830,32155
 Total,398,33813,34211
NotApp :,229,*,*
AREA # 120107,Shwepyitha,*,*
Urban/Rural,Car/Truck/Van,*,*
*,Yes,No,Total
 Urban,2431,56080,58511
 Rural,345,14919,15264
 Total,2776,70999,73775
NotApp :,834,*,*
AREA # 120108,Hlinethaya,*,*
Urban/Rural,Car/Truck/Van,*,*
*,Yes,No,Total
 Urban,3422,100385,103807
 Rural,646,44258,44904
 Total,4068,144643,148711
NotApp :,1246,*,*
AREA # 120201,Thingangyun,*,*
Urban/Rural,Car/Truck/Van,*,*
*,Yes,No,Total
 Urban,6765,36555,43320
 Total,6765,36555,43320
NotApp :,265,*,*
AREA # 120202,Yankin,*,*
Urban/Rural,Car/Truck/Van,*,*
*,Yes,No,Total
 Urban,3650,10987,14637
 Total,3650,10987,14637
NotApp :,149,*,*
AREA # 120203,South Okkalapa,*,*
Urban/Rural,Car/Truck/Van,*,*
*,Yes,No,Total
 Urban,5541,27184,32725
 Total,5541,27184,32725
NotApp :,418,*,*
AREA # 120204,North Okkalapa,*,*
Urban/Rural,Car/Truck/Van,*,*
*,Yes,No,Total
 Urban,4977,59779,64756
 Total,4977,59779,64756
NotApp :,946,*,*
AREA # 120205,Thakayta,*,*
Urban/Rural,Car/Truck/Van,*,*
*,Yes,No,Total
 Urban,3884,41572,45456
 Total,3884,41572,45456
NotApp :,451,*,*
AREA # 120206,Dawbon,*,*
Urban/Rural,Car/Truck/Van,*,*
*,Yes,No,Total
 Urban,968,13441,14409
 Total,968,13441,14409
NotApp :,154,*,*
AREA # 120207,Tamway,*,*
Urban/Rural,Car/Truck/Van,*,*
*,Yes,No,Total
 Urban,8064,27296,35360
 Total,8064,27296,35360
NotApp :,633,*,*
AREA # 120208,Pazuntaung,*,*
Urban/Rural,Car/Truck/Van,*,*
*,Yes,No,Total
 Urban,2664,7642,10306
 Total,2664,7642,10306
NotApp :,215,*,*
AREA # 120209,Botahtaung,*,*
Urban/Rural,Car/Truck/Van,*,*
*,Yes,No,Total
 Urban,2143,6254,8397
 Total,2143,6254,8397
NotApp :,295,*,*
AREA # 120210,Dagon Myothit(South),*,*
Urban/Rural,Car/Truck/Van,*,*
*,Yes,No,Total
 Urban,3702,73282,76984
 Total,3702,73282,76984
NotApp :,751,*,*
AREA # 120211,Dagon Myothit(North),*,*
Urban/Rural,Car/Truck/Van,*,*
*,Yes,No,Total
 Urban,6360,36344,42704
 Total,6360,36344,42704
NotApp :,126,*,*
AREA # 120212,Dagon Myothit(East),*,*
Urban/Rural,Car/Truck/Van,*,*
*,Yes,No,Total
 Urban,1714,30181,31895
 Rural,48,1970,2018
 Total,1762,32151,33913
NotApp :,814,*,*
AREA # 120213,Dagon Myothit(Seik),*,*
Urban/Rural,Car/Truck/Van,*,*
*,Yes,No,Total
 Urban,963,33209,34172
 Rural,140,3593,3733
 Total,1103,36802,37905
NotApp :,383,*,*
AREA # 120214,Mingala Taungnyunt,*,*
Urban/Rural,Car/Truck/Van,*,*
*,Yes,No,Total
 Urban,4602,21316,25918
 Total,4602,21316,25918
NotApp :,325,*,*
AREA # 120301,Thanlyin,*,*
Urban/Rural,Car/Truck/Van,*,*
*,Yes,No,Total
 Urban,1325,17384,18709
 Rural,815,42073,42888
 Total,2140,59457,61597
NotApp :,594,*,*
AREA # 120302,Kyauktan,*,*
Urban/Rural,Car/Truck/Van,*,*
*,Yes,No,Total
 Urban,372,9492,9864
 Rural,210,22902,23112
 Total,582,32394,32976
NotApp :,324,*,*
AREA # 120303,Thongwa,*,*
Urban/Rural,Car/Truck/Van,*,*
*,Yes,No,Total
 Urban,256,6500,6756
 Rural,272,33059,33331
 Total,528,39559,40087
NotApp :,287,*,*
AREA # 120304,Khayan,*,*
Urban/Rural,Car/Truck/Van,*,*
*,Yes,No,Total
 Urban,266,7612,7878
 Rural,202,31234,31436
 Total,468,38846,39314
NotApp :,203,*,*
AREA # 120305,Twantay,*,*
Urban/Rural,Car/Truck/Van,*,*
*,Yes,No,Total
 Urban,256,8941,9197
 Rural,278,42127,42405
 Total,534,51068,51602
NotApp :,365,*,*
AREA # 120306,Kawhmu,*,*
Urban/Rural,Car/Truck/Van,*,*
*,Yes,No,Total
 Urban,75,2156,2231
 Rural,133,27428,27561
 Total,208,29584,29792
NotApp :,220,*,*
AREA # 120307,Kungyangon,*,*
Urban/Rural,Car/Truck/Van,*,*
*,Yes,No,Total
 Urban,105,3853,3958
 Rural,106,24288,24394
 Total,211,28141,28352
NotApp :,207,*,*
AREA # 120308,Dala,*,*
Urban/Rural,Car/Truck/Van,*,*
*,Yes,No,Total
 Urban,271,25060,25331
 Rural,95,12486,12581
 Total,366,37546,37912
NotApp :,211,*,*
AREA # 120309,Seikkyi/Khanaungto,*,*
Urban/Rural,Car/Truck/Van,*,*
*,Yes,No,Total
 Urban,38,7691,7729
 Total,38,7691,7729
NotApp :,39,*,*
AREA # 120310,Cocogyun,*,*
Urban/Rural,Car/Truck/Van,*,*
*,Yes,No,Total
 Urban,2,349,351
 Total,2,349,351
NotApp :,8,*,*
AREA # 120351,Tada(ST),*,*
Urban/Rural,Car/Truck/Van,*,*
*,Yes,No,Total
 Urban,24,2466,2490
 Rural,17,6986,7003
 Total,41,9452,9493
NotApp :,57,*,*
AREA # 120401,Kyauktada,*,*
Urban/Rural,Car/Truck/Van,*,*
*,Yes,No,Total
 Urban,1526,4594,6120
 Total,1526,4594,6120
NotApp :,412,*,*
AREA # 120402,Pabedan,*,*
Urban/Rural,Car/Truck/Van,*,*
*,Yes,No,Total
 Urban,1539,5024,6563
 Total,1539,5024,6563
NotApp :,145,*,*
AREA # 120403,Lanmadaw,*,*
Urban/Rural,Car/Truck/Van,*,*
*,Yes,No,Total
 Urban,2789,5810,8599
 Total,2789,5810,8599
NotApp :,607,*,*
AREA # 120404,Latha,*,*
Urban/Rural,Car/Truck/Van,*,*
*,Yes,No,Total
 Urban,1273,3200,4473
 Total,1273,3200,4473
NotApp :,510,*,*
AREA # 120405,Ahlon,*,*
Urban/Rural,Car/Truck/Van,*,*
*,Yes,No,Total
 Urban,2511,8432,10943
 Total,2511,8432,10943
NotApp :,503,*,*
AREA # 120406,Kyimyindine,*,*
Urban/Rural,Car/Truck/Van,*,*
*,Yes,No,Total
 Urban,2954,20108,23062
 Total,2954,20108,23062
NotApp :,182,*,*
AREA # 120407,Sangyoung,*,*
Urban/Rural,Car/Truck/Van,*,*
*,Yes,No,Total
 Urban,5244,15391,20635
 Total,5244,15391,20635
NotApp :,1228,*,*
AREA # 120408,Hline,*,*
Urban/Rural,Car/Truck/Van,*,*
*,Yes,No,Total
 Urban,5904,26933,32837
 Total,5904,26933,32837
NotApp :,851,*,*
AREA # 120409,Kamayut,*,*
Urban/Rural,Car/Truck/Van,*,*
*,Yes,No,Total
 Urban,4216,12083,16299
 Total,4216,12083,16299
NotApp :,1002,*,*
AREA # 120410,Mayangon,*,*
Urban/Rural,Car/Truck/Van,*,*
*,Yes,No,Total
 Urban,6664,32143,38807
 Total,6664,32143,38807
NotApp :,891,*,*
AREA # 120411,Dagon,*,*
Urban/Rural,Car/Truck/Van,*,*
*,Yes,No,Total
 Urban,1635,2973,4608
 Total,1635,2973,4608
NotApp :,176,*,*
AREA # 120412,Bahan,*,*
Urban/Rural,Car/Truck/Van,*,*
*,Yes,No,Total
 Urban,4426,13000,17426
 Total,4426,13000,17426
NotApp :,1076,*,*
AREA # 120413,Seikkan,*,*
Urban/Rural,Car/Truck/Van,*,*
*,Yes,No,Total
 Urban,31,379,410
 Total,31,379,410
NotApp :,67,*,*
AREA # 130101,Taunggyi,*,*
Urban/Rural,Car/Truck/Van,*,*
*,Yes,No,Total
 Urban,6265,50383,56648
 Rural,875,25081,25956
 Total,7140,75464,82604
NotApp :,922,*,*
AREA # 130102,Nyaungshwe,*,*
Urban/Rural,Car/Truck/Van,*,*
*,Yes,No,Total
 Urban,320,2739,3059
 Rural,375,39200,39575
 Total,695,41939,42634
NotApp :,550,*,*
AREA # 130103,Hopon,*,*
Urban/Rural,Car/Truck/Van,*,*
*,Yes,No,Total
 Urban,277,4259,4536
 Rural,268,19924,20192
 Total,545,24183,24728
NotApp :,246,*,*
AREA # 130104,Hsihseng,*,*
Urban/Rural,Car/Truck/Van,*,*
*,Yes,No,Total
 Urban,90,2559,2649
 Rural,611,29511,30122
 Total,701,32070,32771
NotApp :,323,*,*
AREA # 130105,Kalaw,*,*
Urban/Rural,Car/Truck/Van,*,*
*,Yes,No,Total
 Urban,787,11811,12598
 Rural,413,28330,28743
 Total,1200,40141,41341
NotApp :,409,*,*
AREA # 130106,Pindaya,*,*
Urban/Rural,Car/Truck/Van,*,*
*,Yes,No,Total
 Urban,132,2127,2259
 Rural,121,15164,15285
 Total,253,17291,17544
NotApp :,214,*,*
AREA # 130107,Ywarngan,*,*
Urban/Rural,Car/Truck/Van,*,*
*,Yes,No,Total
 Urban,50,1105,1155
 Rural,166,17027,17193
 Total,216,18132,18348
NotApp :,248,*,*
AREA # 130108,Yatsauk,*,*
Urban/Rural,Car/Truck/Van,*,*
*,Yes,No,Total
 Urban,340,5337,5677
 Rural,328,19952,20280
 Total,668,25289,25957
NotApp :,294,*,*
AREA # 130109,Pinlaung,*,*
Urban/Rural,Car/Truck/Van,*,*
*,Yes,No,Total
 Urban,213,2557,2770
 Rural,529,22205,22734
 Total,742,24762,25504
NotApp :,214,*,*
AREA # 130110,Phekon,*,*
Urban/Rural,Car/Truck/Van,*,*
*,Yes,No,Total
 Urban,144,3287,3431
 Rural,421,16232,16653
 Total,565,19519,20084
NotApp :,187,*,*
AREA # 130151,Kyauktalongyi(ST),*,*
Urban/Rural,Car/Truck/Van,*,*
*,Yes,No,Total
 Urban,24,578,602
 Rural,365,11298,11663
 Total,389,11876,12265
NotApp :,78,*,*
AREA # 130152,Indaw(ST),*,*
Urban/Rural,Car/Truck/Van,*,*
*,Yes,No,Total
 Urban,59,1777,1836
 Rural,115,6199,6314
 Total,174,7976,8150
NotApp :,120,*,*
AREA # 130153,Naungtayar(ST),*,*
Urban/Rural,Car/Truck/Van,*,*
*,Yes,No,Total
 Urban,81,898,979
 Rural,255,15345,15600
 Total,336,16243,16579
NotApp :,149,*,*
AREA # 130201,Loilem,*,*
Urban/Rural,Car/Truck/Van,*,*
*,Yes,No,Total
 Urban,152,2701,2853
 Rural,144,7904,8048
 Total,296,10605,10901
NotApp :,112,*,*
AREA # 130202,Le`char,*,*
Urban/Rural,Car/Truck/Van,*,*
*,Yes,No,Total
 Urban,128,1202,1330
 Rural,259,7201,7460
 Total,387,8403,8790
NotApp :,101,*,*
AREA # 130203,Nanhsam(South),*,*
Urban/Rural,Car/Truck/Van,*,*
*,Yes,No,Total
 Urban,436,4405,4841
 Rural,609,13413,14022
 Total,1045,17818,18863
NotApp :,264,*,*
AREA # 130204,Kunhing,*,*
Urban/Rural,Car/Truck/Van,*,*
*,Yes,No,Total
 Urban,117,1425,1542
 Rural,40,2988,3028
 Total,157,4413,4570
NotApp :,122,*,*
AREA # 130205,Kehsi,*,*
Urban/Rural,Car/Truck/Van,*,*
*,Yes,No,Total
 Urban,62,780,842
 Rural,265,7794,8059
 Total,327,8574,8901
NotApp :,109,*,*
AREA # 130206,Mongkai,*,*
Urban/Rural,Car/Truck/Van,*,*
*,Yes,No,Total
 Urban,225,1994,2219
 Rural,188,13925,14113
 Total,413,15919,16332
NotApp :,213,*,*
AREA # 130207,Mineshu,*,*
Urban/Rural,Car/Truck/Van,*,*
*,Yes,No,Total
 Urban,116,1967,2083
 Rural,148,6970,7118
 Total,264,8937,9201
NotApp :,161,*,*
AREA # 130251,Panglong(ST),*,*
Urban/Rural,Car/Truck/Van,*,*
*,Yes,No,Total
 Urban,384,4840,5224
 Rural,104,9188,9292
 Total,488,14028,14516
NotApp :,104,*,*
AREA # 130252,Kholan(ST),*,*
Urban/Rural,Car/Truck/Van,*,*
*,Yes,No,Total
 Urban,120,1628,1748
 Rural,80,2536,2616
 Total,200,4164,4364
NotApp :,145,*,*
AREA # 130253,Karli(ST),*,*
Urban/Rural,Car/Truck/Van,*,*
*,Yes,No,Total
 Urban,172,1493,1665
 Rural,108,4794,4902
 Total,280,6287,6567
NotApp :,80,*,*
AREA # 130254,Minenaung(ST),*,*
Urban/Rural,Car/Truck/Van,*,*
*,Yes,No,Total
 Urban,35,717,752
 Rural,73,4986,5059
 Total,108,5703,5811
NotApp :,69,*,*
AREA # 130255,Minesan(Monsan)(ST),*,*
Urban/Rural,Car/Truck/Van,*,*
*,Yes,No,Total
 Urban,19,488,507
 Rural,29,6130,6159
 Total,48,6618,6666
NotApp :,259,*,*
AREA # 130301,Linkhe`,*,*
Urban/Rural,Car/Truck/Van,*,*
*,Yes,No,Total
 Urban,74,1644,1718
 Rural,131,6539,6670
 Total,205,8183,8388
NotApp :,100,*,*
AREA # 130302,Mone`,*,*
Urban/Rural,Car/Truck/Van,*,*
*,Yes,No,Total
 Urban,108,1995,2103
 Rural,41,4080,4121
 Total,149,6075,6224
NotApp :,66,*,*
AREA # 130303,Maukme`,*,*
Urban/Rural,Car/Truck/Van,*,*
*,Yes,No,Total
 Urban,40,1152,1192
 Rural,37,5965,6002
 Total,77,7117,7194
NotApp :,191,*,*
AREA # 130304,Minepan,*,*
Urban/Rural,Car/Truck/Van,*,*
*,Yes,No,Total
 Urban,97,1862,1959
 Rural,60,3402,3462
 Total,157,5264,5421
NotApp :,165,*,*
AREA # 130351,Homane(ST),*,*
Urban/Rural,Car/Truck/Van,*,*
*,Yes,No,Total
 Urban,95,579,674
 Rural,13,473,486
 Total,108,1052,1160
NotApp :,17,*,*
AREA # 130352,Kengtaung(ST),*,*
Urban/Rural,Car/Truck/Van,*,*
*,Yes,No,Total
 Urban,120,1977,2097
 Rural,-,164,164
 Total,120,2141,2261
NotApp :,46,*,*
AREA # 130401,Lashio,*,*
Urban/Rural,Car/Truck/Van,*,*
*,Yes,No,Total
 Urban,4258,29841,34099
 Rural,869,29964,30833
 Total,5127,59805,64932
NotApp :,881,*,*
AREA # 130402,Theinni,*,*
Urban/Rural,Car/Truck/Van,*,*
*,Yes,No,Total
 Urban,203,1720,1923
 Rural,323,9533,9856
 Total,526,11253,11779
NotApp :,116,*,*
AREA # 130403,Mineye`,*,*
Urban/Rural,Car/Truck/Van,*,*
*,Yes,No,Total
 Urban,83,1387,1470
 Rural,237,11621,11858
 Total,320,13008,13328
NotApp :,139,*,*
AREA # 130404,Tantyan,*,*
Urban/Rural,Car/Truck/Van,*,*
*,Yes,No,Total
 Urban,497,6311,6808
 Rural,377,27957,28334
 Total,874,34268,35142
NotApp :,291,*,*
AREA # 130501,MuSe,*,*
Urban/Rural,Car/Truck/Van,*,*
*,Yes,No,Total
 Urban,2288,11046,13334
 Rural,757,8123,8880
 Total,3045,19169,22214
NotApp :,873,*,*
AREA # 130502,Namkham,*,*
Urban/Rural,Car/Truck/Van,*,*
*,Yes,No,Total
 Urban,735,5397,6132
 Rural,329,14956,15285
 Total,1064,20353,21417
NotApp :,200,*,*
AREA # 130503,Kukai,*,*
Urban/Rural,Car/Truck/Van,*,*
*,Yes,No,Total
 Urban,441,4242,4683
 Rural,296,14052,14348
 Total,737,18294,19031
NotApp :,175,*,*
AREA # 130551,Monekoe(ST),*,*
Urban/Rural,Car/Truck/Van,*,*
*,Yes,No,Total
 Urban,140,1329,1469
 Rural,85,2804,2889
 Total,225,4133,4358
NotApp :,29,*,*
AREA # 130552,Manhero(ST),*,*
Urban/Rural,Car/Truck/Van,*,*
*,Yes,No,Total
 Urban,7,339,346
 Rural,101,1196,1297
 Total,108,1535,1643
NotApp :,30,*,*
AREA # 130553,Pansai(KyuKute)(ST),*,*
Urban/Rural,Car/Truck/Van,*,*
*,Yes,No,Total
 Urban,203,1565,1768
 Rural,180,2595,2775
 Total,383,4160,4543
NotApp :,51,*,*
AREA # 130554,Tamoenye(ST),*,*
Urban/Rural,Car/Truck/Van,*,*
*,Yes,No,Total
 Urban,153,2334,2487
 Rural,267,10295,10562
 Total,420,12629,13049
NotApp :,45,*,*
AREA # 130601,Kyukme,*,*
Urban/Rural,Car/Truck/Van,*,*
*,Yes,No,Total
 Urban,603,8050,8653
 Rural,398,19320,19718
 Total,1001,27370,28371
NotApp :,367,*,*
AREA # 130602,Naungkhio,*,*
Urban/Rural,Car/Truck/Van,*,*
*,Yes,No,Total
 Urban,308,3863,4171
 Rural,849,27204,28053
 Total,1157,31067,32224
NotApp :,365,*,*
AREA # 130603,Hsipaw,*,*
Urban/Rural,Car/Truck/Van,*,*
*,Yes,No,Total
 Urban,303,3706,4009
 Rural,736,33161,33897
 Total,1039,36867,37906
NotApp :,454,*,*
AREA # 130604,Namtu,*,*
Urban/Rural,Car/Truck/Van,*,*
*,Yes,No,Total
 Urban,80,3177,3257
 Rural,169,8215,8384
 Total,249,11392,11641
NotApp :,153,*,*
AREA # 130605,Namsan(North),*,*
Urban/Rural,Car/Truck/Van,*,*
*,Yes,No,Total
 Urban,54,881,935
 Rural,91,12659,12750
 Total,145,13540,13685
NotApp :,265,*,*
AREA # 130606,Momeik,*,*
Urban/Rural,Car/Truck/Van,*,*
*,Yes,No,Total
 Urban,125,2108,2233
 Rural,203,11216,11419
 Total,328,13324,13652
NotApp :,177,*,*
AREA # 130607,Mabane,*,*
Urban/Rural,Car/Truck/Van,*,*
*,Yes,No,Total
 Urban,69,645,714
 Rural,729,7189,7918
 Total,798,7834,8632
NotApp :,266,*,*
AREA # 130608,Manton,*,*
Urban/Rural,Car/Truck/Van,*,*
*,Yes,No,Total
 Urban,39,740,779
 Rural,36,6868,6904
 Total,75,7608,7683
NotApp :,136,*,*
AREA # 130651,Minengaw(ST),*,*
Urban/Rural,Car/Truck/Van,*,*
*,Yes,No,Total
 Urban,18,595,613
 Rural,14,3402,3416
 Total,32,3997,4029
NotApp :,98,*,*
AREA # 130652,Minelon(ST),*,*
Urban/Rural,Car/Truck/Van,*,*
*,Yes,No,Total
 Urban,19,567,586
 Rural,30,5240,5270
 Total,49,5807,5856
NotApp :,201,*,*
AREA # 130701,Kunlon,*,*
Urban/Rural,Car/Truck/Van,*,*
*,Yes,No,Total
 Urban,118,1040,1158
 Rural,303,8931,9234
 Total,421,9971,10392
NotApp :,158,*,*
AREA # 130801,Laukine,*,*
Urban/Rural,Car/Truck/Van,*,*
*,Yes,No,Total
 Urban,1221,1720,2941
 Rural,1033,10257,11290
 Total,2254,11977,14231
NotApp :,557,*,*
AREA # 130802,Kongyan,*,*
Urban/Rural,Car/Truck/Van,*,*
*,Yes,No,Total
 Urban,58,136,194
 Rural,141,5127,5268
 Total,199,5263,5462
NotApp :,14,*,*
AREA # 130851,Chinshwehaw(ST),*,*
Urban/Rural,Car/Truck/Van,*,*
*,Yes,No,Total
 Urban,79,540,619
 Rural,16,315,331
 Total,95,855,950
NotApp :,28,*,*
AREA # 130852,Mawhtike(ST),*,*
Urban/Rural,Car/Truck/Van,*,*
*,Yes,No,Total
 Urban,28,57,85
 Rural,88,4030,4118
 Total,116,4087,4203
NotApp :,14,*,*
AREA # 130901,Hopan,*,*
Urban/Rural,Car/Truck/Van,*,*
*,Yes,No,Total
 Urban,358,3020,3378
 Rural,231,6422,6653
 Total,589,9442,10031
NotApp :,72,*,*
AREA # 130902,Minemaw,*,*
Urban/Rural,Car/Truck/Van,*,*
*,Yes,No,Total
 Urban,149,704,853
 Rural,260,9332,9592
 Total,409,10036,10445
NotApp :,71,*,*
AREA # 130903,Panwine,*,*
Urban/Rural,Car/Truck/Van,*,*
*,Yes,No,Total
 Urban,65,404,469
 Rural,401,13099,13500
 Total,466,13503,13969
NotApp :,8,*,*
AREA # 130952,Panlon(ST),*,*
Urban/Rural,Car/Truck/Van,*,*
*,Yes,No,Total
 Urban,25,636,661
 Rural,-,524,524
 Total,25,1160,1185
NotApp :,26,*,*
AREA # 131001,Makman,*,*
Urban/Rural,Car/Truck/Van,*,*
*,Yes,No,Total
 Urban,6,61,67
 Rural,10,3241,3251
 Total,16,3302,3318
NotApp :,55,*,*
AREA # 131002,Pan San(Pan Kham),*,*
Urban/Rural,Car/Truck/Van,*,*
*,Yes,No,Total
 Urban,757,1265,2022
 Rural,834,13286,14120
 Total,1591,14551,16142
NotApp :,744,*,*
AREA # 131003,Naphang,*,*
Urban/Rural,Car/Truck/Van,*,*
*,Yes,No,Total
 Urban,13,142,155
 Rural,155,16164,16319
 Total,168,16306,16474
NotApp :,40,*,*
AREA # 131051,ManKan(ST),*,*
Urban/Rural,Car/Truck/Van,*,*
*,Yes,No,Total
 Urban,1,80,81
 Rural,2,232,234
 Total,3,312,315
NotApp :,19,*,*
AREA # 131101,Kengtung,*,*
Urban/Rural,Car/Truck/Van,*,*
*,Yes,No,Total
 Urban,938,8164,9102
 Rural,374,24620,24994
 Total,1312,32784,34096
NotApp :,512,*,*
AREA # 131102,Minekat,*,*
Urban/Rural,Car/Truck/Van,*,*
*,Yes,No,Total
 Urban,22,536,558
 Rural,40,7427,7467
 Total,62,7963,8025
NotApp :,133,*,*
AREA # 131103,Mineyan,*,*
Urban/Rural,Car/Truck/Van,*,*
*,Yes,No,Total
 Urban,116,873,989
 Rural,872,8258,9130
 Total,988,9131,10119
NotApp :,153,*,*
AREA # 131104,Minelar,*,*
Urban/Rural,Car/Truck/Van,*,*
*,Yes,No,Total
 Urban,611,949,1560
 Rural,318,3330,3648
 Total,929,4279,5208
NotApp :,231,*,*
AREA # 131151,Mine Pauk(ST),*,*
Urban/Rural,Car/Truck/Van,*,*
*,Yes,No,Total
 Rural,619,8666,9285
 Total,619,8666,9285
NotApp :,65,*,*
AREA # 131201,Minesat,*,*
Urban/Rural,Car/Truck/Van,*,*
*,Yes,No,Total
 Urban,167,1394,1561
 Rural,809,13539,14348
 Total,976,14933,15909
NotApp :,313,*,*
AREA # 131202,Minepyin,*,*
Urban/Rural,Car/Truck/Van,*,*
*,Yes,No,Total
 Urban,70,1263,1333
 Rural,88,9184,9272
 Total,158,10447,10605
NotApp :,144,*,*
AREA # 131203,Minetung,*,*
Urban/Rural,Car/Truck/Van,*,*
*,Yes,No,Total
 Urban,88,1031,1119
 Rural,79,3060,3139
 Total,167,4091,4258
NotApp :,57,*,*
AREA # 131251,Minekoke(ST),*,*
Urban/Rural,Car/Truck/Van,*,*
*,Yes,No,Total
 Urban,23,261,284
 Rural,52,2866,2918
 Total,75,3127,3202
NotApp :,77,*,*
AREA # 131252,Tontar(ST),*,*
Urban/Rural,Car/Truck/Van,*,*
*,Yes,No,Total
 Urban,26,401,427
 Rural,6,2261,2267
 Total,32,2662,2694
NotApp :,33,*,*
AREA # 131253,Ponparkyin(ST),*,*
Urban/Rural,Car/Truck/Van,*,*
*,Yes,No,Total
 Urban,48,673,721
 Rural,284,6329,6613
 Total,332,7002,7334
NotApp :,83,*,*
AREA # 131254,Monehta(ST),*,*
Urban/Rural,Car/Truck/Van,*,*
*,Yes,No,Total
 Urban,2,89,91
 Rural,10,828,838
 Total,12,917,929
NotApp :,3,*,*
AREA # 131301,Tachileik,*,*
Urban/Rural,Car/Truck/Van,*,*
*,Yes,No,Total
 Urban,1703,9391,11094
 Rural,2045,18040,20085
 Total,3748,27431,31179
NotApp :,515,*,*
AREA # 131351,Talay(ST),*,*
Urban/Rural,Car/Truck/Van,*,*
*,Yes,No,Total
 Urban,53,820,873
 Rural,85,3060,3145
 Total,138,3880,4018
NotApp :,85,*,*
AREA # 131352,Kenglat(ST),*,*
Urban/Rural,Car/Truck/Van,*,*
*,Yes,No,Total
 Urban,52,710,762
 Rural,35,1679,1714
 Total,87,2389,2476
NotApp :,39,*,*
AREA # 131401,Minephyat,*,*
Urban/Rural,Car/Truck/Van,*,*
*,Yes,No,Total
 Urban,60,1263,1323
 Rural,62,4780,4842
 Total,122,6043,6165
NotApp :,161,*,*
AREA # 131402,Mineyaung,*,*
Urban/Rural,Car/Truck/Van,*,*
*,Yes,No,Total
 Urban,77,1113,1190
 Rural,54,5085,5139
 Total,131,6198,6329
NotApp :,131,*,*
AREA # 131451,Mineyu(ST),*,*
Urban/Rural,Car/Truck/Van,*,*
*,Yes,No,Total
 Urban,7,224,231
 Rural,546,10090,10636
 Total,553,10314,10867
NotApp :,165,*,*
AREA # 140101,Kangyidaunt,*,*
Urban/Rural,Car/Truck/Van,*,*
*,Yes,No,Total
 Urban,43,2631,2674
 Rural,209,40083,40292
 Total,252,42714,42966
NotApp :,345,*,*
AREA # 140102,Kyaungon,*,*
Urban/Rural,Car/Truck/Van,*,*
*,Yes,No,Total
 Urban,86,3864,3950
 Rural,71,37381,37452
 Total,157,41245,41402
NotApp :,278,*,*
AREA # 140103,Kyonpyaw,*,*
Urban/Rural,Car/Truck/Van,*,*
*,Yes,No,Total
 Urban,118,5881,5999
 Rural,137,53352,53489
 Total,255,59233,59488
NotApp :,394,*,*
AREA # 140104,Ngaputaw,*,*
Urban/Rural,Car/Truck/Van,*,*
*,Yes,No,Total
 Urban,17,2524,2541
 Rural,126,34709,34835
 Total,143,37233,37376
NotApp :,231,*,*
AREA # 140105,Pathein,*,*
Urban/Rural,Car/Truck/Van,*,*
*,Yes,No,Total
 Urban,1510,35931,37441
 Rural,143,28452,28595
 Total,1653,64383,66036
NotApp :,851,*,*
AREA # 140106,Yekyi,*,*
Urban/Rural,Car/Truck/Van,*,*
*,Yes,No,Total
 Urban,58,2708,2766
 Rural,166,24870,25036
 Total,224,27578,27802
NotApp :,199,*,*
AREA # 140107,Thapaung,*,*
Urban/Rural,Car/Truck/Van,*,*
*,Yes,No,Total
 Urban,17,1723,1740
 Rural,86,35411,35497
 Total,103,37134,37237
NotApp :,376,*,*
AREA # 140151,Ngayokaung(ST),*,*
Urban/Rural,Car/Truck/Van,*,*
*,Yes,No,Total
 Urban,4,829,833
 Rural,39,9329,9368
 Total,43,10158,10201
NotApp :,68,*,*
AREA # 140152,Hainggyikyun(ST),*,*
Urban/Rural,Car/Truck/Van,*,*
*,Yes,No,Total
 Urban,23,3526,3549
 Rural,119,25407,25526
 Total,142,28933,29075
NotApp :,204,*,*
AREA # 140153,Shwethaungyan(ST),*,*
Urban/Rural,Car/Truck/Van,*,*
*,Yes,No,Total
 Urban,9,810,819
 Rural,64,9298,9362
 Total,73,10108,10181
NotApp :,202,*,*
AREA # 140154,Ngwehsaung(ST),*,*
Urban/Rural,Car/Truck/Van,*,*
*,Yes,No,Total
 Urban,63,2612,2675
 Rural,21,6774,6795
 Total,84,9386,9470
NotApp :,180,*,*
AREA # 140155,Ngathaingchaung(ST),*,*
Urban/Rural,Car/Truck/Van,*,*
*,Yes,No,Total
 Urban,85,4512,4597
 Rural,271,18045,18316
 Total,356,22557,22913
NotApp :,199,*,*
AREA # 140201,Kyaiklatt,*,*
Urban/Rural,Car/Truck/Van,*,*
*,Yes,No,Total
 Urban,91,5326,5417
 Rural,36,38295,38331
 Total,127,43621,43748
NotApp :,526,*,*
AREA # 140202,Daydaye,*,*
Urban/Rural,Car/Truck/Van,*,*
*,Yes,No,Total
 Urban,61,3505,3566
 Rural,82,44962,45044
 Total,143,48467,48610
NotApp :,479,*,*
AREA # 140203,Phyapon,*,*
Urban/Rural,Car/Truck/Van,*,*
*,Yes,No,Total
 Urban,237,9817,10054
 Rural,92,31484,31576
 Total,329,41301,41630
NotApp :,366,*,*
AREA # 140204,Bogale,*,*
Urban/Rural,Car/Truck/Van,*,*
*,Yes,No,Total
 Urban,86,10029,10115
 Rural,313,65559,65872
 Total,399,75588,75987
NotApp :,607,*,*
AREA # 140251,Ahmar(ST),*,*
Urban/Rural,Car/Truck/Van,*,*
*,Yes,No,Total
 Urban,2,775,777
 Rural,77,26932,27009
 Total,79,27707,27786
NotApp :,383,*,*
AREA # 140301,Nyaungdon,*,*
Urban/Rural,Car/Truck/Van,*,*
*,Yes,No,Total
 Urban,166,5734,5900
 Rural,187,45114,45301
 Total,353,50848,51201
NotApp :,457,*,*
AREA # 140302,Danubyu,*,*
Urban/Rural,Car/Truck/Van,*,*
*,Yes,No,Total
 Urban,99,5081,5180
 Rural,89,39528,39617
 Total,188,44609,44797
NotApp :,310,*,*
AREA # 140303,Pantanaw,*,*
Urban/Rural,Car/Truck/Van,*,*
*,Yes,No,Total
 Urban,158,4134,4292
 Rural,352,55633,55985
 Total,510,59767,60277
NotApp :,434,*,*
AREA # 140304,Maubin,*,*
Urban/Rural,Car/Truck/Van,*,*
*,Yes,No,Total
 Urban,267,8870,9137
 Rural,197,62470,62667
 Total,464,71340,71804
NotApp :,629,*,*
AREA # 140401,Myaungmya,*,*
Urban/Rural,Car/Truck/Van,*,*
*,Yes,No,Total
 Urban,289,12224,12513
 Rural,71,53588,53659
 Total,360,65812,66172
NotApp :,571,*,*
AREA # 140402,Wakema,*,*
Urban/Rural,Car/Truck/Van,*,*
*,Yes,No,Total
 Urban,47,5258,5305
 Rural,76,62067,62143
 Total,123,67325,67448
NotApp :,575,*,*
AREA # 140403,Einme,*,*
Urban/Rural,Car/Truck/Van,*,*
*,Yes,No,Total
 Urban,113,2933,3046
 Rural,116,43293,43409
 Total,229,46226,46455
NotApp :,362,*,*
AREA # 140501,Mawlamyinegyun,*,*
Urban/Rural,Car/Truck/Van,*,*
*,Yes,No,Total
 Urban,51,7532,7583
 Rural,73,67230,67303
 Total,124,74762,74886
NotApp :,436,*,*
AREA # 140502,Labutta,*,*
Urban/Rural,Car/Truck/Van,*,*
*,Yes,No,Total
 Urban,87,7116,7203
 Rural,71,47872,47943
 Total,158,54988,55146
NotApp :,425,*,*
AREA # 140551,Pyinsalu(ST),*,*
Urban/Rural,Car/Truck/Van,*,*
*,Yes,No,Total
 Urban,-,501,501
 Rural,31,19905,19936
 Total,31,20406,20437
NotApp :,161,*,*
AREA # 140601,Kyangin,*,*
Urban/Rural,Car/Truck/Van,*,*
*,Yes,No,Total
 Urban,165,5141,5306
 Rural,192,21359,21551
 Total,357,26500,26857
NotApp :,241,*,*
AREA # 140602,Zalun,*,*
Urban/Rural,Car/Truck/Van,*,*
*,Yes,No,Total
 Urban,71,5186,5257
 Rural,91,36725,36816
 Total,162,41911,42073
NotApp :,220,*,*
AREA # 140603,Myanaung,*,*
Urban/Rural,Car/Truck/Van,*,*
*,Yes,No,Total
 Urban,113,5936,6049
 Rural,208,53663,53871
 Total,321,59599,59920
NotApp :,437,*,*
AREA # 140604,Laymyethna,*,*
Urban/Rural,Car/Truck/Van,*,*
*,Yes,No,Total
 Urban,8,762,770
 Rural,66,25408,25474
 Total,74,26170,26244
NotApp :,310,*,*
AREA # 140605,Hinthada,*,*
Urban/Rural,Car/Truck/Van,*,*
*,Yes,No,Total
 Urban,523,19306,19829
 Rural,286,66014,66300
 Total,809,85320,86129
NotApp :,639,*,*
AREA # 140606,Ingapu,*,*
Urban/Rural,Car/Truck/Van,*,*
*,Yes,No,Total
 Urban,39,3539,3578
 Rural,201,53450,53651
 Total,240,56989,57229
NotApp :,515,*,*
AREA # 150101,Tatkon,*,*
Urban/Rural,Car/Truck/Van,*,*
*,Yes,No,Total
 Urban,359,8787,9146
 Rural,296,42305,42601
 Total,655,51092,51747
NotApp :,415,*,*
AREA # 150102,Zeyarthiri,*,*
Urban/Rural,Car/Truck/Van,*,*
*,Yes,No,Total
 Urban,653,7593,8246
 Rural,462,17367,17829
 Total,1115,24960,26075
NotApp :,326,*,*
AREA # 150103,Ottarathiri,*,*
Urban/Rural,Car/Truck/Van,*,*
*,Yes,No,Total
 Urban,308,4587,4895
 Rural,227,13539,13766
 Total,535,18126,18661
NotApp :,325,*,*
AREA # 150104,Pobbathiri,*,*
Urban/Rural,Car/Truck/Van,*,*
*,Yes,No,Total
 Urban,635,9613,10248
 Rural,444,16924,17368
 Total,1079,26537,27616
NotApp :,382,*,*
AREA # 150201,Pyinmana,*,*
Urban/Rural,Car/Truck/Van,*,*
*,Yes,No,Total
 Urban,1441,13015,14456
 Rural,503,24704,25207
 Total,1944,37719,39663
NotApp :,695,*,*
AREA # 150202,Lewe,*,*
Urban/Rural,Car/Truck/Van,*,*
*,Yes,No,Total
 Urban,327,5796,6123
 Rural,465,58586,59051
 Total,792,64382,65174
NotApp :,584,*,*
AREA # 150203,Zabuthiri,*,*
Urban/Rural,Car/Truck/Van,*,*
*,Yes,No,Total
 Urban,2112,22610,24722
 Rural,24,1574,1598
 Total,2136,24184,26320
NotApp :,869,*,*
AREA # 150204,Dekkhinathiri,*,*
Urban/Rural,Car/Truck/Van,*,*
*,Yes,No,Total
 Urban,105,803,908
 Rural,47,6042,6089
 Total,152,6845,6997
NotApp :,205,*,*
SUMMARY,*,*,*
Urban/Rural,Car/Truck/Van,*,*
*,Yes,No,Total
 Urban,246306,2803127,3049433
 Rural,94272,7734127,7828399
 Total,340578,10537254,10877832
NotApp :,137752,*,*
