Urban_Rural,Cart_(bullock)_Yes,Cart_(bullock)_No,Cart_(bullock)_Total
AREA # 010101,Myitkyina,*,*
Urban/Rural,Cart (bullock),*,*
*,Yes,No,Total
 Urban,2786,36882,39668
 Rural,3291,7624,10915
 Total,6077,44506,50583
NotApp :,1258,*,*
AREA # 010102,Waingmaw,*,*
Urban/Rural,Cart (bullock),*,*
*,Yes,No,Total
 Urban,759,3061,3820
 Rural,5156,10804,15960
 Total,5915,13865,19780
NotApp :,241,*,*
AREA # 010103,Ingyanyan,*,*
Urban/Rural,Cart (bullock),*,*
*,Yes,No,Total
 Urban,22,56,78
 Rural,52,155,207
 Total,74,211,285
NotApp :,35,*,*
AREA # 010104,Tanaing,*,*
Urban/Rural,Cart (bullock),*,*
*,Yes,No,Total
 Urban,728,2966,3694
 Rural,723,1981,2704
 Total,1451,4947,6398
NotApp :,303,*,*
AREA # 010105,Chiphwe,*,*
Urban/Rural,Cart (bullock),*,*
*,Yes,No,Total
 Urban,11,318,329
 Rural,67,1535,1602
 Total,78,1853,1931
NotApp :,11,*,*
AREA # 010106,Hsotlaw,*,*
Urban/Rural,Cart (bullock),*,*
*,Yes,No,Total
 Urban,5,61,66
 Rural,476,531,1007
 Total,481,592,1073
NotApp :,4,*,*
AREA # 010151,Hsinbo(ST),*,*
Urban/Rural,Cart (bullock),*,*
*,Yes,No,Total
 Urban,174,530,704
 Rural,743,561,1304
 Total,917,1091,2008
NotApp :,80,*,*
AREA # 010152,Hsadone(ST),*,*
Urban/Rural,Cart (bullock),*,*
*,Yes,No,Total
 Urban,40,470,510
 Rural,63,1037,1100
 Total,103,1507,1610
NotApp :,9,*,*
AREA # 010153,Kanpaikti(ST),*,*
Urban/Rural,Cart (bullock),*,*
*,Yes,No,Total
 Urban,1,173,174
 Rural,152,1144,1296
 Total,153,1317,1470
NotApp :,20,*,*
AREA # 010154,Shinbwayyan(ST),*,*
Urban/Rural,Cart (bullock),*,*
*,Yes,No,Total
 Urban,21,1004,1025
 Rural,214,891,1105
 Total,235,1895,2130
NotApp :,15,*,*
AREA # 010155,Panwa(ST),*,*
Urban/Rural,Cart (bullock),*,*
*,Yes,No,Total
 Urban,-,196,196
 Rural,53,1126,1179
 Total,53,1322,1375
NotApp :,41,*,*
AREA # 010201,Mohnyin,*,*
Urban/Rural,Cart (bullock),*,*
*,Yes,No,Total
 Urban,560,5793,6353
 Rural,11419,12418,23837
 Total,11979,18211,30190
NotApp :,542,*,*
AREA # 010202,Mogaung,*,*
Urban/Rural,Cart (bullock),*,*
*,Yes,No,Total
 Urban,705,3743,4448
 Rural,9280,11170,20450
 Total,9985,14913,24898
NotApp :,208,*,*
AREA # 010203,Phakant,*,*
Urban/Rural,Cart (bullock),*,*
*,Yes,No,Total
 Urban,35,6821,6856
 Rural,1972,24306,26278
 Total,2007,31127,33134
NotApp :,1665,*,*
AREA # 010251,Hopin(ST),*,*
Urban/Rural,Cart (bullock),*,*
*,Yes,No,Total
 Urban,699,3842,4541
 Rural,2781,2110,4891
 Total,3480,5952,9432
NotApp :,114,*,*
AREA # 010252,Kamine(ST),*,*
Urban/Rural,Cart (bullock),*,*
*,Yes,No,Total
 Urban,366,664,1030
 Rural,1054,1414,2468
 Total,1420,2078,3498
NotApp :,131,*,*
AREA # 010301,Bhamo,*,*
Urban/Rural,Cart (bullock),*,*
*,Yes,No,Total
 Urban,496,9019,9515
 Rural,5478,9168,14646
 Total,5974,18187,24161
NotApp :,571,*,*
AREA # 010302,Shwegu,*,*
Urban/Rural,Cart (bullock),*,*
*,Yes,No,Total
 Urban,323,3079,3402
 Rural,6770,5656,12426
 Total,7093,8735,15828
NotApp :,336,*,*
AREA # 010303,Momauk,*,*
Urban/Rural,Cart (bullock),*,*
*,Yes,No,Total
 Urban,512,1578,2090
 Rural,2206,4338,6544
 Total,2718,5916,8634
NotApp :,144,*,*
AREA # 010304,Mansi,*,*
Urban/Rural,Cart (bullock),*,*
*,Yes,No,Total
 Urban,391,1227,1618
 Rural,2189,6747,8936
 Total,2580,7974,10554
NotApp :,82,*,*
AREA # 010351,Myohla(ST),*,*
Urban/Rural,Cart (bullock),*,*
*,Yes,No,Total
 Urban,175,186,361
 Rural,161,271,432
 Total,336,457,793
NotApp :,11,*,*
AREA # 010352,Lwe`ge`(ST),*,*
Urban/Rural,Cart (bullock),*,*
*,Yes,No,Total
 Urban,9,1216,1225
 Rural,1,277,278
 Total,10,1493,1503
NotApp :,24,*,*
AREA # 010353,Dotphoneyan(ST),*,*
Urban/Rural,Cart (bullock),*,*
*,Yes,No,Total
 Urban,52,259,311
 Rural,291,1631,1922
 Total,343,1890,2233
NotApp :,65,*,*
AREA # 010401,Putao,*,*
Urban/Rural,Cart (bullock),*,*
*,Yes,No,Total
 Urban,1091,1720,2811
 Rural,4032,3900,7932
 Total,5123,5620,10743
NotApp :,94,*,*
AREA # 010402,Sumprabum,*,*
Urban/Rural,Cart (bullock),*,*
*,Yes,No,Total
 Urban,104,68,172
 Rural,129,178,307
 Total,233,246,479
NotApp :,18,*,*
AREA # 010403,Machanbaw,*,*
Urban/Rural,Cart (bullock),*,*
*,Yes,No,Total
 Urban,131,277,408
 Rural,874,437,1311
 Total,1005,714,1719
NotApp :,31,*,*
AREA # 010404,Khaunglanphoo,*,*
Urban/Rural,Cart (bullock),*,*
*,Yes,No,Total
 Urban,8,62,70
 Rural,436,1205,1641
 Total,444,1267,1711
NotApp :,2,*,*
AREA # 010405,Naungmoon,*,*
Urban/Rural,Cart (bullock),*,*
*,Yes,No,Total
 Urban,250,110,360
 Rural,392,191,583
 Total,642,301,943
NotApp :,4,*,*
AREA # 010451,Pannandin(ST),*,*
Urban/Rural,Cart (bullock),*,*
*,Yes,No,Total
 Urban,5,19,24
 Rural,24,221,245
 Total,29,240,269
NotApp :,1,*,*
AREA # 020101,Loikaw,*,*
Urban/Rural,Cart (bullock),*,*
*,Yes,No,Total
 Urban,136,10286,10422
 Rural,3187,12886,16073
 Total,3323,23172,26495
NotApp :,304,*,*
AREA # 020102,Dimawso,*,*
Urban/Rural,Cart (bullock),*,*
*,Yes,No,Total
 Urban,90,1047,1137
 Rural,3521,10689,14210
 Total,3611,11736,15347
NotApp :,105,*,*
AREA # 020103,Phruso,*,*
Urban/Rural,Cart (bullock),*,*
*,Yes,No,Total
 Urban,29,824,853
 Rural,1018,4039,5057
 Total,1047,4863,5910
NotApp :,78,*,*
AREA # 020104,Shardaw,*,*
Urban/Rural,Cart (bullock),*,*
*,Yes,No,Total
 Urban,73,263,336
 Rural,70,1000,1070
 Total,143,1263,1406
NotApp :,28,*,*
AREA # 020201,Bawlakhe,*,*
Urban/Rural,Cart (bullock),*,*
*,Yes,No,Total
 Urban,111,728,839
 Rural,251,499,750
 Total,362,1227,1589
NotApp :,81,*,*
AREA # 020202,Parsaung,*,*
Urban/Rural,Cart (bullock),*,*
*,Yes,No,Total
 Urban,22,572,594
 Rural,170,3969,4139
 Total,192,4541,4733
NotApp :,302,*,*
AREA # 020203,Meisi,*,*
Urban/Rural,Cart (bullock),*,*
*,Yes,No,Total
 Urban,7,188,195
 Rural,25,1082,1107
 Total,32,1270,1302
NotApp :,55,*,*
AREA # 020251,Ywathit(ST),*,*
Urban/Rural,Cart (bullock),*,*
*,Yes,No,Total
 Urban,77,215,292
 Rural,37,163,200
 Total,114,378,492
NotApp :,30,*,*
AREA # 030101,Hpa-an,*,*
Urban/Rural,Cart (bullock),*,*
*,Yes,No,Total
 Urban,93,14675,14768
 Rural,11870,62559,74429
 Total,11963,77234,89197
NotApp :,1176,*,*
AREA # 030102,Hlaingbwe,*,*
Urban/Rural,Cart (bullock),*,*
*,Yes,No,Total
 Urban,55,2224,2279
 Rural,3833,25474,29307
 Total,3888,27698,31586
NotApp :,379,*,*
AREA # 030103,Thandaunggyi,*,*
Urban/Rural,Cart (bullock),*,*
*,Yes,No,Total
 Urban,12,3050,3062
 Rural,59,2688,2747
 Total,71,5738,5809
NotApp :,36,*,*
AREA # 030151,Paingkyon(ST),*,*
Urban/Rural,Cart (bullock),*,*
*,Yes,No,Total
 Urban,54,753,807
 Rural,3479,13492,16971
 Total,3533,14245,17778
NotApp :,210,*,*
AREA # 030152,Shan Ywathit(ST),*,*
Urban/Rural,Cart (bullock),*,*
*,Yes,No,Total
 Urban,17,66,83
 Rural,363,3310,3673
 Total,380,3376,3756
NotApp :,29,*,*
AREA # 030153,Leiktho(ST),*,*
Urban/Rural,Cart (bullock),*,*
*,Yes,No,Total
 Urban,-,607,607
 Rural,281,9038,9319
 Total,281,9645,9926
NotApp :,73,*,*
AREA # 030154,Bawgali(ST),*,*
Urban/Rural,Cart (bullock),*,*
*,Yes,No,Total
 Urban,-,436,436
 Rural,298,2671,2969
 Total,298,3107,3405
NotApp :,7,*,*
AREA # 030201,Pharpon,*,*
Urban/Rural,Cart (bullock),*,*
*,Yes,No,Total
 Urban,33,600,633
 Rural,346,1565,1911
 Total,379,2165,2544
NotApp :,108,*,*
AREA # 030251,Kamamaung(ST},*,*
Urban/Rural,Cart (bullock),*,*
*,Yes,No,Total
 Urban,158,2591,2749
 Rural,311,898,1209
 Total,469,3489,3958
NotApp :,52,*,*
AREA # 030301,Myawady,*,*
Urban/Rural,Cart (bullock),*,*
*,Yes,No,Total
 Urban,78,23938,24016
 Rural,1895,15347,17242
 Total,1973,39285,41258
NotApp :,937,*,*
AREA # 030351,Sugali(ST),*,*
Urban/Rural,Cart (bullock),*,*
*,Yes,No,Total
 Urban,25,50,75
 Rural,59,927,986
 Total,84,977,1061
NotApp :,24,*,*
AREA # 030352,Wawlaymyaing(ST),*,*
Urban/Rural,Cart (bullock),*,*
*,Yes,No,Total
 Urban,2,575,577
 Rural,66,1054,1120
 Total,68,1629,1697
NotApp :,44,*,*
AREA # 030401,Kawkareik,*,*
Urban/Rural,Cart (bullock),*,*
*,Yes,No,Total
 Urban,328,8154,8482
 Rural,10490,26526,37016
 Total,10818,34680,45498
NotApp :,393,*,*
AREA # 030402,Kyarinseikkyi,*,*
Urban/Rural,Cart (bullock),*,*
*,Yes,No,Total
 Urban,110,1707,1817
 Rural,4351,15872,20223
 Total,4461,17579,22040
NotApp :,270,*,*
AREA # 030451,Payarthonezu(ST),*,*
Urban/Rural,Cart (bullock),*,*
*,Yes,No,Total
 Urban,10,6086,6096
 Rural,2769,8930,11699
 Total,2779,15016,17795
NotApp :,271,*,*
AREA # 030452,Kyaidon(ST),*,*
Urban/Rural,Cart (bullock),*,*
*,Yes,No,Total
 Urban,22,658,680
 Rural,1914,8139,10053
 Total,1936,8797,10733
NotApp :,114,*,*
AREA # 040101,HaKa,*,*
Urban/Rural,Cart (bullock),*,*
*,Yes,No,Total
 Urban,181,5040,5221
 Rural,1188,3508,4696
 Total,1369,8548,9917
NotApp :,107,*,*
AREA # 040102,Thantlang,*,*
Urban/Rural,Cart (bullock),*,*
*,Yes,No,Total
 Urban,24,1483,1507
 Rural,1692,6583,8275
 Total,1716,8066,9782
NotApp :,38,*,*
AREA # 040201,Falam,*,*
Urban/Rural,Cart (bullock),*,*
*,Yes,No,Total
 Urban,6,1996,2002
 Rural,273,6153,6426
 Total,279,8149,8428
NotApp :,60,*,*
AREA # 040202,Tedim,*,*
Urban/Rural,Cart (bullock),*,*
*,Yes,No,Total
 Urban,28,2222,2250
 Rural,755,11678,12433
 Total,783,13900,14683
NotApp :,65,*,*
AREA # 040203,Tonzaung,*,*
Urban/Rural,Cart (bullock),*,*
*,Yes,No,Total
 Urban,1,639,640
 Rural,199,2572,2771
 Total,200,3211,3411
NotApp :,37,*,*
AREA # 040251,Rihkhuadal(ST),*,*
Urban/Rural,Cart (bullock),*,*
*,Yes,No,Total
 Urban,3,667,670
 Rural,32,496,528
 Total,35,1163,1198
NotApp :,12,*,*
AREA # 040252,Cikha(ST),*,*
Urban/Rural,Cart (bullock),*,*
*,Yes,No,Total
 Urban,-,215,215
 Rural,-,1315,1315
 Total,-,1530,1530
NotApp :,6,*,*
AREA # 040301,Mindat,*,*
Urban/Rural,Cart (bullock),*,*
*,Yes,No,Total
 Urban,95,2248,2343
 Rural,678,5501,6179
 Total,773,7749,8522
NotApp :,95,*,*
AREA # 040302,Matupi,*,*
Urban/Rural,Cart (bullock),*,*
*,Yes,No,Total
 Urban,41,1629,1670
 Rural,810,5156,5966
 Total,851,6785,7636
NotApp :,43,*,*
AREA # 040303,Kanpalet,*,*
Urban/Rural,Cart (bullock),*,*
*,Yes,No,Total
 Urban,-,807,807
 Rural,266,2904,3170
 Total,266,3711,3977
NotApp :,66,*,*
AREA # 040304,Paletwat,*,*
Urban/Rural,Cart (bullock),*,*
*,Yes,No,Total
 Urban,-,1350,1350
 Rural,100,11843,11943
 Total,100,13193,13293
NotApp :,86,*,*
AREA # 040351,Reazu(ST),*,*
Urban/Rural,Cart (bullock),*,*
*,Yes,No,Total
 Urban,57,405,462
 Rural,742,1317,2059
 Total,799,1722,2521
NotApp :,14,*,*
AREA # 040352,Sami(ST),*,*
Urban/Rural,Cart (bullock),*,*
*,Yes,No,Total
 Urban,10,623,633
 Rural,401,5189,5590
 Total,411,5812,6223
NotApp :,100,*,*
AREA # 050101,Sagaing,*,*
Urban/Rural,Cart (bullock),*,*
*,Yes,No,Total
 Urban,191,16305,16496
 Rural,20334,28313,48647
 Total,20525,44618,65143
NotApp :,1842,*,*
AREA # 050102,Myinmu,*,*
Urban/Rural,Cart (bullock),*,*
*,Yes,No,Total
 Urban,114,3517,3631
 Rural,12501,9172,21673
 Total,12615,12689,25304
NotApp :,264,*,*
AREA # 050103,Myaung,*,*
Urban/Rural,Cart (bullock),*,*
*,Yes,No,Total
 Urban,239,1714,1953
 Rural,10395,11914,22309
 Total,10634,13628,24262
NotApp :,350,*,*
AREA # 050201,Shwebo,*,*
Urban/Rural,Cart (bullock),*,*
*,Yes,No,Total
 Urban,237,13294,13531
 Rural,10448,26268,36716
 Total,10685,39562,50247
NotApp :,467,*,*
AREA # 050202,Khin U,*,*
Urban/Rural,Cart (bullock),*,*
*,Yes,No,Total
 Urban,198,2093,2291
 Rural,14946,15387,30333
 Total,15144,17480,32624
NotApp :,271,*,*
AREA # 050203,Wetlet,*,*
Urban/Rural,Cart (bullock),*,*
*,Yes,No,Total
 Urban,162,2144,2306
 Rural,20943,23463,44406
 Total,21105,25607,46712
NotApp :,437,*,*
AREA # 050204,Kambalu,*,*
Urban/Rural,Cart (bullock),*,*
*,Yes,No,Total
 Urban,1305,3878,5183
 Rural,33630,22513,56143
 Total,34935,26391,61326
NotApp :,537,*,*
AREA # 050205,Kyunhlau,*,*
Urban/Rural,Cart (bullock),*,*
*,Yes,No,Total
 Urban,549,1950,2499
 Rural,11578,6786,18364
 Total,12127,8736,20863
NotApp :,224,*,*
AREA # 050206,Ye U,*,*
Urban/Rural,Cart (bullock),*,*
*,Yes,No,Total
 Urban,133,3832,3965
 Rural,11076,11332,22408
 Total,11209,15164,26373
NotApp :,308,*,*
AREA # 050207,Depayin,*,*
Urban/Rural,Cart (bullock),*,*
*,Yes,No,Total
 Urban,100,855,955
 Rural,14175,15215,29390
 Total,14275,16070,30345
NotApp :,367,*,*
AREA # 050208,Tasei,*,*
Urban/Rural,Cart (bullock),*,*
*,Yes,No,Total
 Urban,429,2543,2972
 Rural,19112,13853,32965
 Total,19541,16396,35937
NotApp :,328,*,*
AREA # 050251,Kyaukmyaung(ST),*,*
Urban/Rural,Cart (bullock),*,*
*,Yes,No,Total
 Urban,218,2088,2306
 Rural,2595,2149,4744
 Total,2813,4237,7050
NotApp :,65,*,*
AREA # 050301,Monywa,*,*
Urban/Rural,Cart (bullock),*,*
*,Yes,No,Total
 Urban,496,39910,40406
 Rural,10215,25341,35556
 Total,10711,65251,75962
NotApp :,1167,*,*
AREA # 050302,Butalin,*,*
Urban/Rural,Cart (bullock),*,*
*,Yes,No,Total
 Urban,98,1095,1193
 Rural,14244,13179,27423
 Total,14342,14274,28616
NotApp :,389,*,*
AREA # 050303,Ayartaw,*,*
Urban/Rural,Cart (bullock),*,*
*,Yes,No,Total
 Urban,305,1850,2155
 Rural,14215,19221,33436
 Total,14520,21071,35591
NotApp :,378,*,*
AREA # 050304,Chaung Oo,*,*
Urban/Rural,Cart (bullock),*,*
*,Yes,No,Total
 Urban,1005,4076,5081
 Rural,7460,10835,18295
 Total,8465,14911,23376
NotApp :,254,*,*
AREA # 050401,Katha,*,*
Urban/Rural,Cart (bullock),*,*
*,Yes,No,Total
 Urban,288,4975,5263
 Rural,14750,11948,26698
 Total,15038,16923,31961
NotApp :,447,*,*
AREA # 050402,Indaw,*,*
Urban/Rural,Cart (bullock),*,*
*,Yes,No,Total
 Urban,202,1640,1842
 Rural,14116,7272,21388
 Total,14318,8912,23230
NotApp :,320,*,*
AREA # 050403,Tigyaing,*,*
Urban/Rural,Cart (bullock),*,*
*,Yes,No,Total
 Urban,302,2768,3070
 Rural,13871,9448,23319
 Total,14173,12216,26389
NotApp :,279,*,*
AREA # 050404,Banmauk,*,*
Urban/Rural,Cart (bullock),*,*
*,Yes,No,Total
 Urban,149,1063,1212
 Rural,10675,6981,17656
 Total,10824,8044,18868
NotApp :,678,*,*
AREA # 050405,Kawlin,*,*
Urban/Rural,Cart (bullock),*,*
*,Yes,No,Total
 Urban,87,4482,4569
 Rural,14976,11858,26834
 Total,15063,16340,31403
NotApp :,408,*,*
AREA # 050406,Wuntho,*,*
Urban/Rural,Cart (bullock),*,*
*,Yes,No,Total
 Urban,340,2250,2590
 Rural,6529,5086,11615
 Total,6869,7336,14205
NotApp :,321,*,*
AREA # 050407,Pinlebu,*,*
Urban/Rural,Cart (bullock),*,*
*,Yes,No,Total
 Urban,177,1292,1469
 Rural,13786,6645,20431
 Total,13963,7937,21900
NotApp :,382,*,*
AREA # 050501,Kalay,*,*
Urban/Rural,Cart (bullock),*,*
*,Yes,No,Total
 Urban,1201,24520,25721
 Rural,19020,28028,47048
 Total,20221,52548,72769
NotApp :,551,*,*
AREA # 050502,Kalewa,*,*
Urban/Rural,Cart (bullock),*,*
*,Yes,No,Total
 Urban,36,1917,1953
 Rural,5278,4504,9782
 Total,5314,6421,11735
NotApp :,183,*,*
AREA # 050503,Mingin,*,*
Urban/Rural,Cart (bullock),*,*
*,Yes,No,Total
 Urban,100,736,836
 Rural,14877,6345,21222
 Total,14977,7081,22058
NotApp :,359,*,*
AREA # 050601,Tamu,*,*
Urban/Rural,Cart (bullock),*,*
*,Yes,No,Total
 Urban,1427,7562,8989
 Rural,1643,1354,2997
 Total,3070,8916,11986
NotApp :,97,*,*
AREA # 050651,Myothit(ST),*,*
Urban/Rural,Cart (bullock),*,*
*,Yes,No,Total
 Urban,160,148,308
 Rural,1348,1441,2789
 Total,1508,1589,3097
NotApp :,38,*,*
AREA # 050652,Khampat(ST),*,*
Urban/Rural,Cart (bullock),*,*
*,Yes,No,Total
 Urban,515,2323,2838
 Rural,1725,2945,4670
 Total,2240,5268,7508
NotApp :,25,*,*
AREA # 050701,Mawlaik,*,*
Urban/Rural,Cart (bullock),*,*
*,Yes,No,Total
 Urban,352,1472,1824
 Rural,5319,3202,8521
 Total,5671,4674,10345
NotApp :,173,*,*
AREA # 050702,Phaungpyin,*,*
Urban/Rural,Cart (bullock),*,*
*,Yes,No,Total
 Urban,314,1628,1942
 Rural,12450,5854,18304
 Total,12764,7482,20246
NotApp :,277,*,*
AREA # 050801,Hkamti,*,*
Urban/Rural,Cart (bullock),*,*
*,Yes,No,Total
 Urban,44,2139,2183
 Rural,593,4585,5178
 Total,637,6724,7361
NotApp :,521,*,*
AREA # 050802,Homalin,*,*
Urban/Rural,Cart (bullock),*,*
*,Yes,No,Total
 Urban,213,3362,3575
 Rural,14904,17264,32168
 Total,15117,20626,35743
NotApp :,1266,*,*
AREA # 050803,Leshi,*,*
Urban/Rural,Cart (bullock),*,*
*,Yes,No,Total
 Urban,16,237,253
 Rural,164,1239,1403
 Total,180,1476,1656
NotApp :,53,*,*
AREA # 050804,Lahe,*,*
Urban/Rural,Cart (bullock),*,*
*,Yes,No,Total
 Urban,-,538,538
 Rural,564,5875,6439
 Total,564,6413,6977
NotApp :,37,*,*
AREA # 050805,Nanyun,*,*
Urban/Rural,Cart (bullock),*,*
*,Yes,No,Total
 Urban,1,374,375
 Rural,35,1158,1193
 Total,36,1532,1568
NotApp :,17,*,*
AREA # 050851,Mobaingluk(ST),*,*
Urban/Rural,Cart (bullock),*,*
*,Yes,No,Total
 Urban,29,181,210
 Rural,-,100,100
 Total,29,281,310
NotApp :,2,*,*
AREA # 050852,Sonemara(ST),*,*
Urban/Rural,Cart (bullock),*,*
*,Yes,No,Total
 Urban,109,177,286
 Rural,419,489,908
 Total,528,666,1194
NotApp :,10,*,*
AREA # 050853,Htanparkway(ST),*,*
Urban/Rural,Cart (bullock),*,*
*,Yes,No,Total
 Urban,-,128,128
 Rural,4,629,633
 Total,4,757,761
NotApp :,9,*,*
AREA # 050854,Pansaung(ST),*,*
Urban/Rural,Cart (bullock),*,*
*,Yes,No,Total
 Urban,146,192,338
 Rural,172,1839,2011
 Total,318,2031,2349
NotApp :,5,*,*
AREA # 050855,Donhee(ST),*,*
Urban/Rural,Cart (bullock),*,*
*,Yes,No,Total
 Urban,-,169,169
 Rural,226,3528,3754
 Total,226,3697,3923
NotApp :,10,*,*
AREA # 050901,Yinmarpin,*,*
Urban/Rural,Cart (bullock),*,*
*,Yes,No,Total
 Urban,55,1022,1077
 Rural,13518,14937,28455
 Total,13573,15959,29532
NotApp :,265,*,*
AREA # 050902,Salingyi,*,*
Urban/Rural,Cart (bullock),*,*
*,Yes,No,Total
 Urban,125,1097,1222
 Rural,7684,17561,25245
 Total,7809,18658,26467
NotApp :,384,*,*
AREA # 050903,Palae,*,*
Urban/Rural,Cart (bullock),*,*
*,Yes,No,Total
 Urban,136,795,931
 Rural,17734,13697,31431
 Total,17870,14492,32362
NotApp :,338,*,*
AREA # 050904,Kani,*,*
Urban/Rural,Cart (bullock),*,*
*,Yes,No,Total
 Urban,194,944,1138
 Rural,16278,11807,28085
 Total,16472,12751,29223
NotApp :,351,*,*
AREA # 060101,Dawei,*,*
Urban/Rural,Cart (bullock),*,*
*,Yes,No,Total
 Urban,146,15236,15382
 Rural,1037,8524,9561
 Total,1183,23760,24943
NotApp :,551,*,*
AREA # 060102,Lounglon,*,*
Urban/Rural,Cart (bullock),*,*
*,Yes,No,Total
 Urban,21,1219,1240
 Rural,995,23500,24495
 Total,1016,24719,25735
NotApp :,291,*,*
AREA # 060103,Thayetchaung,*,*
Urban/Rural,Cart (bullock),*,*
*,Yes,No,Total
 Urban,38,2369,2407
 Rural,1043,19424,20467
 Total,1081,21793,22874
NotApp :,255,*,*
AREA # 060104,Yebyu,*,*
Urban/Rural,Cart (bullock),*,*
*,Yes,No,Total
 Urban,19,1058,1077
 Rural,1736,19260,20996
 Total,1755,20318,22073
NotApp :,316,*,*
AREA # 060151,Myitta(ST),*,*
Urban/Rural,Cart (bullock),*,*
*,Yes,No,Total
 Urban,55,441,496
 Rural,622,3072,3694
 Total,677,3513,4190
NotApp :,72,*,*
AREA # 060152,Kaleinaung(ST),*,*
Urban/Rural,Cart (bullock),*,*
*,Yes,No,Total
 Urban,5,619,624
 Rural,215,3438,3653
 Total,220,4057,4277
NotApp :,141,*,*
AREA # 060201,Myeik,*,*
Urban/Rural,Cart (bullock),*,*
*,Yes,No,Total
 Urban,70,21478,21548
 Rural,1369,31432,32801
 Total,1439,52910,54349
NotApp :,763,*,*
AREA # 060202,Kyunsu,*,*
Urban/Rural,Cart (bullock),*,*
*,Yes,No,Total
 Urban,-,1142,1142
 Rural,743,31103,31846
 Total,743,32245,32988
NotApp :,330,*,*
AREA # 060203,Palaw,*,*
Urban/Rural,Cart (bullock),*,*
*,Yes,No,Total
 Urban,90,3481,3571
 Rural,1066,13888,14954
 Total,1156,17369,18525
NotApp :,178,*,*
AREA # 060204,Tanintharyi,*,*
Urban/Rural,Cart (bullock),*,*
*,Yes,No,Total
 Urban,13,1113,1126
 Rural,1986,16817,18803
 Total,1999,17930,19929
NotApp :,325,*,*
AREA # 060251,Palauk(ST),*,*
Urban/Rural,Cart (bullock),*,*
*,Yes,No,Total
 Urban,132,1079,1211
 Rural,631,5286,5917
 Total,763,6365,7128
NotApp :,45,*,*
AREA # 060301,Kawthoung,*,*
Urban/Rural,Cart (bullock),*,*
*,Yes,No,Total
 Urban,13,12567,12580
 Rural,444,12457,12901
 Total,457,25024,25481
NotApp :,367,*,*
AREA # 060302,Bokepyin,*,*
Urban/Rural,Cart (bullock),*,*
*,Yes,No,Total
 Urban,5,1042,1047
 Rural,400,7429,7829
 Total,405,8471,8876
NotApp :,187,*,*
AREA # 060351,Khamaukgyi,*,*
Urban/Rural,Cart (bullock),*,*
*,Yes,No,Total
 Urban,18,2337,2355
 Rural,18,2492,2510
 Total,36,4829,4865
NotApp :,126,*,*
AREA # 060352,Pyigyimandaing,*,*
Urban/Rural,Cart (bullock),*,*
*,Yes,No,Total
 Urban,1,714,715
 Rural,59,2330,2389
 Total,60,3044,3104
NotApp :,91,*,*
AREA # 060353,Karathuri(ST),*,*
Urban/Rural,Cart (bullock),*,*
*,Yes,No,Total
 Urban,3,283,286
 Rural,25,3451,3476
 Total,28,3734,3762
NotApp :,102,*,*
AREA # 070101,Bago,*,*
Urban/Rural,Cart (bullock),*,*
*,Yes,No,Total
 Urban,857,54035,54892
 Rural,10714,41526,52240
 Total,11571,95561,107132
NotApp :,1161,*,*
AREA # 070102,Tanatpin,*,*
Urban/Rural,Cart (bullock),*,*
*,Yes,No,Total
 Urban,161,3468,3629
 Rural,6798,22100,28898
 Total,6959,25568,32527
NotApp :,222,*,*
AREA # 070103,Kawa,*,*
Urban/Rural,Cart (bullock),*,*
*,Yes,No,Total
 Urban,554,3700,4254
 Rural,11261,30560,41821
 Total,11815,34260,46075
NotApp :,248,*,*
AREA # 070104,Waw,*,*
Urban/Rural,Cart (bullock),*,*
*,Yes,No,Total
 Urban,338,4708,5046
 Rural,10259,21778,32037
 Total,10597,26486,37083
NotApp :,296,*,*
AREA # 070105,Nyaunglebin,*,*
Urban/Rural,Cart (bullock),*,*
*,Yes,No,Total
 Urban,580,12482,13062
 Rural,8401,23299,31700
 Total,8981,35781,44762
NotApp :,311,*,*
AREA # 070106,Kyauktaga,*,*
Urban/Rural,Cart (bullock),*,*
*,Yes,No,Total
 Urban,514,6359,6873
 Rural,15230,29545,44775
 Total,15744,35904,51648
NotApp :,363,*,*
AREA # 070107,Daik U,*,*
Urban/Rural,Cart (bullock),*,*
*,Yes,No,Total
 Urban,598,8142,8740
 Rural,11212,25801,37013
 Total,11810,33943,45753
NotApp :,339,*,*
AREA # 070108,Shwegyin,*,*
Urban/Rural,Cart (bullock),*,*
*,Yes,No,Total
 Urban,181,4684,4865
 Rural,4698,12219,16917
 Total,4879,16903,21782
NotApp :,240,*,*
AREA # 070201,Toungoo,*,*
Urban/Rural,Cart (bullock),*,*
*,Yes,No,Total
 Urban,253,21647,21900
 Rural,10242,25318,35560
 Total,10495,46965,57460
NotApp :,871,*,*
AREA # 070202,Yaedashe,*,*
Urban/Rural,Cart (bullock),*,*
*,Yes,No,Total
 Urban,468,5487,5955
 Rural,12952,31620,44572
 Total,13420,37107,50527
NotApp :,460,*,*
AREA # 070203,Kyaukkyi,*,*
Urban/Rural,Cart (bullock),*,*
*,Yes,No,Total
 Urban,300,1958,2258
 Rural,8208,12417,20625
 Total,8508,14375,22883
NotApp :,203,*,*
AREA # 070204,Pyu,*,*
Urban/Rural,Cart (bullock),*,*
*,Yes,No,Total
 Urban,1377,12450,13827
 Rural,17433,23671,41104
 Total,18810,36121,54931
NotApp :,386,*,*
AREA # 070205,Oatwin,*,*
Urban/Rural,Cart (bullock),*,*
*,Yes,No,Total
 Urban,210,2999,3209
 Rural,11718,21943,33661
 Total,11928,24942,36870
NotApp :,276,*,*
AREA # 070206,Htantapin,*,*
Urban/Rural,Cart (bullock),*,*
*,Yes,No,Total
 Urban,481,1895,2376
 Rural,9474,14931,24405
 Total,9955,16826,26781
NotApp :,169,*,*
AREA # 070301,Pyay,*,*
Urban/Rural,Cart (bullock),*,*
*,Yes,No,Total
 Urban,327,28488,28815
 Rural,10462,19280,29742
 Total,10789,47768,58557
NotApp :,1014,*,*
AREA # 070302,Paukkhaung,*,*
Urban/Rural,Cart (bullock),*,*
*,Yes,No,Total
 Urban,158,3448,3606
 Rural,12559,16182,28741
 Total,12717,19630,32347
NotApp :,302,*,*
AREA # 070303,Padaung,*,*
Urban/Rural,Cart (bullock),*,*
*,Yes,No,Total
 Urban,266,4202,4468
 Rural,11124,23300,34424
 Total,11390,27502,38892
NotApp :,412,*,*
AREA # 070304,Paunde,*,*
Urban/Rural,Cart (bullock),*,*
*,Yes,No,Total
 Urban,271,6210,6481
 Rural,11510,18709,30219
 Total,11781,24919,36700
NotApp :,296,*,*
AREA # 070305,Thegon,*,*
Urban/Rural,Cart (bullock),*,*
*,Yes,No,Total
 Urban,339,3927,4266
 Rural,10604,21080,31684
 Total,10943,25007,35950
NotApp :,304,*,*
AREA # 070306,Shwedaung,*,*
Urban/Rural,Cart (bullock),*,*
*,Yes,No,Total
 Urban,77,4441,4518
 Rural,10558,18488,29046
 Total,10635,22929,33564
NotApp :,368,*,*
AREA # 070401,Tharyarwaddy,*,*
Urban/Rural,Cart (bullock),*,*
*,Yes,No,Total
 Urban,405,7759,8164
 Rural,11225,17237,28462
 Total,11630,24996,36626
NotApp :,285,*,*
AREA # 070402,Letpadan,*,*
Urban/Rural,Cart (bullock),*,*
*,Yes,No,Total
 Urban,227,5508,5735
 Rural,13264,24485,37749
 Total,13491,29993,43484
NotApp :,336,*,*
AREA # 070403,Minhla,*,*
Urban/Rural,Cart (bullock),*,*
*,Yes,No,Total
 Urban,99,2603,2702
 Rural,10922,17270,28192
 Total,11021,19873,30894
NotApp :,231,*,*
AREA # 070404,Okpo,*,*
Urban/Rural,Cart (bullock),*,*
*,Yes,No,Total
 Urban,169,2631,2800
 Rural,12240,16854,29094
 Total,12409,19485,31894
NotApp :,283,*,*
AREA # 070405,Zigon,*,*
Urban/Rural,Cart (bullock),*,*
*,Yes,No,Total
 Urban,155,3812,3967
 Rural,5208,9035,14243
 Total,5363,12847,18210
NotApp :,160,*,*
AREA # 070406,Nattalin,*,*
Urban/Rural,Cart (bullock),*,*
*,Yes,No,Total
 Urban,79,4563,4642
 Rural,15194,25933,41127
 Total,15273,30496,45769
NotApp :,317,*,*
AREA # 070407,Monyo,*,*
Urban/Rural,Cart (bullock),*,*
*,Yes,No,Total
 Urban,145,2235,2380
 Rural,11522,19385,30907
 Total,11667,21620,33287
NotApp :,232,*,*
AREA # 070408,Gyobingauk,*,*
Urban/Rural,Cart (bullock),*,*
*,Yes,No,Total
 Urban,132,5452,5584
 Rural,10370,14632,25002
 Total,10502,20084,30586
NotApp :,233,*,*
AREA # 080101,Magway,*,*
Urban/Rural,Cart (bullock),*,*
*,Yes,No,Total
 Urban,114,19756,19870
 Rural,21723,27084,48807
 Total,21837,46840,68677
NotApp :,1053,*,*
AREA # 080102,Yenangyoung,*,*
Urban/Rural,Cart (bullock),*,*
*,Yes,No,Total
 Urban,261,10415,10676
 Rural,9020,12804,21824
 Total,9281,23219,32500
NotApp :,490,*,*
AREA # 080103,Chauk,*,*
Urban/Rural,Cart (bullock),*,*
*,Yes,No,Total
 Urban,67,10334,10401
 Rural,13854,20363,34217
 Total,13921,30697,44618
NotApp :,539,*,*
AREA # 080104,Taungdwingyi,*,*
Urban/Rural,Cart (bullock),*,*
*,Yes,No,Total
 Urban,177,9878,10055
 Rural,28093,22115,50208
 Total,28270,31993,60263
NotApp :,426,*,*
AREA # 080105,Myothit,*,*
Urban/Rural,Cart (bullock),*,*
*,Yes,No,Total
 Urban,160,1586,1746
 Rural,20165,15037,35202
 Total,20325,16623,36948
NotApp :,339,*,*
AREA # 080106,Natmauk,*,*
Urban/Rural,Cart (bullock),*,*
*,Yes,No,Total
 Urban,438,2736,3174
 Rural,27927,17325,45252
 Total,28365,20061,48426
NotApp :,396,*,*
AREA # 080201,Minbu,*,*
Urban/Rural,Cart (bullock),*,*
*,Yes,No,Total
 Urban,627,8563,9190
 Rural,12703,21924,34627
 Total,13330,30487,43817
NotApp :,551,*,*
AREA # 080202,Pwint Phyu,*,*
Urban/Rural,Cart (bullock),*,*
*,Yes,No,Total
 Urban,37,1417,1454
 Rural,13731,24579,38310
 Total,13768,25996,39764
NotApp :,475,*,*
AREA # 080203,Ngape,*,*
Urban/Rural,Cart (bullock),*,*
*,Yes,No,Total
 Urban,181,798,979
 Rural,4780,6698,11478
 Total,4961,7496,12457
NotApp :,159,*,*
AREA # 080204,Salin,*,*
Urban/Rural,Cart (bullock),*,*
*,Yes,No,Total
 Urban,106,2680,2786
 Rural,24397,28422,52819
 Total,24503,31102,55605
NotApp :,631,*,*
AREA # 080205,Saytottara,*,*
Urban/Rural,Cart (bullock),*,*
*,Yes,No,Total
 Urban,202,1323,1525
 Rural,4418,4837,9255
 Total,4620,6160,10780
NotApp :,279,*,*
AREA # 080301,Thayet,*,*
Urban/Rural,Cart (bullock),*,*
*,Yes,No,Total
 Urban,186,4377,4563
 Rural,12428,8981,21409
 Total,12614,13358,25972
NotApp :,302,*,*
AREA # 080302,Minhla,*,*
Urban/Rural,Cart (bullock),*,*
*,Yes,No,Total
 Urban,147,2834,2981
 Rural,14702,13939,28641
 Total,14849,16773,31622
NotApp :,346,*,*
AREA # 080303,Mindon,*,*
Urban/Rural,Cart (bullock),*,*
*,Yes,No,Total
 Urban,132,1138,1270
 Rural,9059,6480,15539
 Total,9191,7618,16809
NotApp :,207,*,*
AREA # 080304,Kamma,*,*
Urban/Rural,Cart (bullock),*,*
*,Yes,No,Total
 Urban,176,1118,1294
 Rural,10094,7755,17849
 Total,10270,8873,19143
NotApp :,208,*,*
AREA # 080305,Aunglan,*,*
Urban/Rural,Cart (bullock),*,*
*,Yes,No,Total
 Urban,454,11171,11625
 Rural,24819,21165,45984
 Total,25273,32336,57609
NotApp :,479,*,*
AREA # 080306,Sinpaungwe`,*,*
Urban/Rural,Cart (bullock),*,*
*,Yes,No,Total
 Urban,191,1090,1281
 Rural,15584,11819,27403
 Total,15775,12909,28684
NotApp :,290,*,*
AREA # 080401,Pakokku,*,*
Urban/Rural,Cart (bullock),*,*
*,Yes,No,Total
 Urban,61,19008,19069
 Rural,11889,35382,47271
 Total,11950,54390,66340
NotApp :,723,*,*
AREA # 080402,Yesagyo,*,*
Urban/Rural,Cart (bullock),*,*
*,Yes,No,Total
 Urban,214,4685,4899
 Rural,17283,25150,42433
 Total,17497,29835,47332
NotApp :,485,*,*
AREA # 080403,Myaing,*,*
Urban/Rural,Cart (bullock),*,*
*,Yes,No,Total
 Urban,62,1739,1801
 Rural,21832,30008,51840
 Total,21894,31747,53641
NotApp :,502,*,*
AREA # 080404,Pauk,*,*
Urban/Rural,Cart (bullock),*,*
*,Yes,No,Total
 Urban,127,1574,1701
 Rural,17086,20178,37264
 Total,17213,21752,38965
NotApp :,326,*,*
AREA # 080405,Seikphyu,*,*
Urban/Rural,Cart (bullock),*,*
*,Yes,No,Total
 Urban,168,1961,2129
 Rural,10266,11032,21298
 Total,10434,12993,23427
NotApp :,208,*,*
AREA # 080501,Gangaw,*,*
Urban/Rural,Cart (bullock),*,*
*,Yes,No,Total
 Urban,344,2914,3258
 Rural,15180,11474,26654
 Total,15524,14388,29912
NotApp :,303,*,*
AREA # 080502,Htilin,*,*
Urban/Rural,Cart (bullock),*,*
*,Yes,No,Total
 Urban,96,1027,1123
 Rural,6853,2556,9409
 Total,6949,3583,10532
NotApp :,182,*,*
AREA # 080503,Saw,*,*
Urban/Rural,Cart (bullock),*,*
*,Yes,No,Total
 Urban,67,1194,1261
 Rural,3381,3683,7064
 Total,3448,4877,8325
NotApp :,212,*,*
AREA # 080551,Kyaukhtu(ST),*,*
Urban/Rural,Cart (bullock),*,*
*,Yes,No,Total
 Urban,173,967,1140
 Rural,4029,2440,6469
 Total,4202,3407,7609
NotApp :,103,*,*
AREA # 090101,Aungmyetharzan,*,*
Urban/Rural,Cart (bullock),*,*
*,Yes,No,Total
 Urban,182,49549,49731
 Total,182,49549,49731
NotApp :,971,*,*
AREA # 090102,Chanayeharzan,*,*
Urban/Rural,Cart (bullock),*,*
*,Yes,No,Total
 Urban,47,33234,33281
 Total,47,33234,33281
NotApp :,1883,*,*
AREA # 090103,Mahaaungmye,*,*
Urban/Rural,Cart (bullock),*,*
*,Yes,No,Total
 Urban,51,41876,41927
 Total,51,41876,41927
NotApp :,754,*,*
AREA # 090104,Chanmyatharzi,*,*
Urban/Rural,Cart (bullock),*,*
*,Yes,No,Total
 Urban,324,52723,53047
 Total,324,52723,53047
NotApp :,901,*,*
AREA # 090105,Pyigyidagun,*,*
Urban/Rural,Cart (bullock),*,*
*,Yes,No,Total
 Urban,257,43618,43875
 Total,257,43618,43875
NotApp :,1032,*,*
AREA # 090106,Amarapura,*,*
Urban/Rural,Cart (bullock),*,*
*,Yes,No,Total
 Urban,88,16542,16630
 Rural,4120,28876,32996
 Total,4208,45418,49626
NotApp :,572,*,*
AREA # 090107,Patheingyi,*,*
Urban/Rural,Cart (bullock),*,*
*,Yes,No,Total
 Urban,31,2671,2702
 Rural,6550,43738,50288
 Total,6581,46409,52990
NotApp :,902,*,*
AREA # 090201,Pyin Oo Lwin,*,*
Urban/Rural,Cart (bullock),*,*
*,Yes,No,Total
 Urban,516,31425,31941
 Rural,5242,16199,21441
 Total,5758,47624,53382
NotApp :,962,*,*
AREA # 090202,Madaya,*,*
Urban/Rural,Cart (bullock),*,*
*,Yes,No,Total
 Urban,141,5170,5311
 Rural,17517,35817,53334
 Total,17658,40987,58645
NotApp :,508,*,*
AREA # 090203,Sinku,*,*
Urban/Rural,Cart (bullock),*,*
*,Yes,No,Total
 Urban,206,1526,1732
 Rural,12530,20271,32801
 Total,12736,21797,34533
NotApp :,281,*,*
AREA # 090204,Mogok,*,*
Urban/Rural,Cart (bullock),*,*
*,Yes,No,Total
 Urban,233,16453,16686
 Rural,1479,17082,18561
 Total,1712,33535,35247
NotApp :,586,*,*
AREA # 090205,Thabeikkyin,*,*
Urban/Rural,Cart (bullock),*,*
*,Yes,No,Total
 Urban,196,992,1188
 Rural,6374,18187,24561
 Total,6570,19179,25749
NotApp :,297,*,*
AREA # 090251,Tagaung,*,*
Urban/Rural,Cart (bullock),*,*
*,Yes,No,Total
 Urban,448,1345,1793
 Rural,3308,2291,5599
 Total,3756,3636,7392
NotApp :,96,*,*
AREA # 090301,Kyaukse,*,*
Urban/Rural,Cart (bullock),*,*
*,Yes,No,Total
 Urban,160,8331,8491
 Rural,15529,33745,49274
 Total,15689,42076,57765
NotApp :,526,*,*
AREA # 090302,Singaing,*,*
Urban/Rural,Cart (bullock),*,*
*,Yes,No,Total
 Urban,138,1642,1780
 Rural,10046,21753,31799
 Total,10184,23395,33579
NotApp :,464,*,*
AREA # 090303,Myitthar,*,*
Urban/Rural,Cart (bullock),*,*
*,Yes,No,Total
 Urban,263,4083,4346
 Rural,15342,26329,41671
 Total,15605,30412,46017
NotApp :,399,*,*
AREA # 090304,Tada U,*,*
Urban/Rural,Cart (bullock),*,*
*,Yes,No,Total
 Urban,217,2435,2652
 Rural,15902,14073,29975
 Total,16119,16508,32627
NotApp :,340,*,*
AREA # 090401,Myingyan,*,*
Urban/Rural,Cart (bullock),*,*
*,Yes,No,Total
 Urban,161,18736,18897
 Rural,18126,25317,43443
 Total,18287,44053,62340
NotApp :,622,*,*
AREA # 090402,Taungtha,*,*
Urban/Rural,Cart (bullock),*,*
*,Yes,No,Total
 Urban,146,3717,3863
 Rural,20554,25435,45989
 Total,20700,29152,49852
NotApp :,425,*,*
AREA # 090403,Natogyi,*,*
Urban/Rural,Cart (bullock),*,*
*,Yes,No,Total
 Urban,368,2474,2842
 Rural,20111,18012,38123
 Total,20479,20486,40965
NotApp :,349,*,*
AREA # 090404,Kyaukpadaung,*,*
Urban/Rural,Cart (bullock),*,*
*,Yes,No,Total
 Urban,197,8816,9013
 Rural,24533,28415,52948
 Total,24730,37231,61961
NotApp :,497,*,*
AREA # 090405,Ngazun,*,*
Urban/Rural,Cart (bullock),*,*
*,Yes,No,Total
 Urban,488,1169,1657
 Rural,14982,11199,26181
 Total,15470,12368,27838
NotApp :,295,*,*
AREA # 090501,Nyaung U,*,*
Urban/Rural,Cart (bullock),*,*
*,Yes,No,Total
 Urban,643,8872,9515
 Rural,15166,19981,35147
 Total,15809,28853,44662
NotApp :,603,*,*
AREA # 090551,Ngat,*,*
Urban/Rural,Cart (bullock),*,*
*,Yes,No,Total
 Urban,323,1116,1439
 Rural,4177,4195,8372
 Total,4500,5311,9811
NotApp :,69,*,*
AREA # 090601,Yame`thin,*,*
Urban/Rural,Cart (bullock),*,*
*,Yes,No,Total
 Urban,138,5189,5327
 Rural,26545,25387,51932
 Total,26683,30576,57259
NotApp :,559,*,*
AREA # 090602,Pyawbwe,*,*
Urban/Rural,Cart (bullock),*,*
*,Yes,No,Total
 Urban,137,6737,6874
 Rural,28400,23589,51989
 Total,28537,30326,58863
NotApp :,497,*,*
AREA # 090701,Meiktila,*,*
Urban/Rural,Cart (bullock),*,*
*,Yes,No,Total
 Urban,446,23517,23963
 Rural,19922,24554,44476
 Total,20368,48071,68439
NotApp :,998,*,*
AREA # 090702,MahlYaing,*,*
Urban/Rural,Cart (bullock),*,*
*,Yes,No,Total
 Urban,241,2870,3111
 Rural,15982,14234,30216
 Total,16223,17104,33327
NotApp :,382,*,*
AREA # 090703,Thazi,*,*
Urban/Rural,Cart (bullock),*,*
*,Yes,No,Total
 Urban,127,4593,4720
 Rural,17407,22765,40172
 Total,17534,27358,44892
NotApp :,484,*,*
AREA # 090704,Wundwin,*,*
Urban/Rural,Cart (bullock),*,*
*,Yes,No,Total
 Urban,331,6969,7300
 Rural,23061,23208,46269
 Total,23392,30177,53569
NotApp :,474,*,*
AREA # 100101,Mawlamyine,*,*
Urban/Rural,Cart (bullock),*,*
*,Yes,No,Total
 Urban,486,49248,49734
 Rural,553,7170,7723
 Total,1039,56418,57457
NotApp :,954,*,*
AREA # 100102,Kyaikemaraw,*,*
Urban/Rural,Cart (bullock),*,*
*,Yes,No,Total
 Urban,113,2063,2176
 Rural,6352,30360,36712
 Total,6465,32423,38888
NotApp :,478,*,*
AREA # 100103,Chaungzon,*,*
Urban/Rural,Cart (bullock),*,*
*,Yes,No,Total
 Urban,245,1499,1744
 Rural,4909,21291,26200
 Total,5154,22790,27944
NotApp :,292,*,*
AREA # 100104,Thanbyuzayat,*,*
Urban/Rural,Cart (bullock),*,*
*,Yes,No,Total
 Urban,47,11668,11715
 Rural,1135,23384,24519
 Total,1182,35052,36234
NotApp :,470,*,*
AREA # 100105,Mudon,*,*
Urban/Rural,Cart (bullock),*,*
*,Yes,No,Total
 Urban,320,10472,10792
 Rural,2873,25647,28520
 Total,3193,36119,39312
NotApp :,541,*,*
AREA # 100106,Ye,*,*
Urban/Rural,Cart (bullock),*,*
*,Yes,No,Total
 Urban,47,6066,6113
 Rural,751,23127,23878
 Total,798,29193,29991
NotApp :,508,*,*
AREA # 100151,Lamine,*,*
Urban/Rural,Cart (bullock),*,*
*,Yes,No,Total
 Urban,40,2927,2967
 Rural,1431,14241,15672
 Total,1471,17168,18639
NotApp :,149,*,*
AREA # 100152,Khawzar,*,*
Urban/Rural,Cart (bullock),*,*
*,Yes,No,Total
 Urban,13,765,778
 Rural,140,3900,4040
 Total,153,4665,4818
NotApp :,70,*,*
AREA # 100201,Thaton,*,*
Urban/Rural,Cart (bullock),*,*
*,Yes,No,Total
 Urban,284,10422,10706
 Rural,3637,33941,37578
 Total,3921,44363,48284
NotApp :,603,*,*
AREA # 100202,Paung,*,*
Urban/Rural,Cart (bullock),*,*
*,Yes,No,Total
 Urban,1160,4742,5902
 Rural,7134,30690,37824
 Total,8294,35432,43726
NotApp :,460,*,*
AREA # 100203,Kyaikto,*,*
Urban/Rural,Cart (bullock),*,*
*,Yes,No,Total
 Urban,182,7334,7516
 Rural,2998,27574,30572
 Total,3180,34908,38088
NotApp :,848,*,*
AREA # 100204,Bilin,*,*
Urban/Rural,Cart (bullock),*,*
*,Yes,No,Total
 Urban,205,3839,4044
 Rural,5112,30075,35187
 Total,5317,33914,39231
NotApp :,544,*,*
AREA # 110101,Sittway,*,*
Urban/Rural,Cart (bullock),*,*
*,Yes,No,Total
 Urban,125,18781,18906
 Rural,1246,8884,10130
 Total,1371,27665,29036
NotApp :,377,*,*
AREA # 110102,Ponnagyun,*,*
Urban/Rural,Cart (bullock),*,*
*,Yes,No,Total
 Urban,83,2383,2466
 Rural,2520,20349,22869
 Total,2603,22732,25335
NotApp :,246,*,*
AREA # 110103,Pauktaw,*,*
Urban/Rural,Cart (bullock),*,*
*,Yes,No,Total
 Urban,154,2316,2470
 Rural,3975,24099,28074
 Total,4129,26415,30544
NotApp :,349,*,*
AREA # 110104,Yethedaung,*,*
Urban/Rural,Cart (bullock),*,*
*,Yes,No,Total
 Urban,89,1421,1510
 Rural,4142,18689,22831
 Total,4231,20110,24341
NotApp :,255,*,*
AREA # 110201,Myauk U,*,*
Urban/Rural,Cart (bullock),*,*
*,Yes,No,Total
 Urban,366,6908,7274
 Rural,4925,29326,34251
 Total,5291,36234,41525
NotApp :,517,*,*
AREA # 110202,Kyauktaw,*,*
Urban/Rural,Cart (bullock),*,*
*,Yes,No,Total
 Urban,176,3663,3839
 Rural,7136,25520,32656
 Total,7312,29183,36495
NotApp :,327,*,*
AREA # 110203,Minbya,*,*
Urban/Rural,Cart (bullock),*,*
*,Yes,No,Total
 Urban,119,4496,4615
 Rural,3334,28679,32013
 Total,3453,33175,36628
NotApp :,359,*,*
AREA # 110204,Myebon,*,*
Urban/Rural,Cart (bullock),*,*
*,Yes,No,Total
 Urban,54,2564,2618
 Rural,2364,26357,28721
 Total,2418,28921,31339
NotApp :,244,*,*
AREA # 110301,Maungtaw,*,*
Urban/Rural,Cart (bullock),*,*
*,Yes,No,Total
 Urban,77,2237,2314
 Rural,440,4636,5076
 Total,517,6873,7390
NotApp :,142,*,*
AREA # 110302,Buthidaung,*,*
Urban/Rural,Cart (bullock),*,*
*,Yes,No,Total
 Urban,38,2024,2062
 Rural,961,8241,9202
 Total,999,10265,11264
NotApp :,178,*,*
AREA # 110351,Taungpyoletwe(ST),*,*
Urban/Rural,Cart (bullock),*,*
*,Yes,No,Total
 Urban,-,158,158
 Rural,36,312,348
 Total,36,470,506
NotApp :,17,*,*
AREA # 110401,Kyaukpyu,*,*
Urban/Rural,Cart (bullock),*,*
*,Yes,No,Total
 Urban,26,4228,4254
 Rural,6791,26219,33010
 Total,6817,30447,37264
NotApp :,491,*,*
AREA # 110402,Mannaung,*,*
Urban/Rural,Cart (bullock),*,*
*,Yes,No,Total
 Urban,26,1280,1306
 Rural,3456,9973,13429
 Total,3482,11253,14735
NotApp :,186,*,*
AREA # 110403,Yanbye,*,*
Urban/Rural,Cart (bullock),*,*
*,Yes,No,Total
 Urban,177,2071,2248
 Rural,3853,16317,20170
 Total,4030,18388,22418
NotApp :,325,*,*
AREA # 110404,An,*,*
Urban/Rural,Cart (bullock),*,*
*,Yes,No,Total
 Urban,115,1763,1878
 Rural,5343,20138,25481
 Total,5458,21901,27359
NotApp :,324,*,*
AREA # 110501,Thandwe,*,*
Urban/Rural,Cart (bullock),*,*
*,Yes,No,Total
 Urban,84,3266,3350
 Rural,8360,19365,27725
 Total,8444,22631,31075
NotApp :,580,*,*
AREA # 110502,Toungup,*,*
Urban/Rural,Cart (bullock),*,*
*,Yes,No,Total
 Urban,247,5931,6178
 Rural,6432,12629,19061
 Total,6679,18560,25239
NotApp :,343,*,*
AREA # 110503,Gwa,*,*
Urban/Rural,Cart (bullock),*,*
*,Yes,No,Total
 Urban,107,2381,2488
 Rural,2201,6556,8757
 Total,2308,8937,11245
NotApp :,115,*,*
AREA # 110551,Maei(ST),*,*
Urban/Rural,Cart (bullock),*,*
*,Yes,No,Total
 Urban,257,958,1215
 Rural,2428,6310,8738
 Total,2685,7268,9953
NotApp :,96,*,*
AREA # 110552,Kyeintali(ST),*,*
Urban/Rural,Cart (bullock),*,*
*,Yes,No,Total
 Urban,241,1234,1475
 Rural,2059,2547,4606
 Total,2300,3781,6081
NotApp :,76,*,*
AREA # 120101,Insein,*,*
Urban/Rural,Cart (bullock),*,*
*,Yes,No,Total
 Urban,104,61572,61676
 Total,104,61572,61676
NotApp :,993,*,*
AREA # 120102,Mingaladon,*,*
Urban/Rural,Cart (bullock),*,*
*,Yes,No,Total
 Urban,195,41446,41641
 Rural,269,24393,24662
 Total,464,65839,66303
NotApp :,1749,*,*
AREA # 120103,Hmawby,*,*
Urban/Rural,Cart (bullock),*,*
*,Yes,No,Total
 Urban,162,5780,5942
 Rural,3679,46848,50527
 Total,3841,52628,56469
NotApp :,902,*,*
AREA # 120104,Hlegu,*,*
Urban/Rural,Cart (bullock),*,*
*,Yes,No,Total
 Urban,132,8617,8749
 Rural,7262,42012,49274
 Total,7394,50629,58023
NotApp :,1175,*,*
AREA # 120105,Taikkyi,*,*
Urban/Rural,Cart (bullock),*,*
*,Yes,No,Total
 Urban,863,19496,20359
 Rural,12815,33825,46640
 Total,13678,53321,66999
NotApp :,614,*,*
AREA # 120106,Htantabin,*,*
Urban/Rural,Cart (bullock),*,*
*,Yes,No,Total
 Urban,79,1977,2056
 Rural,4436,27719,32155
 Total,4515,29696,34211
NotApp :,229,*,*
AREA # 120107,Shwepyitha,*,*
Urban/Rural,Cart (bullock),*,*
*,Yes,No,Total
 Urban,248,58263,58511
 Rural,105,15159,15264
 Total,353,73422,73775
NotApp :,834,*,*
AREA # 120108,Hlinethaya,*,*
Urban/Rural,Cart (bullock),*,*
*,Yes,No,Total
 Urban,197,103610,103807
 Rural,186,44718,44904
 Total,383,148328,148711
NotApp :,1246,*,*
AREA # 120201,Thingangyun,*,*
Urban/Rural,Cart (bullock),*,*
*,Yes,No,Total
 Urban,51,43269,43320
 Total,51,43269,43320
NotApp :,265,*,*
AREA # 120202,Yankin,*,*
Urban/Rural,Cart (bullock),*,*
*,Yes,No,Total
 Urban,15,14622,14637
 Total,15,14622,14637
NotApp :,149,*,*
AREA # 120203,South Okkalapa,*,*
Urban/Rural,Cart (bullock),*,*
*,Yes,No,Total
 Urban,36,32689,32725
 Total,36,32689,32725
NotApp :,418,*,*
AREA # 120204,North Okkalapa,*,*
Urban/Rural,Cart (bullock),*,*
*,Yes,No,Total
 Urban,142,64614,64756
 Total,142,64614,64756
NotApp :,946,*,*
AREA # 120205,Thakayta,*,*
Urban/Rural,Cart (bullock),*,*
*,Yes,No,Total
 Urban,75,45381,45456
 Total,75,45381,45456
NotApp :,451,*,*
AREA # 120206,Dawbon,*,*
Urban/Rural,Cart (bullock),*,*
*,Yes,No,Total
 Urban,17,14392,14409
 Total,17,14392,14409
NotApp :,154,*,*
AREA # 120207,Tamway,*,*
Urban/Rural,Cart (bullock),*,*
*,Yes,No,Total
 Urban,40,35320,35360
 Total,40,35320,35360
NotApp :,633,*,*
AREA # 120208,Pazuntaung,*,*
Urban/Rural,Cart (bullock),*,*
*,Yes,No,Total
 Urban,10,10296,10306
 Total,10,10296,10306
NotApp :,215,*,*
AREA # 120209,Botahtaung,*,*
Urban/Rural,Cart (bullock),*,*
*,Yes,No,Total
 Urban,13,8384,8397
 Total,13,8384,8397
NotApp :,295,*,*
AREA # 120210,Dagon Myothit(South),*,*
Urban/Rural,Cart (bullock),*,*
*,Yes,No,Total
 Urban,787,76197,76984
 Total,787,76197,76984
NotApp :,751,*,*
AREA # 120211,Dagon Myothit(North),*,*
Urban/Rural,Cart (bullock),*,*
*,Yes,No,Total
 Urban,123,42581,42704
 Total,123,42581,42704
NotApp :,126,*,*
AREA # 120212,Dagon Myothit(East),*,*
Urban/Rural,Cart (bullock),*,*
*,Yes,No,Total
 Urban,233,31662,31895
 Rural,262,1756,2018
 Total,495,33418,33913
NotApp :,814,*,*
AREA # 120213,Dagon Myothit(Seik),*,*
Urban/Rural,Cart (bullock),*,*
*,Yes,No,Total
 Urban,251,33921,34172
 Rural,353,3380,3733
 Total,604,37301,37905
NotApp :,383,*,*
AREA # 120214,Mingala Taungnyunt,*,*
Urban/Rural,Cart (bullock),*,*
*,Yes,No,Total
 Urban,29,25889,25918
 Total,29,25889,25918
NotApp :,325,*,*
AREA # 120301,Thanlyin,*,*
Urban/Rural,Cart (bullock),*,*
*,Yes,No,Total
 Urban,99,18610,18709
 Rural,4801,38087,42888
 Total,4900,56697,61597
NotApp :,594,*,*
AREA # 120302,Kyauktan,*,*
Urban/Rural,Cart (bullock),*,*
*,Yes,No,Total
 Urban,432,9432,9864
 Rural,4841,18271,23112
 Total,5273,27703,32976
NotApp :,324,*,*
AREA # 120303,Thongwa,*,*
Urban/Rural,Cart (bullock),*,*
*,Yes,No,Total
 Urban,211,6545,6756
 Rural,8504,24827,33331
 Total,8715,31372,40087
NotApp :,287,*,*
AREA # 120304,Khayan,*,*
Urban/Rural,Cart (bullock),*,*
*,Yes,No,Total
 Urban,359,7519,7878
 Rural,8199,23237,31436
 Total,8558,30756,39314
NotApp :,203,*,*
AREA # 120305,Twantay,*,*
Urban/Rural,Cart (bullock),*,*
*,Yes,No,Total
 Urban,55,9142,9197
 Rural,3039,39366,42405
 Total,3094,48508,51602
NotApp :,365,*,*
AREA # 120306,Kawhmu,*,*
Urban/Rural,Cart (bullock),*,*
*,Yes,No,Total
 Urban,239,1992,2231
 Rural,4010,23551,27561
 Total,4249,25543,29792
NotApp :,220,*,*
AREA # 120307,Kungyangon,*,*
Urban/Rural,Cart (bullock),*,*
*,Yes,No,Total
 Urban,149,3809,3958
 Rural,4011,20383,24394
 Total,4160,24192,28352
NotApp :,207,*,*
AREA # 120308,Dala,*,*
Urban/Rural,Cart (bullock),*,*
*,Yes,No,Total
 Urban,141,25190,25331
 Rural,2208,10373,12581
 Total,2349,35563,37912
NotApp :,211,*,*
AREA # 120309,Seikkyi/Khanaungto,*,*
Urban/Rural,Cart (bullock),*,*
*,Yes,No,Total
 Urban,53,7676,7729
 Total,53,7676,7729
NotApp :,39,*,*
AREA # 120310,Cocogyun,*,*
Urban/Rural,Cart (bullock),*,*
*,Yes,No,Total
 Urban,3,348,351
 Total,3,348,351
NotApp :,8,*,*
AREA # 120351,Tada(ST),*,*
Urban/Rural,Cart (bullock),*,*
*,Yes,No,Total
 Urban,341,2149,2490
 Rural,927,6076,7003
 Total,1268,8225,9493
NotApp :,57,*,*
AREA # 120401,Kyauktada,*,*
Urban/Rural,Cart (bullock),*,*
*,Yes,No,Total
 Urban,5,6115,6120
 Total,5,6115,6120
NotApp :,412,*,*
AREA # 120402,Pabedan,*,*
Urban/Rural,Cart (bullock),*,*
*,Yes,No,Total
 Urban,4,6559,6563
 Total,4,6559,6563
NotApp :,145,*,*
AREA # 120403,Lanmadaw,*,*
Urban/Rural,Cart (bullock),*,*
*,Yes,No,Total
 Urban,4,8595,8599
 Total,4,8595,8599
NotApp :,607,*,*
AREA # 120404,Latha,*,*
Urban/Rural,Cart (bullock),*,*
*,Yes,No,Total
 Urban,5,4468,4473
 Total,5,4468,4473
NotApp :,510,*,*
AREA # 120405,Ahlon,*,*
Urban/Rural,Cart (bullock),*,*
*,Yes,No,Total
 Urban,5,10938,10943
 Total,5,10938,10943
NotApp :,503,*,*
AREA # 120406,Kyimyindine,*,*
Urban/Rural,Cart (bullock),*,*
*,Yes,No,Total
 Urban,190,22872,23062
 Total,190,22872,23062
NotApp :,182,*,*
AREA # 120407,Sangyoung,*,*
Urban/Rural,Cart (bullock),*,*
*,Yes,No,Total
 Urban,28,20607,20635
 Total,28,20607,20635
NotApp :,1228,*,*
AREA # 120408,Hline,*,*
Urban/Rural,Cart (bullock),*,*
*,Yes,No,Total
 Urban,88,32749,32837
 Total,88,32749,32837
NotApp :,851,*,*
AREA # 120409,Kamayut,*,*
Urban/Rural,Cart (bullock),*,*
*,Yes,No,Total
 Urban,24,16275,16299
 Total,24,16275,16299
NotApp :,1002,*,*
AREA # 120410,Mayangon,*,*
Urban/Rural,Cart (bullock),*,*
*,Yes,No,Total
 Urban,52,38755,38807
 Total,52,38755,38807
NotApp :,891,*,*
AREA # 120411,Dagon,*,*
Urban/Rural,Cart (bullock),*,*
*,Yes,No,Total
 Urban,4,4604,4608
 Total,4,4604,4608
NotApp :,176,*,*
AREA # 120412,Bahan,*,*
Urban/Rural,Cart (bullock),*,*
*,Yes,No,Total
 Urban,14,17412,17426
 Total,14,17412,17426
NotApp :,1076,*,*
AREA # 120413,Seikkan,*,*
Urban/Rural,Cart (bullock),*,*
*,Yes,No,Total
 Urban,1,409,410
 Total,1,409,410
NotApp :,67,*,*
AREA # 130101,Taunggyi,*,*
Urban/Rural,Cart (bullock),*,*
*,Yes,No,Total
 Urban,569,56079,56648
 Rural,3966,21990,25956
 Total,4535,78069,82604
NotApp :,922,*,*
AREA # 130102,Nyaungshwe,*,*
Urban/Rural,Cart (bullock),*,*
*,Yes,No,Total
 Urban,47,3012,3059
 Rural,3898,35677,39575
 Total,3945,38689,42634
NotApp :,550,*,*
AREA # 130103,Hopon,*,*
Urban/Rural,Cart (bullock),*,*
*,Yes,No,Total
 Urban,84,4452,4536
 Rural,2137,18055,20192
 Total,2221,22507,24728
NotApp :,246,*,*
AREA # 130104,Hsihseng,*,*
Urban/Rural,Cart (bullock),*,*
*,Yes,No,Total
 Urban,354,2295,2649
 Rural,8147,21975,30122
 Total,8501,24270,32771
NotApp :,323,*,*
AREA # 130105,Kalaw,*,*
Urban/Rural,Cart (bullock),*,*
*,Yes,No,Total
 Urban,279,12319,12598
 Rural,10015,18728,28743
 Total,10294,31047,41341
NotApp :,409,*,*
AREA # 130106,Pindaya,*,*
Urban/Rural,Cart (bullock),*,*
*,Yes,No,Total
 Urban,28,2231,2259
 Rural,5866,9419,15285
 Total,5894,11650,17544
NotApp :,214,*,*
AREA # 130107,Ywarngan,*,*
Urban/Rural,Cart (bullock),*,*
*,Yes,No,Total
 Urban,49,1106,1155
 Rural,5314,11879,17193
 Total,5363,12985,18348
NotApp :,248,*,*
AREA # 130108,Yatsauk,*,*
Urban/Rural,Cart (bullock),*,*
*,Yes,No,Total
 Urban,273,5404,5677
 Rural,5613,14667,20280
 Total,5886,20071,25957
NotApp :,294,*,*
AREA # 130109,Pinlaung,*,*
Urban/Rural,Cart (bullock),*,*
*,Yes,No,Total
 Urban,15,2755,2770
 Rural,2359,20375,22734
 Total,2374,23130,25504
NotApp :,214,*,*
AREA # 130110,Phekon,*,*
Urban/Rural,Cart (bullock),*,*
*,Yes,No,Total
 Urban,80,3351,3431
 Rural,1318,15335,16653
 Total,1398,18686,20084
NotApp :,187,*,*
AREA # 130151,Kyauktalongyi(ST),*,*
Urban/Rural,Cart (bullock),*,*
*,Yes,No,Total
 Urban,34,568,602
 Rural,1823,9840,11663
 Total,1857,10408,12265
NotApp :,78,*,*
AREA # 130152,Indaw(ST),*,*
Urban/Rural,Cart (bullock),*,*
*,Yes,No,Total
 Urban,483,1353,1836
 Rural,2006,4308,6314
 Total,2489,5661,8150
NotApp :,120,*,*
AREA # 130153,Naungtayar(ST),*,*
Urban/Rural,Cart (bullock),*,*
*,Yes,No,Total
 Urban,74,905,979
 Rural,4276,11324,15600
 Total,4350,12229,16579
NotApp :,149,*,*
AREA # 130201,Loilem,*,*
Urban/Rural,Cart (bullock),*,*
*,Yes,No,Total
 Urban,31,2822,2853
 Rural,476,7572,8048
 Total,507,10394,10901
NotApp :,112,*,*
AREA # 130202,Le`char,*,*
Urban/Rural,Cart (bullock),*,*
*,Yes,No,Total
 Urban,28,1302,1330
 Rural,2202,5258,7460
 Total,2230,6560,8790
NotApp :,101,*,*
AREA # 130203,Nanhsam(South),*,*
Urban/Rural,Cart (bullock),*,*
*,Yes,No,Total
 Urban,344,4497,4841
 Rural,2718,11304,14022
 Total,3062,15801,18863
NotApp :,264,*,*
AREA # 130204,Kunhing,*,*
Urban/Rural,Cart (bullock),*,*
*,Yes,No,Total
 Urban,160,1382,1542
 Rural,1348,1680,3028
 Total,1508,3062,4570
NotApp :,122,*,*
AREA # 130205,Kehsi,*,*
Urban/Rural,Cart (bullock),*,*
*,Yes,No,Total
 Urban,73,769,842
 Rural,3224,4835,8059
 Total,3297,5604,8901
NotApp :,109,*,*
AREA # 130206,Mongkai,*,*
Urban/Rural,Cart (bullock),*,*
*,Yes,No,Total
 Urban,430,1789,2219
 Rural,4628,9485,14113
 Total,5058,11274,16332
NotApp :,213,*,*
AREA # 130207,Mineshu,*,*
Urban/Rural,Cart (bullock),*,*
*,Yes,No,Total
 Urban,43,2040,2083
 Rural,2211,4907,7118
 Total,2254,6947,9201
NotApp :,161,*,*
AREA # 130251,Panglong(ST),*,*
Urban/Rural,Cart (bullock),*,*
*,Yes,No,Total
 Urban,76,5148,5224
 Rural,789,8503,9292
 Total,865,13651,14516
NotApp :,104,*,*
AREA # 130252,Kholan(ST),*,*
Urban/Rural,Cart (bullock),*,*
*,Yes,No,Total
 Urban,254,1494,1748
 Rural,663,1953,2616
 Total,917,3447,4364
NotApp :,145,*,*
AREA # 130253,Karli(ST),*,*
Urban/Rural,Cart (bullock),*,*
*,Yes,No,Total
 Urban,102,1563,1665
 Rural,2134,2768,4902
 Total,2236,4331,6567
NotApp :,80,*,*
AREA # 130254,Minenaung(ST),*,*
Urban/Rural,Cart (bullock),*,*
*,Yes,No,Total
 Urban,53,699,752
 Rural,1586,3473,5059
 Total,1639,4172,5811
NotApp :,69,*,*
AREA # 130255,Minesan(Monsan)(ST),*,*
Urban/Rural,Cart (bullock),*,*
*,Yes,No,Total
 Urban,26,481,507
 Rural,662,5497,6159
 Total,688,5978,6666
NotApp :,259,*,*
AREA # 130301,Linkhe`,*,*
Urban/Rural,Cart (bullock),*,*
*,Yes,No,Total
 Urban,247,1471,1718
 Rural,2112,4558,6670
 Total,2359,6029,8388
NotApp :,100,*,*
AREA # 130302,Mone`,*,*
Urban/Rural,Cart (bullock),*,*
*,Yes,No,Total
 Urban,128,1975,2103
 Rural,691,3430,4121
 Total,819,5405,6224
NotApp :,66,*,*
AREA # 130303,Maukme`,*,*
Urban/Rural,Cart (bullock),*,*
*,Yes,No,Total
 Urban,61,1131,1192
 Rural,2496,3506,6002
 Total,2557,4637,7194
NotApp :,191,*,*
AREA # 130304,Minepan,*,*
Urban/Rural,Cart (bullock),*,*
*,Yes,No,Total
 Urban,29,1930,1959
 Rural,814,2648,3462
 Total,843,4578,5421
NotApp :,165,*,*
AREA # 130351,Homane(ST),*,*
Urban/Rural,Cart (bullock),*,*
*,Yes,No,Total
 Urban,53,621,674
 Rural,129,357,486
 Total,182,978,1160
NotApp :,17,*,*
AREA # 130352,Kengtaung(ST),*,*
Urban/Rural,Cart (bullock),*,*
*,Yes,No,Total
 Urban,267,1830,2097
 Rural,62,102,164
 Total,329,1932,2261
NotApp :,46,*,*
AREA # 130401,Lashio,*,*
Urban/Rural,Cart (bullock),*,*
*,Yes,No,Total
 Urban,196,33903,34099
 Rural,8971,21862,30833
 Total,9167,55765,64932
NotApp :,881,*,*
AREA # 130402,Theinni,*,*
Urban/Rural,Cart (bullock),*,*
*,Yes,No,Total
 Urban,65,1858,1923
 Rural,886,8970,9856
 Total,951,10828,11779
NotApp :,116,*,*
AREA # 130403,Mineye`,*,*
Urban/Rural,Cart (bullock),*,*
*,Yes,No,Total
 Urban,105,1365,1470
 Rural,4825,7033,11858
 Total,4930,8398,13328
NotApp :,139,*,*
AREA # 130404,Tantyan,*,*
Urban/Rural,Cart (bullock),*,*
*,Yes,No,Total
 Urban,281,6527,6808
 Rural,12513,15821,28334
 Total,12794,22348,35142
NotApp :,291,*,*
AREA # 130501,MuSe,*,*
Urban/Rural,Cart (bullock),*,*
*,Yes,No,Total
 Urban,81,13253,13334
 Rural,580,8300,8880
 Total,661,21553,22214
NotApp :,873,*,*
AREA # 130502,Namkham,*,*
Urban/Rural,Cart (bullock),*,*
*,Yes,No,Total
 Urban,7,6125,6132
 Rural,276,15009,15285
 Total,283,21134,21417
NotApp :,200,*,*
AREA # 130503,Kukai,*,*
Urban/Rural,Cart (bullock),*,*
*,Yes,No,Total
 Urban,330,4353,4683
 Rural,2113,12235,14348
 Total,2443,16588,19031
NotApp :,175,*,*
AREA # 130551,Monekoe(ST),*,*
Urban/Rural,Cart (bullock),*,*
*,Yes,No,Total
 Urban,7,1462,1469
 Rural,57,2832,2889
 Total,64,4294,4358
NotApp :,29,*,*
AREA # 130552,Manhero(ST),*,*
Urban/Rural,Cart (bullock),*,*
*,Yes,No,Total
 Urban,-,346,346
 Rural,-,1297,1297
 Total,-,1643,1643
NotApp :,30,*,*
AREA # 130553,Pansai(KyuKute)(ST),*,*
Urban/Rural,Cart (bullock),*,*
*,Yes,No,Total
 Urban,1,1767,1768
 Rural,75,2700,2775
 Total,76,4467,4543
NotApp :,51,*,*
AREA # 130554,Tamoenye(ST),*,*
Urban/Rural,Cart (bullock),*,*
*,Yes,No,Total
 Urban,430,2057,2487
 Rural,4830,5732,10562
 Total,5260,7789,13049
NotApp :,45,*,*
AREA # 130601,Kyukme,*,*
Urban/Rural,Cart (bullock),*,*
*,Yes,No,Total
 Urban,57,8596,8653
 Rural,5282,14436,19718
 Total,5339,23032,28371
NotApp :,367,*,*
AREA # 130602,Naungkhio,*,*
Urban/Rural,Cart (bullock),*,*
*,Yes,No,Total
 Urban,299,3872,4171
 Rural,6883,21170,28053
 Total,7182,25042,32224
NotApp :,365,*,*
AREA # 130603,Hsipaw,*,*
Urban/Rural,Cart (bullock),*,*
*,Yes,No,Total
 Urban,80,3929,4009
 Rural,6213,27684,33897
 Total,6293,31613,37906
NotApp :,454,*,*
AREA # 130604,Namtu,*,*
Urban/Rural,Cart (bullock),*,*
*,Yes,No,Total
 Urban,78,3179,3257
 Rural,2339,6045,8384
 Total,2417,9224,11641
NotApp :,153,*,*
AREA # 130605,Namsan(North),*,*
Urban/Rural,Cart (bullock),*,*
*,Yes,No,Total
 Urban,-,935,935
 Rural,137,12613,12750
 Total,137,13548,13685
NotApp :,265,*,*
AREA # 130606,Momeik,*,*
Urban/Rural,Cart (bullock),*,*
*,Yes,No,Total
 Urban,196,2037,2233
 Rural,4198,7221,11419
 Total,4394,9258,13652
NotApp :,177,*,*
AREA # 130607,Mabane,*,*
Urban/Rural,Cart (bullock),*,*
*,Yes,No,Total
 Urban,262,452,714
 Rural,5170,2748,7918
 Total,5432,3200,8632
NotApp :,266,*,*
AREA # 130608,Manton,*,*
Urban/Rural,Cart (bullock),*,*
*,Yes,No,Total
 Urban,34,745,779
 Rural,1204,5700,6904
 Total,1238,6445,7683
NotApp :,136,*,*
AREA # 130651,Minengaw(ST),*,*
Urban/Rural,Cart (bullock),*,*
*,Yes,No,Total
 Urban,21,592,613
 Rural,125,3291,3416
 Total,146,3883,4029
NotApp :,98,*,*
AREA # 130652,Minelon(ST),*,*
Urban/Rural,Cart (bullock),*,*
*,Yes,No,Total
 Urban,122,464,586
 Rural,1322,3948,5270
 Total,1444,4412,5856
NotApp :,201,*,*
AREA # 130701,Kunlon,*,*
Urban/Rural,Cart (bullock),*,*
*,Yes,No,Total
 Urban,13,1145,1158
 Rural,1319,7915,9234
 Total,1332,9060,10392
NotApp :,158,*,*
AREA # 130801,Laukine,*,*
Urban/Rural,Cart (bullock),*,*
*,Yes,No,Total
 Urban,2,2939,2941
 Rural,326,10964,11290
 Total,328,13903,14231
NotApp :,557,*,*
AREA # 130802,Kongyan,*,*
Urban/Rural,Cart (bullock),*,*
*,Yes,No,Total
 Urban,-,194,194
 Rural,34,5234,5268
 Total,34,5428,5462
NotApp :,14,*,*
AREA # 130851,Chinshwehaw(ST),*,*
Urban/Rural,Cart (bullock),*,*
*,Yes,No,Total
 Urban,-,619,619
 Rural,-,331,331
 Total,-,950,950
NotApp :,28,*,*
AREA # 130852,Mawhtike(ST),*,*
Urban/Rural,Cart (bullock),*,*
*,Yes,No,Total
 Urban,-,85,85
 Rural,305,3813,4118
 Total,305,3898,4203
NotApp :,14,*,*
AREA # 130901,Hopan,*,*
Urban/Rural,Cart (bullock),*,*
*,Yes,No,Total
 Urban,284,3094,3378
 Rural,2095,4558,6653
 Total,2379,7652,10031
NotApp :,72,*,*
AREA # 130902,Minemaw,*,*
Urban/Rural,Cart (bullock),*,*
*,Yes,No,Total
 Urban,130,723,853
 Rural,5535,4057,9592
 Total,5665,4780,10445
NotApp :,71,*,*
AREA # 130903,Panwine,*,*
Urban/Rural,Cart (bullock),*,*
*,Yes,No,Total
 Urban,274,195,469
 Rural,8078,5422,13500
 Total,8352,5617,13969
NotApp :,8,*,*
AREA # 130952,Panlon(ST),*,*
Urban/Rural,Cart (bullock),*,*
*,Yes,No,Total
 Urban,71,590,661
 Rural,272,252,524
 Total,343,842,1185
NotApp :,26,*,*
AREA # 131001,Makman,*,*
Urban/Rural,Cart (bullock),*,*
*,Yes,No,Total
 Urban,-,67,67
 Rural,134,3117,3251
 Total,134,3184,3318
NotApp :,55,*,*
AREA # 131002,Pan San(Pan Kham),*,*
Urban/Rural,Cart (bullock),*,*
*,Yes,No,Total
 Urban,6,2016,2022
 Rural,916,13204,14120
 Total,922,15220,16142
NotApp :,744,*,*
AREA # 131003,Naphang,*,*
Urban/Rural,Cart (bullock),*,*
*,Yes,No,Total
 Urban,29,126,155
 Rural,6328,9991,16319
 Total,6357,10117,16474
NotApp :,40,*,*
AREA # 131051,ManKan(ST),*,*
Urban/Rural,Cart (bullock),*,*
*,Yes,No,Total
 Urban,15,66,81
 Rural,69,165,234
 Total,84,231,315
NotApp :,19,*,*
AREA # 131101,Kengtung,*,*
Urban/Rural,Cart (bullock),*,*
*,Yes,No,Total
 Urban,116,8986,9102
 Rural,3248,21746,24994
 Total,3364,30732,34096
NotApp :,512,*,*
AREA # 131102,Minekat,*,*
Urban/Rural,Cart (bullock),*,*
*,Yes,No,Total
 Urban,99,459,558
 Rural,3435,4032,7467
 Total,3534,4491,8025
NotApp :,133,*,*
AREA # 131103,Mineyan,*,*
Urban/Rural,Cart (bullock),*,*
*,Yes,No,Total
 Urban,16,973,989
 Rural,1143,7987,9130
 Total,1159,8960,10119
NotApp :,153,*,*
AREA # 131104,Minelar,*,*
Urban/Rural,Cart (bullock),*,*
*,Yes,No,Total
 Urban,19,1541,1560
 Rural,579,3069,3648
 Total,598,4610,5208
NotApp :,231,*,*
AREA # 131151,Mine Pauk(ST),*,*
Urban/Rural,Cart (bullock),*,*
*,Yes,No,Total
 Rural,1285,8000,9285
 Total,1285,8000,9285
NotApp :,65,*,*
AREA # 131201,Minesat,*,*
Urban/Rural,Cart (bullock),*,*
*,Yes,No,Total
 Urban,44,1517,1561
 Rural,1923,12425,14348
 Total,1967,13942,15909
NotApp :,313,*,*
AREA # 131202,Minepyin,*,*
Urban/Rural,Cart (bullock),*,*
*,Yes,No,Total
 Urban,147,1186,1333
 Rural,2088,7184,9272
 Total,2235,8370,10605
NotApp :,144,*,*
AREA # 131203,Minetung,*,*
Urban/Rural,Cart (bullock),*,*
*,Yes,No,Total
 Urban,33,1086,1119
 Rural,493,2646,3139
 Total,526,3732,4258
NotApp :,57,*,*
AREA # 131251,Minekoke(ST),*,*
Urban/Rural,Cart (bullock),*,*
*,Yes,No,Total
 Urban,106,178,284
 Rural,942,1976,2918
 Total,1048,2154,3202
NotApp :,77,*,*
AREA # 131252,Tontar(ST),*,*
Urban/Rural,Cart (bullock),*,*
*,Yes,No,Total
 Urban,98,329,427
 Rural,909,1358,2267
 Total,1007,1687,2694
NotApp :,33,*,*
AREA # 131253,Ponparkyin(ST),*,*
Urban/Rural,Cart (bullock),*,*
*,Yes,No,Total
 Urban,1,720,721
 Rural,517,6096,6613
 Total,518,6816,7334
NotApp :,83,*,*
AREA # 131254,Monehta(ST),*,*
Urban/Rural,Cart (bullock),*,*
*,Yes,No,Total
 Urban,1,90,91
 Rural,21,817,838
 Total,22,907,929
NotApp :,3,*,*
AREA # 131301,Tachileik,*,*
Urban/Rural,Cart (bullock),*,*
*,Yes,No,Total
 Urban,135,10959,11094
 Rural,519,19566,20085
 Total,654,30525,31179
NotApp :,515,*,*
AREA # 131351,Talay(ST),*,*
Urban/Rural,Cart (bullock),*,*
*,Yes,No,Total
 Urban,24,849,873
 Rural,377,2768,3145
 Total,401,3617,4018
NotApp :,85,*,*
AREA # 131352,Kenglat(ST),*,*
Urban/Rural,Cart (bullock),*,*
*,Yes,No,Total
 Urban,7,755,762
 Rural,270,1444,1714
 Total,277,2199,2476
NotApp :,39,*,*
AREA # 131401,Minephyat,*,*
Urban/Rural,Cart (bullock),*,*
*,Yes,No,Total
 Urban,15,1308,1323
 Rural,373,4469,4842
 Total,388,5777,6165
NotApp :,161,*,*
AREA # 131402,Mineyaung,*,*
Urban/Rural,Cart (bullock),*,*
*,Yes,No,Total
 Urban,35,1155,1190
 Rural,729,4410,5139
 Total,764,5565,6329
NotApp :,131,*,*
AREA # 131451,Mineyu(ST),*,*
Urban/Rural,Cart (bullock),*,*
*,Yes,No,Total
 Urban,-,231,231
 Rural,516,10120,10636
 Total,516,10351,10867
NotApp :,165,*,*
AREA # 140101,Kangyidaunt,*,*
Urban/Rural,Cart (bullock),*,*
*,Yes,No,Total
 Urban,271,2403,2674
 Rural,5693,34599,40292
 Total,5964,37002,42966
NotApp :,345,*,*
AREA # 140102,Kyaungon,*,*
Urban/Rural,Cart (bullock),*,*
*,Yes,No,Total
 Urban,127,3823,3950
 Rural,5461,31991,37452
 Total,5588,35814,41402
NotApp :,278,*,*
AREA # 140103,Kyonpyaw,*,*
Urban/Rural,Cart (bullock),*,*
*,Yes,No,Total
 Urban,392,5607,5999
 Rural,9974,43515,53489
 Total,10366,49122,59488
NotApp :,394,*,*
AREA # 140104,Ngaputaw,*,*
Urban/Rural,Cart (bullock),*,*
*,Yes,No,Total
 Urban,214,2327,2541
 Rural,6153,28682,34835
 Total,6367,31009,37376
NotApp :,231,*,*
AREA # 140105,Pathein,*,*
Urban/Rural,Cart (bullock),*,*
*,Yes,No,Total
 Urban,604,36837,37441
 Rural,4478,24117,28595
 Total,5082,60954,66036
NotApp :,851,*,*
AREA # 140106,Yekyi,*,*
Urban/Rural,Cart (bullock),*,*
*,Yes,No,Total
 Urban,99,2667,2766
 Rural,6385,18651,25036
 Total,6484,21318,27802
NotApp :,199,*,*
AREA # 140107,Thapaung,*,*
Urban/Rural,Cart (bullock),*,*
*,Yes,No,Total
 Urban,88,1652,1740
 Rural,7979,27518,35497
 Total,8067,29170,37237
NotApp :,376,*,*
AREA # 140151,Ngayokaung(ST),*,*
Urban/Rural,Cart (bullock),*,*
*,Yes,No,Total
 Urban,126,707,833
 Rural,777,8591,9368
 Total,903,9298,10201
NotApp :,68,*,*
AREA # 140152,Hainggyikyun(ST),*,*
Urban/Rural,Cart (bullock),*,*
*,Yes,No,Total
 Urban,93,3456,3549
 Rural,3731,21795,25526
 Total,3824,25251,29075
NotApp :,204,*,*
AREA # 140153,Shwethaungyan(ST),*,*
Urban/Rural,Cart (bullock),*,*
*,Yes,No,Total
 Urban,111,708,819
 Rural,1447,7915,9362
 Total,1558,8623,10181
NotApp :,202,*,*
AREA # 140154,Ngwehsaung(ST),*,*
Urban/Rural,Cart (bullock),*,*
*,Yes,No,Total
 Urban,209,2466,2675
 Rural,1779,5016,6795
 Total,1988,7482,9470
NotApp :,180,*,*
AREA # 140155,Ngathaingchaung(ST),*,*
Urban/Rural,Cart (bullock),*,*
*,Yes,No,Total
 Urban,152,4445,4597
 Rural,6185,12131,18316
 Total,6337,16576,22913
NotApp :,199,*,*
AREA # 140201,Kyaiklatt,*,*
Urban/Rural,Cart (bullock),*,*
*,Yes,No,Total
 Urban,43,5374,5417
 Rural,1093,37238,38331
 Total,1136,42612,43748
NotApp :,526,*,*
AREA # 140202,Daydaye,*,*
Urban/Rural,Cart (bullock),*,*
*,Yes,No,Total
 Urban,71,3495,3566
 Rural,3740,41304,45044
 Total,3811,44799,48610
NotApp :,479,*,*
AREA # 140203,Phyapon,*,*
Urban/Rural,Cart (bullock),*,*
*,Yes,No,Total
 Urban,121,9933,10054
 Rural,2359,29217,31576
 Total,2480,39150,41630
NotApp :,366,*,*
AREA # 140204,Bogale,*,*
Urban/Rural,Cart (bullock),*,*
*,Yes,No,Total
 Urban,145,9970,10115
 Rural,6308,59564,65872
 Total,6453,69534,75987
NotApp :,607,*,*
AREA # 140251,Ahmar(ST),*,*
Urban/Rural,Cart (bullock),*,*
*,Yes,No,Total
 Urban,38,739,777
 Rural,1927,25082,27009
 Total,1965,25821,27786
NotApp :,383,*,*
AREA # 140301,Nyaungdon,*,*
Urban/Rural,Cart (bullock),*,*
*,Yes,No,Total
 Urban,74,5826,5900
 Rural,5261,40040,45301
 Total,5335,45866,51201
NotApp :,457,*,*
AREA # 140302,Danubyu,*,*
Urban/Rural,Cart (bullock),*,*
*,Yes,No,Total
 Urban,42,5138,5180
 Rural,9382,30235,39617
 Total,9424,35373,44797
NotApp :,310,*,*
AREA # 140303,Pantanaw,*,*
Urban/Rural,Cart (bullock),*,*
*,Yes,No,Total
 Urban,66,4226,4292
 Rural,5924,50061,55985
 Total,5990,54287,60277
NotApp :,434,*,*
AREA # 140304,Maubin,*,*
Urban/Rural,Cart (bullock),*,*
*,Yes,No,Total
 Urban,47,9090,9137
 Rural,5171,57496,62667
 Total,5218,66586,71804
NotApp :,629,*,*
AREA # 140401,Myaungmya,*,*
Urban/Rural,Cart (bullock),*,*
*,Yes,No,Total
 Urban,164,12349,12513
 Rural,5286,48373,53659
 Total,5450,60722,66172
NotApp :,571,*,*
AREA # 140402,Wakema,*,*
Urban/Rural,Cart (bullock),*,*
*,Yes,No,Total
 Urban,36,5269,5305
 Rural,7588,54555,62143
 Total,7624,59824,67448
NotApp :,575,*,*
AREA # 140403,Einme,*,*
Urban/Rural,Cart (bullock),*,*
*,Yes,No,Total
 Urban,107,2939,3046
 Rural,5164,38245,43409
 Total,5271,41184,46455
NotApp :,362,*,*
AREA # 140501,Mawlamyinegyun,*,*
Urban/Rural,Cart (bullock),*,*
*,Yes,No,Total
 Urban,170,7413,7583
 Rural,8682,58621,67303
 Total,8852,66034,74886
NotApp :,436,*,*
AREA # 140502,Labutta,*,*
Urban/Rural,Cart (bullock),*,*
*,Yes,No,Total
 Urban,339,6864,7203
 Rural,7416,40527,47943
 Total,7755,47391,55146
NotApp :,425,*,*
AREA # 140551,Pyinsalu(ST),*,*
Urban/Rural,Cart (bullock),*,*
*,Yes,No,Total
 Urban,107,394,501
 Rural,1994,17942,19936
 Total,2101,18336,20437
NotApp :,161,*,*
AREA # 140601,Kyangin,*,*
Urban/Rural,Cart (bullock),*,*
*,Yes,No,Total
 Urban,266,5040,5306
 Rural,9995,11556,21551
 Total,10261,16596,26857
NotApp :,241,*,*
AREA # 140602,Zalun,*,*
Urban/Rural,Cart (bullock),*,*
*,Yes,No,Total
 Urban,173,5084,5257
 Rural,8802,28014,36816
 Total,8975,33098,42073
NotApp :,220,*,*
AREA # 140603,Myanaung,*,*
Urban/Rural,Cart (bullock),*,*
*,Yes,No,Total
 Urban,182,5867,6049
 Rural,19022,34849,53871
 Total,19204,40716,59920
NotApp :,437,*,*
AREA # 140604,Laymyethna,*,*
Urban/Rural,Cart (bullock),*,*
*,Yes,No,Total
 Urban,96,674,770
 Rural,8759,16715,25474
 Total,8855,17389,26244
NotApp :,310,*,*
AREA # 140605,Hinthada,*,*
Urban/Rural,Cart (bullock),*,*
*,Yes,No,Total
 Urban,424,19405,19829
 Rural,18003,48297,66300
 Total,18427,67702,86129
NotApp :,639,*,*
AREA # 140606,Ingapu,*,*
Urban/Rural,Cart (bullock),*,*
*,Yes,No,Total
 Urban,352,3226,3578
 Rural,20187,33464,53651
 Total,20539,36690,57229
NotApp :,515,*,*
AREA # 150101,Tatkon,*,*
Urban/Rural,Cart (bullock),*,*
*,Yes,No,Total
 Urban,654,8492,9146
 Rural,20411,22190,42601
 Total,21065,30682,51747
NotApp :,415,*,*
AREA # 150102,Zeyarthiri,*,*
Urban/Rural,Cart (bullock),*,*
*,Yes,No,Total
 Urban,123,8123,8246
 Rural,2621,15208,17829
 Total,2744,23331,26075
NotApp :,326,*,*
AREA # 150103,Ottarathiri,*,*
Urban/Rural,Cart (bullock),*,*
*,Yes,No,Total
 Urban,131,4764,4895
 Rural,4316,9450,13766
 Total,4447,14214,18661
NotApp :,325,*,*
AREA # 150104,Pobbathiri,*,*
Urban/Rural,Cart (bullock),*,*
*,Yes,No,Total
 Urban,209,10039,10248
 Rural,3184,14184,17368
 Total,3393,24223,27616
NotApp :,382,*,*
AREA # 150201,Pyinmana,*,*
Urban/Rural,Cart (bullock),*,*
*,Yes,No,Total
 Urban,70,14386,14456
 Rural,3241,21966,25207
 Total,3311,36352,39663
NotApp :,695,*,*
AREA # 150202,Lewe,*,*
Urban/Rural,Cart (bullock),*,*
*,Yes,No,Total
 Urban,227,5896,6123
 Rural,18789,40262,59051
 Total,19016,46158,65174
NotApp :,584,*,*
AREA # 150203,Zabuthiri,*,*
Urban/Rural,Cart (bullock),*,*
*,Yes,No,Total
 Urban,114,24608,24722
 Rural,73,1525,1598
 Total,187,26133,26320
NotApp :,869,*,*
AREA # 150204,Dekkhinathiri,*,*
Urban/Rural,Cart (bullock),*,*
*,Yes,No,Total
 Urban,46,862,908
 Rural,1255,4834,6089
 Total,1301,5696,6997
NotApp :,205,*,*
SUMMARY,*,*,*
Urban/Rural,Cart (bullock),*,*
*,Yes,No,Total
 Urban,75786,2973647,3049433
 Rural,2278144,5550255,7828399
 Total,2353930,8523902,10877832
NotApp :,137752,*,*
