Urban_Rural,Internet_at_home_Yes,Internet_at_home_No,Internet_at_home_Total
AREA # 010101,Myitkyina,*,*
Urban/Rural,Internet at home,*,*
*,Yes,No,Total
 Urban,5810,33858,39668
 Rural,264,10651,10915
 Total,6074,44509,50583
NotApp :,1258,*,*
AREA # 010102,Waingmaw,*,*
Urban/Rural,Internet at home,*,*
*,Yes,No,Total
 Urban,278,3542,3820
 Rural,227,15733,15960
 Total,505,19275,19780
NotApp :,241,*,*
AREA # 010103,Ingyanyan,*,*
Urban/Rural,Internet at home,*,*
*,Yes,No,Total
 Urban,1,77,78
 Rural,-,207,207
 Total,1,284,285
NotApp :,35,*,*
AREA # 010104,Tanaing,*,*
Urban/Rural,Internet at home,*,*
*,Yes,No,Total
 Urban,375,3319,3694
 Rural,33,2671,2704
 Total,408,5990,6398
NotApp :,303,*,*
AREA # 010105,Chiphwe,*,*
Urban/Rural,Internet at home,*,*
*,Yes,No,Total
 Urban,-,329,329
 Rural,3,1599,1602
 Total,3,1928,1931
NotApp :,11,*,*
AREA # 010106,Hsotlaw,*,*
Urban/Rural,Internet at home,*,*
*,Yes,No,Total
 Urban,-,66,66
 Rural,1,1006,1007
 Total,1,1072,1073
NotApp :,4,*,*
AREA # 010151,Hsinbo(ST),*,*
Urban/Rural,Internet at home,*,*
*,Yes,No,Total
 Urban,2,702,704
 Rural,2,1302,1304
 Total,4,2004,2008
NotApp :,80,*,*
AREA # 010152,Hsadone(ST),*,*
Urban/Rural,Internet at home,*,*
*,Yes,No,Total
 Urban,10,500,510
 Rural,3,1097,1100
 Total,13,1597,1610
NotApp :,9,*,*
AREA # 010153,Kanpaikti(ST),*,*
Urban/Rural,Internet at home,*,*
*,Yes,No,Total
 Urban,6,168,174
 Rural,1,1295,1296
 Total,7,1463,1470
NotApp :,20,*,*
AREA # 010154,Shinbwayyan(ST),*,*
Urban/Rural,Internet at home,*,*
*,Yes,No,Total
 Urban,1,1024,1025
 Rural,-,1105,1105
 Total,1,2129,2130
NotApp :,15,*,*
AREA # 010155,Panwa(ST),*,*
Urban/Rural,Internet at home,*,*
*,Yes,No,Total
 Urban,4,192,196
 Rural,3,1176,1179
 Total,7,1368,1375
NotApp :,41,*,*
AREA # 010201,Mohnyin,*,*
Urban/Rural,Internet at home,*,*
*,Yes,No,Total
 Urban,726,5627,6353
 Rural,331,23506,23837
 Total,1057,29133,30190
NotApp :,542,*,*
AREA # 010202,Mogaung,*,*
Urban/Rural,Internet at home,*,*
*,Yes,No,Total
 Urban,571,3877,4448
 Rural,428,20022,20450
 Total,999,23899,24898
NotApp :,208,*,*
AREA # 010203,Phakant,*,*
Urban/Rural,Internet at home,*,*
*,Yes,No,Total
 Urban,141,6715,6856
 Rural,591,25687,26278
 Total,732,32402,33134
NotApp :,1665,*,*
AREA # 010251,Hopin(ST),*,*
Urban/Rural,Internet at home,*,*
*,Yes,No,Total
 Urban,264,4277,4541
 Rural,155,4736,4891
 Total,419,9013,9432
NotApp :,114,*,*
AREA # 010252,Kamine(ST),*,*
Urban/Rural,Internet at home,*,*
*,Yes,No,Total
 Urban,-,1030,1030
 Rural,1,2467,2468
 Total,1,3497,3498
NotApp :,131,*,*
AREA # 010301,Bhamo,*,*
Urban/Rural,Internet at home,*,*
*,Yes,No,Total
 Urban,888,8627,9515
 Rural,310,14336,14646
 Total,1198,22963,24161
NotApp :,571,*,*
AREA # 010302,Shwegu,*,*
Urban/Rural,Internet at home,*,*
*,Yes,No,Total
 Urban,276,3126,3402
 Rural,165,12261,12426
 Total,441,15387,15828
NotApp :,336,*,*
AREA # 010303,Momauk,*,*
Urban/Rural,Internet at home,*,*
*,Yes,No,Total
 Urban,11,2079,2090
 Rural,52,6492,6544
 Total,63,8571,8634
NotApp :,144,*,*
AREA # 010304,Mansi,*,*
Urban/Rural,Internet at home,*,*
*,Yes,No,Total
 Urban,19,1599,1618
 Rural,24,8912,8936
 Total,43,10511,10554
NotApp :,82,*,*
AREA # 010351,Myohla(ST),*,*
Urban/Rural,Internet at home,*,*
*,Yes,No,Total
 Urban,1,360,361
 Rural,-,432,432
 Total,1,792,793
NotApp :,11,*,*
AREA # 010352,Lwe`ge`(ST),*,*
Urban/Rural,Internet at home,*,*
*,Yes,No,Total
 Urban,25,1200,1225
 Rural,2,276,278
 Total,27,1476,1503
NotApp :,24,*,*
AREA # 010353,Dotphoneyan(ST),*,*
Urban/Rural,Internet at home,*,*
*,Yes,No,Total
 Urban,-,311,311
 Rural,3,1919,1922
 Total,3,2230,2233
NotApp :,65,*,*
AREA # 010401,Putao,*,*
Urban/Rural,Internet at home,*,*
*,Yes,No,Total
 Urban,35,2776,2811
 Rural,9,7923,7932
 Total,44,10699,10743
NotApp :,94,*,*
AREA # 010402,Sumprabum,*,*
Urban/Rural,Internet at home,*,*
*,Yes,No,Total
 Urban,-,172,172
 Rural,-,307,307
 Total,-,479,479
NotApp :,18,*,*
AREA # 010403,Machanbaw,*,*
Urban/Rural,Internet at home,*,*
*,Yes,No,Total
 Urban,2,406,408
 Rural,1,1310,1311
 Total,3,1716,1719
NotApp :,31,*,*
AREA # 010404,Khaunglanphoo,*,*
Urban/Rural,Internet at home,*,*
*,Yes,No,Total
 Urban,-,70,70
 Rural,9,1632,1641
 Total,9,1702,1711
NotApp :,2,*,*
AREA # 010405,Naungmoon,*,*
Urban/Rural,Internet at home,*,*
*,Yes,No,Total
 Urban,1,359,360
 Rural,-,583,583
 Total,1,942,943
NotApp :,4,*,*
AREA # 010451,Pannandin(ST),*,*
Urban/Rural,Internet at home,*,*
*,Yes,No,Total
 Urban,1,23,24
 Rural,-,245,245
 Total,1,268,269
NotApp :,1,*,*
AREA # 020101,Loikaw,*,*
Urban/Rural,Internet at home,*,*
*,Yes,No,Total
 Urban,1430,8992,10422
 Rural,728,15345,16073
 Total,2158,24337,26495
NotApp :,304,*,*
AREA # 020102,Dimawso,*,*
Urban/Rural,Internet at home,*,*
*,Yes,No,Total
 Urban,61,1076,1137
 Rural,146,14064,14210
 Total,207,15140,15347
NotApp :,105,*,*
AREA # 020103,Phruso,*,*
Urban/Rural,Internet at home,*,*
*,Yes,No,Total
 Urban,2,851,853
 Rural,2,5055,5057
 Total,4,5906,5910
NotApp :,78,*,*
AREA # 020104,Shardaw,*,*
Urban/Rural,Internet at home,*,*
*,Yes,No,Total
 Urban,-,336,336
 Rural,1,1069,1070
 Total,1,1405,1406
NotApp :,28,*,*
AREA # 020201,Bawlakhe,*,*
Urban/Rural,Internet at home,*,*
*,Yes,No,Total
 Urban,2,837,839
 Rural,-,750,750
 Total,2,1587,1589
NotApp :,81,*,*
AREA # 020202,Parsaung,*,*
Urban/Rural,Internet at home,*,*
*,Yes,No,Total
 Urban,1,593,594
 Rural,18,4121,4139
 Total,19,4714,4733
NotApp :,302,*,*
AREA # 020203,Meisi,*,*
Urban/Rural,Internet at home,*,*
*,Yes,No,Total
 Urban,-,195,195
 Rural,1,1106,1107
 Total,1,1301,1302
NotApp :,55,*,*
AREA # 020251,Ywathit(ST),*,*
Urban/Rural,Internet at home,*,*
*,Yes,No,Total
 Urban,1,291,292
 Rural,-,200,200
 Total,1,491,492
NotApp :,30,*,*
AREA # 030101,Hpa-an,*,*
Urban/Rural,Internet at home,*,*
*,Yes,No,Total
 Urban,2217,12551,14768
 Rural,1923,72506,74429
 Total,4140,85057,89197
NotApp :,1176,*,*
AREA # 030102,Hlaingbwe,*,*
Urban/Rural,Internet at home,*,*
*,Yes,No,Total
 Urban,42,2237,2279
 Rural,63,29244,29307
 Total,105,31481,31586
NotApp :,379,*,*
AREA # 030103,Thandaunggyi,*,*
Urban/Rural,Internet at home,*,*
*,Yes,No,Total
 Urban,112,2950,3062
 Rural,6,2741,2747
 Total,118,5691,5809
NotApp :,36,*,*
AREA # 030151,Paingkyon(ST),*,*
Urban/Rural,Internet at home,*,*
*,Yes,No,Total
 Urban,2,805,807
 Rural,44,16927,16971
 Total,46,17732,17778
NotApp :,210,*,*
AREA # 030152,Shan Ywathit(ST),*,*
Urban/Rural,Internet at home,*,*
*,Yes,No,Total
 Urban,-,83,83
 Rural,-,3673,3673
 Total,-,3756,3756
NotApp :,29,*,*
AREA # 030153,Leiktho(ST),*,*
Urban/Rural,Internet at home,*,*
*,Yes,No,Total
 Urban,4,603,607
 Rural,10,9309,9319
 Total,14,9912,9926
NotApp :,73,*,*
AREA # 030154,Bawgali(ST),*,*
Urban/Rural,Internet at home,*,*
*,Yes,No,Total
 Urban,16,420,436
 Rural,6,2963,2969
 Total,22,3383,3405
NotApp :,7,*,*
AREA # 030201,Pharpon,*,*
Urban/Rural,Internet at home,*,*
*,Yes,No,Total
 Urban,-,633,633
 Rural,4,1907,1911
 Total,4,2540,2544
NotApp :,108,*,*
AREA # 030251,Kamamaung(ST},*,*
Urban/Rural,Internet at home,*,*
*,Yes,No,Total
 Urban,57,2692,2749
 Rural,5,1204,1209
 Total,62,3896,3958
NotApp :,52,*,*
AREA # 030301,Myawady,*,*
Urban/Rural,Internet at home,*,*
*,Yes,No,Total
 Urban,749,23267,24016
 Rural,230,17012,17242
 Total,979,40279,41258
NotApp :,937,*,*
AREA # 030351,Sugali(ST),*,*
Urban/Rural,Internet at home,*,*
*,Yes,No,Total
 Urban,2,73,75
 Rural,2,984,986
 Total,4,1057,1061
NotApp :,24,*,*
AREA # 030352,Wawlaymyaing(ST),*,*
Urban/Rural,Internet at home,*,*
*,Yes,No,Total
 Urban,-,577,577
 Rural,8,1112,1120
 Total,8,1689,1697
NotApp :,44,*,*
AREA # 030401,Kawkareik,*,*
Urban/Rural,Internet at home,*,*
*,Yes,No,Total
 Urban,491,7991,8482
 Rural,545,36471,37016
 Total,1036,44462,45498
NotApp :,393,*,*
AREA # 030402,Kyarinseikkyi,*,*
Urban/Rural,Internet at home,*,*
*,Yes,No,Total
 Urban,190,1627,1817
 Rural,157,20066,20223
 Total,347,21693,22040
NotApp :,270,*,*
AREA # 030451,Payarthonezu(ST),*,*
Urban/Rural,Internet at home,*,*
*,Yes,No,Total
 Urban,365,5731,6096
 Rural,15,11684,11699
 Total,380,17415,17795
NotApp :,271,*,*
AREA # 030452,Kyaidon(ST),*,*
Urban/Rural,Internet at home,*,*
*,Yes,No,Total
 Urban,-,680,680
 Rural,8,10045,10053
 Total,8,10725,10733
NotApp :,114,*,*
AREA # 040101,HaKa,*,*
Urban/Rural,Internet at home,*,*
*,Yes,No,Total
 Urban,358,4863,5221
 Rural,16,4680,4696
 Total,374,9543,9917
NotApp :,107,*,*
AREA # 040102,Thantlang,*,*
Urban/Rural,Internet at home,*,*
*,Yes,No,Total
 Urban,38,1469,1507
 Rural,42,8233,8275
 Total,80,9702,9782
NotApp :,38,*,*
AREA # 040201,Falam,*,*
Urban/Rural,Internet at home,*,*
*,Yes,No,Total
 Urban,226,1776,2002
 Rural,19,6407,6426
 Total,245,8183,8428
NotApp :,60,*,*
AREA # 040202,Tedim,*,*
Urban/Rural,Internet at home,*,*
*,Yes,No,Total
 Urban,100,2150,2250
 Rural,174,12259,12433
 Total,274,14409,14683
NotApp :,65,*,*
AREA # 040203,Tonzaung,*,*
Urban/Rural,Internet at home,*,*
*,Yes,No,Total
 Urban,24,616,640
 Rural,2,2769,2771
 Total,26,3385,3411
NotApp :,37,*,*
AREA # 040251,Rihkhuadal(ST),*,*
Urban/Rural,Internet at home,*,*
*,Yes,No,Total
 Urban,-,670,670
 Rural,-,528,528
 Total,-,1198,1198
NotApp :,12,*,*
AREA # 040252,Cikha(ST),*,*
Urban/Rural,Internet at home,*,*
*,Yes,No,Total
 Urban,-,215,215
 Rural,-,1315,1315
 Total,-,1530,1530
NotApp :,6,*,*
AREA # 040301,Mindat,*,*
Urban/Rural,Internet at home,*,*
*,Yes,No,Total
 Urban,98,2245,2343
 Rural,8,6171,6179
 Total,106,8416,8522
NotApp :,95,*,*
AREA # 040302,Matupi,*,*
Urban/Rural,Internet at home,*,*
*,Yes,No,Total
 Urban,28,1642,1670
 Rural,7,5959,5966
 Total,35,7601,7636
NotApp :,43,*,*
AREA # 040303,Kanpalet,*,*
Urban/Rural,Internet at home,*,*
*,Yes,No,Total
 Urban,1,806,807
 Rural,5,3165,3170
 Total,6,3971,3977
NotApp :,66,*,*
AREA # 040304,Paletwat,*,*
Urban/Rural,Internet at home,*,*
*,Yes,No,Total
 Urban,4,1346,1350
 Rural,8,11935,11943
 Total,12,13281,13293
NotApp :,86,*,*
AREA # 040351,Reazu(ST),*,*
Urban/Rural,Internet at home,*,*
*,Yes,No,Total
 Urban,2,460,462
 Rural,12,2047,2059
 Total,14,2507,2521
NotApp :,14,*,*
AREA # 040352,Sami(ST),*,*
Urban/Rural,Internet at home,*,*
*,Yes,No,Total
 Urban,11,622,633
 Rural,4,5586,5590
 Total,15,6208,6223
NotApp :,100,*,*
AREA # 050101,Sagaing,*,*
Urban/Rural,Internet at home,*,*
*,Yes,No,Total
 Urban,484,16012,16496
 Rural,550,48097,48647
 Total,1034,64109,65143
NotApp :,1842,*,*
AREA # 050102,Myinmu,*,*
Urban/Rural,Internet at home,*,*
*,Yes,No,Total
 Urban,269,3362,3631
 Rural,146,21527,21673
 Total,415,24889,25304
NotApp :,264,*,*
AREA # 050103,Myaung,*,*
Urban/Rural,Internet at home,*,*
*,Yes,No,Total
 Urban,86,1867,1953
 Rural,190,22119,22309
 Total,276,23986,24262
NotApp :,350,*,*
AREA # 050201,Shwebo,*,*
Urban/Rural,Internet at home,*,*
*,Yes,No,Total
 Urban,1534,11997,13531
 Rural,838,35878,36716
 Total,2372,47875,50247
NotApp :,467,*,*
AREA # 050202,Khin U,*,*
Urban/Rural,Internet at home,*,*
*,Yes,No,Total
 Urban,338,1953,2291
 Rural,310,30023,30333
 Total,648,31976,32624
NotApp :,271,*,*
AREA # 050203,Wetlet,*,*
Urban/Rural,Internet at home,*,*
*,Yes,No,Total
 Urban,270,2036,2306
 Rural,781,43625,44406
 Total,1051,45661,46712
NotApp :,437,*,*
AREA # 050204,Kambalu,*,*
Urban/Rural,Internet at home,*,*
*,Yes,No,Total
 Urban,365,4818,5183
 Rural,635,55508,56143
 Total,1000,60326,61326
NotApp :,537,*,*
AREA # 050205,Kyunhlau,*,*
Urban/Rural,Internet at home,*,*
*,Yes,No,Total
 Urban,389,2110,2499
 Rural,114,18250,18364
 Total,503,20360,20863
NotApp :,224,*,*
AREA # 050206,Ye U,*,*
Urban/Rural,Internet at home,*,*
*,Yes,No,Total
 Urban,452,3513,3965
 Rural,276,22132,22408
 Total,728,25645,26373
NotApp :,308,*,*
AREA # 050207,Depayin,*,*
Urban/Rural,Internet at home,*,*
*,Yes,No,Total
 Urban,118,837,955
 Rural,614,28776,29390
 Total,732,29613,30345
NotApp :,367,*,*
AREA # 050208,Tasei,*,*
Urban/Rural,Internet at home,*,*
*,Yes,No,Total
 Urban,265,2707,2972
 Rural,268,32697,32965
 Total,533,35404,35937
NotApp :,328,*,*
AREA # 050251,Kyaukmyaung(ST),*,*
Urban/Rural,Internet at home,*,*
*,Yes,No,Total
 Urban,178,2128,2306
 Rural,107,4637,4744
 Total,285,6765,7050
NotApp :,65,*,*
AREA # 050301,Monywa,*,*
Urban/Rural,Internet at home,*,*
*,Yes,No,Total
 Urban,4336,36070,40406
 Rural,1385,34171,35556
 Total,5721,70241,75962
NotApp :,1167,*,*
AREA # 050302,Butalin,*,*
Urban/Rural,Internet at home,*,*
*,Yes,No,Total
 Urban,221,972,1193
 Rural,349,27074,27423
 Total,570,28046,28616
NotApp :,389,*,*
AREA # 050303,Ayartaw,*,*
Urban/Rural,Internet at home,*,*
*,Yes,No,Total
 Urban,145,2010,2155
 Rural,259,33177,33436
 Total,404,35187,35591
NotApp :,378,*,*
AREA # 050304,Chaung Oo,*,*
Urban/Rural,Internet at home,*,*
*,Yes,No,Total
 Urban,314,4767,5081
 Rural,303,17992,18295
 Total,617,22759,23376
NotApp :,254,*,*
AREA # 050401,Katha,*,*
Urban/Rural,Internet at home,*,*
*,Yes,No,Total
 Urban,923,4340,5263
 Rural,378,26320,26698
 Total,1301,30660,31961
NotApp :,447,*,*
AREA # 050402,Indaw,*,*
Urban/Rural,Internet at home,*,*
*,Yes,No,Total
 Urban,255,1587,1842
 Rural,614,20774,21388
 Total,869,22361,23230
NotApp :,320,*,*
AREA # 050403,Tigyaing,*,*
Urban/Rural,Internet at home,*,*
*,Yes,No,Total
 Urban,427,2643,3070
 Rural,489,22830,23319
 Total,916,25473,26389
NotApp :,279,*,*
AREA # 050404,Banmauk,*,*
Urban/Rural,Internet at home,*,*
*,Yes,No,Total
 Urban,3,1209,1212
 Rural,24,17632,17656
 Total,27,18841,18868
NotApp :,678,*,*
AREA # 050405,Kawlin,*,*
Urban/Rural,Internet at home,*,*
*,Yes,No,Total
 Urban,448,4121,4569
 Rural,387,26447,26834
 Total,835,30568,31403
NotApp :,408,*,*
AREA # 050406,Wuntho,*,*
Urban/Rural,Internet at home,*,*
*,Yes,No,Total
 Urban,468,2122,2590
 Rural,205,11410,11615
 Total,673,13532,14205
NotApp :,321,*,*
AREA # 050407,Pinlebu,*,*
Urban/Rural,Internet at home,*,*
*,Yes,No,Total
 Urban,28,1441,1469
 Rural,15,20416,20431
 Total,43,21857,21900
NotApp :,382,*,*
AREA # 050501,Kalay,*,*
Urban/Rural,Internet at home,*,*
*,Yes,No,Total
 Urban,2265,23456,25721
 Rural,967,46081,47048
 Total,3232,69537,72769
NotApp :,551,*,*
AREA # 050502,Kalewa,*,*
Urban/Rural,Internet at home,*,*
*,Yes,No,Total
 Urban,101,1852,1953
 Rural,44,9738,9782
 Total,145,11590,11735
NotApp :,183,*,*
AREA # 050503,Mingin,*,*
Urban/Rural,Internet at home,*,*
*,Yes,No,Total
 Urban,4,832,836
 Rural,12,21210,21222
 Total,16,22042,22058
NotApp :,359,*,*
AREA # 050601,Tamu,*,*
Urban/Rural,Internet at home,*,*
*,Yes,No,Total
 Urban,650,8339,8989
 Rural,13,2984,2997
 Total,663,11323,11986
NotApp :,97,*,*
AREA # 050651,Myothit(ST),*,*
Urban/Rural,Internet at home,*,*
*,Yes,No,Total
 Urban,5,303,308
 Rural,5,2784,2789
 Total,10,3087,3097
NotApp :,38,*,*
AREA # 050652,Khampat(ST),*,*
Urban/Rural,Internet at home,*,*
*,Yes,No,Total
 Urban,84,2754,2838
 Rural,41,4629,4670
 Total,125,7383,7508
NotApp :,25,*,*
AREA # 050701,Mawlaik,*,*
Urban/Rural,Internet at home,*,*
*,Yes,No,Total
 Urban,244,1580,1824
 Rural,62,8459,8521
 Total,306,10039,10345
NotApp :,173,*,*
AREA # 050702,Phaungpyin,*,*
Urban/Rural,Internet at home,*,*
*,Yes,No,Total
 Urban,17,1925,1942
 Rural,36,18268,18304
 Total,53,20193,20246
NotApp :,277,*,*
AREA # 050801,Hkamti,*,*
Urban/Rural,Internet at home,*,*
*,Yes,No,Total
 Urban,49,2134,2183
 Rural,22,5156,5178
 Total,71,7290,7361
NotApp :,521,*,*
AREA # 050802,Homalin,*,*
Urban/Rural,Internet at home,*,*
*,Yes,No,Total
 Urban,132,3443,3575
 Rural,199,31969,32168
 Total,331,35412,35743
NotApp :,1266,*,*
AREA # 050803,Leshi,*,*
Urban/Rural,Internet at home,*,*
*,Yes,No,Total
 Urban,-,253,253
 Rural,1,1402,1403
 Total,1,1655,1656
NotApp :,53,*,*
AREA # 050804,Lahe,*,*
Urban/Rural,Internet at home,*,*
*,Yes,No,Total
 Urban,-,538,538
 Rural,2,6437,6439
 Total,2,6975,6977
NotApp :,37,*,*
AREA # 050805,Nanyun,*,*
Urban/Rural,Internet at home,*,*
*,Yes,No,Total
 Urban,3,372,375
 Rural,-,1193,1193
 Total,3,1565,1568
NotApp :,17,*,*
AREA # 050851,Mobaingluk(ST),*,*
Urban/Rural,Internet at home,*,*
*,Yes,No,Total
 Urban,1,209,210
 Rural,-,100,100
 Total,1,309,310
NotApp :,2,*,*
AREA # 050852,Sonemara(ST),*,*
Urban/Rural,Internet at home,*,*
*,Yes,No,Total
 Urban,1,285,286
 Rural,1,907,908
 Total,2,1192,1194
NotApp :,10,*,*
AREA # 050853,Htanparkway(ST),*,*
Urban/Rural,Internet at home,*,*
*,Yes,No,Total
 Urban,-,128,128
 Rural,-,633,633
 Total,-,761,761
NotApp :,9,*,*
AREA # 050854,Pansaung(ST),*,*
Urban/Rural,Internet at home,*,*
*,Yes,No,Total
 Urban,1,337,338
 Rural,2,2009,2011
 Total,3,2346,2349
NotApp :,5,*,*
AREA # 050855,Donhee(ST),*,*
Urban/Rural,Internet at home,*,*
*,Yes,No,Total
 Urban,-,169,169
 Rural,-,3754,3754
 Total,-,3923,3923
NotApp :,10,*,*
AREA # 050901,Yinmarpin,*,*
Urban/Rural,Internet at home,*,*
*,Yes,No,Total
 Urban,167,910,1077
 Rural,405,28050,28455
 Total,572,28960,29532
NotApp :,265,*,*
AREA # 050902,Salingyi,*,*
Urban/Rural,Internet at home,*,*
*,Yes,No,Total
 Urban,133,1089,1222
 Rural,871,24374,25245
 Total,1004,25463,26467
NotApp :,384,*,*
AREA # 050903,Palae,*,*
Urban/Rural,Internet at home,*,*
*,Yes,No,Total
 Urban,105,826,931
 Rural,577,30854,31431
 Total,682,31680,32362
NotApp :,338,*,*
AREA # 050904,Kani,*,*
Urban/Rural,Internet at home,*,*
*,Yes,No,Total
 Urban,131,1007,1138
 Rural,100,27985,28085
 Total,231,28992,29223
NotApp :,351,*,*
AREA # 060101,Dawei,*,*
Urban/Rural,Internet at home,*,*
*,Yes,No,Total
 Urban,3074,12308,15382
 Rural,468,9093,9561
 Total,3542,21401,24943
NotApp :,551,*,*
AREA # 060102,Lounglon,*,*
Urban/Rural,Internet at home,*,*
*,Yes,No,Total
 Urban,276,964,1240
 Rural,1321,23174,24495
 Total,1597,24138,25735
NotApp :,291,*,*
AREA # 060103,Thayetchaung,*,*
Urban/Rural,Internet at home,*,*
*,Yes,No,Total
 Urban,392,2015,2407
 Rural,271,20196,20467
 Total,663,22211,22874
NotApp :,255,*,*
AREA # 060104,Yebyu,*,*
Urban/Rural,Internet at home,*,*
*,Yes,No,Total
 Urban,177,900,1077
 Rural,212,20784,20996
 Total,389,21684,22073
NotApp :,316,*,*
AREA # 060151,Myitta(ST),*,*
Urban/Rural,Internet at home,*,*
*,Yes,No,Total
 Urban,2,494,496
 Rural,5,3689,3694
 Total,7,4183,4190
NotApp :,72,*,*
AREA # 060152,Kaleinaung(ST),*,*
Urban/Rural,Internet at home,*,*
*,Yes,No,Total
 Urban,7,617,624
 Rural,21,3632,3653
 Total,28,4249,4277
NotApp :,141,*,*
AREA # 060201,Myeik,*,*
Urban/Rural,Internet at home,*,*
*,Yes,No,Total
 Urban,4325,17223,21548
 Rural,2018,30783,32801
 Total,6343,48006,54349
NotApp :,763,*,*
AREA # 060202,Kyunsu,*,*
Urban/Rural,Internet at home,*,*
*,Yes,No,Total
 Urban,261,881,1142
 Rural,211,31635,31846
 Total,472,32516,32988
NotApp :,330,*,*
AREA # 060203,Palaw,*,*
Urban/Rural,Internet at home,*,*
*,Yes,No,Total
 Urban,271,3300,3571
 Rural,287,14667,14954
 Total,558,17967,18525
NotApp :,178,*,*
AREA # 060204,Tanintharyi,*,*
Urban/Rural,Internet at home,*,*
*,Yes,No,Total
 Urban,342,784,1126
 Rural,101,18702,18803
 Total,443,19486,19929
NotApp :,325,*,*
AREA # 060251,Palauk(ST),*,*
Urban/Rural,Internet at home,*,*
*,Yes,No,Total
 Urban,108,1103,1211
 Rural,56,5861,5917
 Total,164,6964,7128
NotApp :,45,*,*
AREA # 060301,Kawthoung,*,*
Urban/Rural,Internet at home,*,*
*,Yes,No,Total
 Urban,799,11781,12580
 Rural,206,12695,12901
 Total,1005,24476,25481
NotApp :,367,*,*
AREA # 060302,Bokepyin,*,*
Urban/Rural,Internet at home,*,*
*,Yes,No,Total
 Urban,209,838,1047
 Rural,170,7659,7829
 Total,379,8497,8876
NotApp :,187,*,*
AREA # 060351,Khamaukgyi,*,*
Urban/Rural,Internet at home,*,*
*,Yes,No,Total
 Urban,25,2330,2355
 Rural,36,2474,2510
 Total,61,4804,4865
NotApp :,126,*,*
AREA # 060352,Pyigyimandaing,*,*
Urban/Rural,Internet at home,*,*
*,Yes,No,Total
 Urban,2,713,715
 Rural,1,2388,2389
 Total,3,3101,3104
NotApp :,91,*,*
AREA # 060353,Karathuri(ST),*,*
Urban/Rural,Internet at home,*,*
*,Yes,No,Total
 Urban,3,283,286
 Rural,5,3471,3476
 Total,8,3754,3762
NotApp :,102,*,*
AREA # 070101,Bago,*,*
Urban/Rural,Internet at home,*,*
*,Yes,No,Total
 Urban,7322,47570,54892
 Rural,2041,50199,52240
 Total,9363,97769,107132
NotApp :,1161,*,*
AREA # 070102,Tanatpin,*,*
Urban/Rural,Internet at home,*,*
*,Yes,No,Total
 Urban,406,3223,3629
 Rural,400,28498,28898
 Total,806,31721,32527
NotApp :,222,*,*
AREA # 070103,Kawa,*,*
Urban/Rural,Internet at home,*,*
*,Yes,No,Total
 Urban,209,4045,4254
 Rural,327,41494,41821
 Total,536,45539,46075
NotApp :,248,*,*
AREA # 070104,Waw,*,*
Urban/Rural,Internet at home,*,*
*,Yes,No,Total
 Urban,353,4693,5046
 Rural,367,31670,32037
 Total,720,36363,37083
NotApp :,296,*,*
AREA # 070105,Nyaunglebin,*,*
Urban/Rural,Internet at home,*,*
*,Yes,No,Total
 Urban,233,12829,13062
 Rural,83,31617,31700
 Total,316,44446,44762
NotApp :,311,*,*
AREA # 070106,Kyauktaga,*,*
Urban/Rural,Internet at home,*,*
*,Yes,No,Total
 Urban,86,6787,6873
 Rural,161,44614,44775
 Total,247,51401,51648
NotApp :,363,*,*
AREA # 070107,Daik U,*,*
Urban/Rural,Internet at home,*,*
*,Yes,No,Total
 Urban,807,7933,8740
 Rural,859,36154,37013
 Total,1666,44087,45753
NotApp :,339,*,*
AREA # 070108,Shwegyin,*,*
Urban/Rural,Internet at home,*,*
*,Yes,No,Total
 Urban,493,4372,4865
 Rural,224,16693,16917
 Total,717,21065,21782
NotApp :,240,*,*
AREA # 070201,Toungoo,*,*
Urban/Rural,Internet at home,*,*
*,Yes,No,Total
 Urban,3215,18685,21900
 Rural,1482,34078,35560
 Total,4697,52763,57460
NotApp :,871,*,*
AREA # 070202,Yaedashe,*,*
Urban/Rural,Internet at home,*,*
*,Yes,No,Total
 Urban,677,5278,5955
 Rural,1621,42951,44572
 Total,2298,48229,50527
NotApp :,460,*,*
AREA # 070203,Kyaukkyi,*,*
Urban/Rural,Internet at home,*,*
*,Yes,No,Total
 Urban,259,1999,2258
 Rural,388,20237,20625
 Total,647,22236,22883
NotApp :,203,*,*
AREA # 070204,Pyu,*,*
Urban/Rural,Internet at home,*,*
*,Yes,No,Total
 Urban,1613,12214,13827
 Rural,1193,39911,41104
 Total,2806,52125,54931
NotApp :,386,*,*
AREA # 070205,Oatwin,*,*
Urban/Rural,Internet at home,*,*
*,Yes,No,Total
 Urban,298,2911,3209
 Rural,1294,32367,33661
 Total,1592,35278,36870
NotApp :,276,*,*
AREA # 070206,Htantapin,*,*
Urban/Rural,Internet at home,*,*
*,Yes,No,Total
 Urban,294,2082,2376
 Rural,586,23819,24405
 Total,880,25901,26781
NotApp :,169,*,*
AREA # 070301,Pyay,*,*
Urban/Rural,Internet at home,*,*
*,Yes,No,Total
 Urban,3197,25618,28815
 Rural,1659,28083,29742
 Total,4856,53701,58557
NotApp :,1014,*,*
AREA # 070302,Paukkhaung,*,*
Urban/Rural,Internet at home,*,*
*,Yes,No,Total
 Urban,337,3269,3606
 Rural,428,28313,28741
 Total,765,31582,32347
NotApp :,302,*,*
AREA # 070303,Padaung,*,*
Urban/Rural,Internet at home,*,*
*,Yes,No,Total
 Urban,500,3968,4468
 Rural,773,33651,34424
 Total,1273,37619,38892
NotApp :,412,*,*
AREA # 070304,Paunde,*,*
Urban/Rural,Internet at home,*,*
*,Yes,No,Total
 Urban,268,6213,6481
 Rural,295,29924,30219
 Total,563,36137,36700
NotApp :,296,*,*
AREA # 070305,Thegon,*,*
Urban/Rural,Internet at home,*,*
*,Yes,No,Total
 Urban,371,3895,4266
 Rural,856,30828,31684
 Total,1227,34723,35950
NotApp :,304,*,*
AREA # 070306,Shwedaung,*,*
Urban/Rural,Internet at home,*,*
*,Yes,No,Total
 Urban,511,4007,4518
 Rural,814,28232,29046
 Total,1325,32239,33564
NotApp :,368,*,*
AREA # 070401,Tharyarwaddy,*,*
Urban/Rural,Internet at home,*,*
*,Yes,No,Total
 Urban,756,7408,8164
 Rural,437,28025,28462
 Total,1193,35433,36626
NotApp :,285,*,*
AREA # 070402,Letpadan,*,*
Urban/Rural,Internet at home,*,*
*,Yes,No,Total
 Urban,394,5341,5735
 Rural,667,37082,37749
 Total,1061,42423,43484
NotApp :,336,*,*
AREA # 070403,Minhla,*,*
Urban/Rural,Internet at home,*,*
*,Yes,No,Total
 Urban,240,2462,2702
 Rural,425,27767,28192
 Total,665,30229,30894
NotApp :,231,*,*
AREA # 070404,Okpo,*,*
Urban/Rural,Internet at home,*,*
*,Yes,No,Total
 Urban,341,2459,2800
 Rural,830,28264,29094
 Total,1171,30723,31894
NotApp :,283,*,*
AREA # 070405,Zigon,*,*
Urban/Rural,Internet at home,*,*
*,Yes,No,Total
 Urban,258,3709,3967
 Rural,241,14002,14243
 Total,499,17711,18210
NotApp :,160,*,*
AREA # 070406,Nattalin,*,*
Urban/Rural,Internet at home,*,*
*,Yes,No,Total
 Urban,586,4056,4642
 Rural,589,40538,41127
 Total,1175,44594,45769
NotApp :,317,*,*
AREA # 070407,Monyo,*,*
Urban/Rural,Internet at home,*,*
*,Yes,No,Total
 Urban,25,2355,2380
 Rural,83,30824,30907
 Total,108,33179,33287
NotApp :,232,*,*
AREA # 070408,Gyobingauk,*,*
Urban/Rural,Internet at home,*,*
*,Yes,No,Total
 Urban,541,5043,5584
 Rural,508,24494,25002
 Total,1049,29537,30586
NotApp :,233,*,*
AREA # 080101,Magway,*,*
Urban/Rural,Internet at home,*,*
*,Yes,No,Total
 Urban,1515,18355,19870
 Rural,641,48166,48807
 Total,2156,66521,68677
NotApp :,1053,*,*
AREA # 080102,Yenangyoung,*,*
Urban/Rural,Internet at home,*,*
*,Yes,No,Total
 Urban,1035,9641,10676
 Rural,271,21553,21824
 Total,1306,31194,32500
NotApp :,490,*,*
AREA # 080103,Chauk,*,*
Urban/Rural,Internet at home,*,*
*,Yes,No,Total
 Urban,798,9603,10401
 Rural,590,33627,34217
 Total,1388,43230,44618
NotApp :,539,*,*
AREA # 080104,Taungdwingyi,*,*
Urban/Rural,Internet at home,*,*
*,Yes,No,Total
 Urban,851,9204,10055
 Rural,980,49228,50208
 Total,1831,58432,60263
NotApp :,426,*,*
AREA # 080105,Myothit,*,*
Urban/Rural,Internet at home,*,*
*,Yes,No,Total
 Urban,318,1428,1746
 Rural,610,34592,35202
 Total,928,36020,36948
NotApp :,339,*,*
AREA # 080106,Natmauk,*,*
Urban/Rural,Internet at home,*,*
*,Yes,No,Total
 Urban,424,2750,3174
 Rural,561,44691,45252
 Total,985,47441,48426
NotApp :,396,*,*
AREA # 080201,Minbu,*,*
Urban/Rural,Internet at home,*,*
*,Yes,No,Total
 Urban,609,8581,9190
 Rural,707,33920,34627
 Total,1316,42501,43817
NotApp :,551,*,*
AREA # 080202,Pwint Phyu,*,*
Urban/Rural,Internet at home,*,*
*,Yes,No,Total
 Urban,361,1093,1454
 Rural,1190,37120,38310
 Total,1551,38213,39764
NotApp :,475,*,*
AREA # 080203,Ngape,*,*
Urban/Rural,Internet at home,*,*
*,Yes,No,Total
 Urban,90,889,979
 Rural,288,11190,11478
 Total,378,12079,12457
NotApp :,159,*,*
AREA # 080204,Salin,*,*
Urban/Rural,Internet at home,*,*
*,Yes,No,Total
 Urban,483,2303,2786
 Rural,885,51934,52819
 Total,1368,54237,55605
NotApp :,631,*,*
AREA # 080205,Saytottara,*,*
Urban/Rural,Internet at home,*,*
*,Yes,No,Total
 Urban,14,1511,1525
 Rural,6,9249,9255
 Total,20,10760,10780
NotApp :,279,*,*
AREA # 080301,Thayet,*,*
Urban/Rural,Internet at home,*,*
*,Yes,No,Total
 Urban,649,3914,4563
 Rural,283,21126,21409
 Total,932,25040,25972
NotApp :,302,*,*
AREA # 080302,Minhla,*,*
Urban/Rural,Internet at home,*,*
*,Yes,No,Total
 Urban,454,2527,2981
 Rural,1044,27597,28641
 Total,1498,30124,31622
NotApp :,346,*,*
AREA # 080303,Mindon,*,*
Urban/Rural,Internet at home,*,*
*,Yes,No,Total
 Urban,276,994,1270
 Rural,380,15159,15539
 Total,656,16153,16809
NotApp :,207,*,*
AREA # 080304,Kamma,*,*
Urban/Rural,Internet at home,*,*
*,Yes,No,Total
 Urban,148,1146,1294
 Rural,241,17608,17849
 Total,389,18754,19143
NotApp :,208,*,*
AREA # 080305,Aunglan,*,*
Urban/Rural,Internet at home,*,*
*,Yes,No,Total
 Urban,1116,10509,11625
 Rural,1852,44132,45984
 Total,2968,54641,57609
NotApp :,479,*,*
AREA # 080306,Sinpaungwe`,*,*
Urban/Rural,Internet at home,*,*
*,Yes,No,Total
 Urban,146,1135,1281
 Rural,419,26984,27403
 Total,565,28119,28684
NotApp :,290,*,*
AREA # 080401,Pakokku,*,*
Urban/Rural,Internet at home,*,*
*,Yes,No,Total
 Urban,1967,17102,19069
 Rural,1807,45464,47271
 Total,3774,62566,66340
NotApp :,723,*,*
AREA # 080402,Yesagyo,*,*
Urban/Rural,Internet at home,*,*
*,Yes,No,Total
 Urban,631,4268,4899
 Rural,1660,40773,42433
 Total,2291,45041,47332
NotApp :,485,*,*
AREA # 080403,Myaing,*,*
Urban/Rural,Internet at home,*,*
*,Yes,No,Total
 Urban,355,1446,1801
 Rural,1299,50541,51840
 Total,1654,51987,53641
NotApp :,502,*,*
AREA # 080404,Pauk,*,*
Urban/Rural,Internet at home,*,*
*,Yes,No,Total
 Urban,168,1533,1701
 Rural,323,36941,37264
 Total,491,38474,38965
NotApp :,326,*,*
AREA # 080405,Seikphyu,*,*
Urban/Rural,Internet at home,*,*
*,Yes,No,Total
 Urban,158,1971,2129
 Rural,163,21135,21298
 Total,321,23106,23427
NotApp :,208,*,*
AREA # 080501,Gangaw,*,*
Urban/Rural,Internet at home,*,*
*,Yes,No,Total
 Urban,627,2631,3258
 Rural,1172,25482,26654
 Total,1799,28113,29912
NotApp :,303,*,*
AREA # 080502,Htilin,*,*
Urban/Rural,Internet at home,*,*
*,Yes,No,Total
 Urban,32,1091,1123
 Rural,52,9357,9409
 Total,84,10448,10532
NotApp :,182,*,*
AREA # 080503,Saw,*,*
Urban/Rural,Internet at home,*,*
*,Yes,No,Total
 Urban,44,1217,1261
 Rural,23,7041,7064
 Total,67,8258,8325
NotApp :,212,*,*
AREA # 080551,Kyaukhtu(ST),*,*
Urban/Rural,Internet at home,*,*
*,Yes,No,Total
 Urban,141,999,1140
 Rural,215,6254,6469
 Total,356,7253,7609
NotApp :,103,*,*
AREA # 090101,Aungmyetharzan,*,*
Urban/Rural,Internet at home,*,*
*,Yes,No,Total
 Urban,9085,40646,49731
 Total,9085,40646,49731
NotApp :,971,*,*
AREA # 090102,Chanayeharzan,*,*
Urban/Rural,Internet at home,*,*
*,Yes,No,Total
 Urban,10962,22319,33281
 Total,10962,22319,33281
NotApp :,1883,*,*
AREA # 090103,Mahaaungmye,*,*
Urban/Rural,Internet at home,*,*
*,Yes,No,Total
 Urban,11079,30848,41927
 Total,11079,30848,41927
NotApp :,754,*,*
AREA # 090104,Chanmyatharzi,*,*
Urban/Rural,Internet at home,*,*
*,Yes,No,Total
 Urban,12587,40460,53047
 Total,12587,40460,53047
NotApp :,901,*,*
AREA # 090105,Pyigyidagun,*,*
Urban/Rural,Internet at home,*,*
*,Yes,No,Total
 Urban,8346,35529,43875
 Total,8346,35529,43875
NotApp :,1032,*,*
AREA # 090106,Amarapura,*,*
Urban/Rural,Internet at home,*,*
*,Yes,No,Total
 Urban,3021,13609,16630
 Rural,3038,29958,32996
 Total,6059,43567,49626
NotApp :,572,*,*
AREA # 090107,Patheingyi,*,*
Urban/Rural,Internet at home,*,*
*,Yes,No,Total
 Urban,863,1839,2702
 Rural,5345,44943,50288
 Total,6208,46782,52990
NotApp :,902,*,*
AREA # 090201,Pyin Oo Lwin,*,*
Urban/Rural,Internet at home,*,*
*,Yes,No,Total
 Urban,4200,27741,31941
 Rural,1527,19914,21441
 Total,5727,47655,53382
NotApp :,962,*,*
AREA # 090202,Madaya,*,*
Urban/Rural,Internet at home,*,*
*,Yes,No,Total
 Urban,679,4632,5311
 Rural,1422,51912,53334
 Total,2101,56544,58645
NotApp :,508,*,*
AREA # 090203,Sinku,*,*
Urban/Rural,Internet at home,*,*
*,Yes,No,Total
 Urban,205,1527,1732
 Rural,842,31959,32801
 Total,1047,33486,34533
NotApp :,281,*,*
AREA # 090204,Mogok,*,*
Urban/Rural,Internet at home,*,*
*,Yes,No,Total
 Urban,2733,13953,16686
 Rural,700,17861,18561
 Total,3433,31814,35247
NotApp :,586,*,*
AREA # 090205,Thabeikkyin,*,*
Urban/Rural,Internet at home,*,*
*,Yes,No,Total
 Urban,2,1186,1188
 Rural,93,24468,24561
 Total,95,25654,25749
NotApp :,297,*,*
AREA # 090251,Tagaung,*,*
Urban/Rural,Internet at home,*,*
*,Yes,No,Total
 Urban,21,1772,1793
 Rural,44,5555,5599
 Total,65,7327,7392
NotApp :,96,*,*
AREA # 090301,Kyaukse,*,*
Urban/Rural,Internet at home,*,*
*,Yes,No,Total
 Urban,1982,6509,8491
 Rural,2541,46733,49274
 Total,4523,53242,57765
NotApp :,526,*,*
AREA # 090302,Singaing,*,*
Urban/Rural,Internet at home,*,*
*,Yes,No,Total
 Urban,277,1503,1780
 Rural,1874,29925,31799
 Total,2151,31428,33579
NotApp :,464,*,*
AREA # 090303,Myitthar,*,*
Urban/Rural,Internet at home,*,*
*,Yes,No,Total
 Urban,476,3870,4346
 Rural,774,40897,41671
 Total,1250,44767,46017
NotApp :,399,*,*
AREA # 090304,Tada U,*,*
Urban/Rural,Internet at home,*,*
*,Yes,No,Total
 Urban,619,2033,2652
 Rural,1074,28901,29975
 Total,1693,30934,32627
NotApp :,340,*,*
AREA # 090401,Myingyan,*,*
Urban/Rural,Internet at home,*,*
*,Yes,No,Total
 Urban,767,18130,18897
 Rural,508,42935,43443
 Total,1275,61065,62340
NotApp :,622,*,*
AREA # 090402,Taungtha,*,*
Urban/Rural,Internet at home,*,*
*,Yes,No,Total
 Urban,178,3685,3863
 Rural,519,45470,45989
 Total,697,49155,49852
NotApp :,425,*,*
AREA # 090403,Natogyi,*,*
Urban/Rural,Internet at home,*,*
*,Yes,No,Total
 Urban,168,2674,2842
 Rural,294,37829,38123
 Total,462,40503,40965
NotApp :,349,*,*
AREA # 090404,Kyaukpadaung,*,*
Urban/Rural,Internet at home,*,*
*,Yes,No,Total
 Urban,854,8159,9013
 Rural,476,52472,52948
 Total,1330,60631,61961
NotApp :,497,*,*
AREA # 090405,Ngazun,*,*
Urban/Rural,Internet at home,*,*
*,Yes,No,Total
 Urban,131,1526,1657
 Rural,186,25995,26181
 Total,317,27521,27838
NotApp :,295,*,*
AREA # 090501,Nyaung U,*,*
Urban/Rural,Internet at home,*,*
*,Yes,No,Total
 Urban,977,8538,9515
 Rural,668,34479,35147
 Total,1645,43017,44662
NotApp :,603,*,*
AREA # 090551,Ngat,*,*
Urban/Rural,Internet at home,*,*
*,Yes,No,Total
 Urban,87,1352,1439
 Rural,187,8185,8372
 Total,274,9537,9811
NotApp :,69,*,*
AREA # 090601,Yame`thin,*,*
Urban/Rural,Internet at home,*,*
*,Yes,No,Total
 Urban,158,5169,5327
 Rural,518,51414,51932
 Total,676,56583,57259
NotApp :,559,*,*
AREA # 090602,Pyawbwe,*,*
Urban/Rural,Internet at home,*,*
*,Yes,No,Total
 Urban,639,6235,6874
 Rural,854,51135,51989
 Total,1493,57370,58863
NotApp :,497,*,*
AREA # 090701,Meiktila,*,*
Urban/Rural,Internet at home,*,*
*,Yes,No,Total
 Urban,2991,20972,23963
 Rural,1557,42919,44476
 Total,4548,63891,68439
NotApp :,998,*,*
AREA # 090702,MahlYaing,*,*
Urban/Rural,Internet at home,*,*
*,Yes,No,Total
 Urban,319,2792,3111
 Rural,317,29899,30216
 Total,636,32691,33327
NotApp :,382,*,*
AREA # 090703,Thazi,*,*
Urban/Rural,Internet at home,*,*
*,Yes,No,Total
 Urban,382,4338,4720
 Rural,982,39190,40172
 Total,1364,43528,44892
NotApp :,484,*,*
AREA # 090704,Wundwin,*,*
Urban/Rural,Internet at home,*,*
*,Yes,No,Total
 Urban,843,6457,7300
 Rural,1015,45254,46269
 Total,1858,51711,53569
NotApp :,474,*,*
AREA # 100101,Mawlamyine,*,*
Urban/Rural,Internet at home,*,*
*,Yes,No,Total
 Urban,6476,43258,49734
 Rural,743,6980,7723
 Total,7219,50238,57457
NotApp :,954,*,*
AREA # 100102,Kyaikemaraw,*,*
Urban/Rural,Internet at home,*,*
*,Yes,No,Total
 Urban,122,2054,2176
 Rural,675,36037,36712
 Total,797,38091,38888
NotApp :,478,*,*
AREA # 100103,Chaungzon,*,*
Urban/Rural,Internet at home,*,*
*,Yes,No,Total
 Urban,173,1571,1744
 Rural,737,25463,26200
 Total,910,27034,27944
NotApp :,292,*,*
AREA # 100104,Thanbyuzayat,*,*
Urban/Rural,Internet at home,*,*
*,Yes,No,Total
 Urban,983,10732,11715
 Rural,522,23997,24519
 Total,1505,34729,36234
NotApp :,470,*,*
AREA # 100105,Mudon,*,*
Urban/Rural,Internet at home,*,*
*,Yes,No,Total
 Urban,300,10492,10792
 Rural,305,28215,28520
 Total,605,38707,39312
NotApp :,541,*,*
AREA # 100106,Ye,*,*
Urban/Rural,Internet at home,*,*
*,Yes,No,Total
 Urban,219,5894,6113
 Rural,373,23505,23878
 Total,592,29399,29991
NotApp :,508,*,*
AREA # 100151,Lamine,*,*
Urban/Rural,Internet at home,*,*
*,Yes,No,Total
 Urban,10,2957,2967
 Rural,478,15194,15672
 Total,488,18151,18639
NotApp :,149,*,*
AREA # 100152,Khawzar,*,*
Urban/Rural,Internet at home,*,*
*,Yes,No,Total
 Urban,6,772,778
 Rural,27,4013,4040
 Total,33,4785,4818
NotApp :,70,*,*
AREA # 100201,Thaton,*,*
Urban/Rural,Internet at home,*,*
*,Yes,No,Total
 Urban,576,10130,10706
 Rural,808,36770,37578
 Total,1384,46900,48284
NotApp :,603,*,*
AREA # 100202,Paung,*,*
Urban/Rural,Internet at home,*,*
*,Yes,No,Total
 Urban,425,5477,5902
 Rural,1174,36650,37824
 Total,1599,42127,43726
NotApp :,460,*,*
AREA # 100203,Kyaikto,*,*
Urban/Rural,Internet at home,*,*
*,Yes,No,Total
 Urban,328,7188,7516
 Rural,394,30178,30572
 Total,722,37366,38088
NotApp :,848,*,*
AREA # 100204,Bilin,*,*
Urban/Rural,Internet at home,*,*
*,Yes,No,Total
 Urban,151,3893,4044
 Rural,441,34746,35187
 Total,592,38639,39231
NotApp :,544,*,*
AREA # 110101,Sittway,*,*
Urban/Rural,Internet at home,*,*
*,Yes,No,Total
 Urban,2434,16472,18906
 Rural,282,9848,10130
 Total,2716,26320,29036
NotApp :,377,*,*
AREA # 110102,Ponnagyun,*,*
Urban/Rural,Internet at home,*,*
*,Yes,No,Total
 Urban,137,2329,2466
 Rural,16,22853,22869
 Total,153,25182,25335
NotApp :,246,*,*
AREA # 110103,Pauktaw,*,*
Urban/Rural,Internet at home,*,*
*,Yes,No,Total
 Urban,89,2381,2470
 Rural,91,27983,28074
 Total,180,30364,30544
NotApp :,349,*,*
AREA # 110104,Yethedaung,*,*
Urban/Rural,Internet at home,*,*
*,Yes,No,Total
 Urban,163,1347,1510
 Rural,114,22717,22831
 Total,277,24064,24341
NotApp :,255,*,*
AREA # 110201,Myauk U,*,*
Urban/Rural,Internet at home,*,*
*,Yes,No,Total
 Urban,302,6972,7274
 Rural,179,34072,34251
 Total,481,41044,41525
NotApp :,517,*,*
AREA # 110202,Kyauktaw,*,*
Urban/Rural,Internet at home,*,*
*,Yes,No,Total
 Urban,359,3480,3839
 Rural,225,32431,32656
 Total,584,35911,36495
NotApp :,327,*,*
AREA # 110203,Minbya,*,*
Urban/Rural,Internet at home,*,*
*,Yes,No,Total
 Urban,272,4343,4615
 Rural,136,31877,32013
 Total,408,36220,36628
NotApp :,359,*,*
AREA # 110204,Myebon,*,*
Urban/Rural,Internet at home,*,*
*,Yes,No,Total
 Urban,180,2438,2618
 Rural,178,28543,28721
 Total,358,30981,31339
NotApp :,244,*,*
AREA # 110301,Maungtaw,*,*
Urban/Rural,Internet at home,*,*
*,Yes,No,Total
 Urban,291,2023,2314
 Rural,65,5011,5076
 Total,356,7034,7390
NotApp :,142,*,*
AREA # 110302,Buthidaung,*,*
Urban/Rural,Internet at home,*,*
*,Yes,No,Total
 Urban,299,1763,2062
 Rural,99,9103,9202
 Total,398,10866,11264
NotApp :,178,*,*
AREA # 110351,Taungpyoletwe(ST),*,*
Urban/Rural,Internet at home,*,*
*,Yes,No,Total
 Urban,3,155,158
 Rural,2,346,348
 Total,5,501,506
NotApp :,17,*,*
AREA # 110401,Kyaukpyu,*,*
Urban/Rural,Internet at home,*,*
*,Yes,No,Total
 Urban,275,3979,4254
 Rural,117,32893,33010
 Total,392,36872,37264
NotApp :,491,*,*
AREA # 110402,Mannaung,*,*
Urban/Rural,Internet at home,*,*
*,Yes,No,Total
 Urban,73,1233,1306
 Rural,54,13375,13429
 Total,127,14608,14735
NotApp :,186,*,*
AREA # 110403,Yanbye,*,*
Urban/Rural,Internet at home,*,*
*,Yes,No,Total
 Urban,153,2095,2248
 Rural,20,20150,20170
 Total,173,22245,22418
NotApp :,325,*,*
AREA # 110404,An,*,*
Urban/Rural,Internet at home,*,*
*,Yes,No,Total
 Urban,71,1807,1878
 Rural,128,25353,25481
 Total,199,27160,27359
NotApp :,324,*,*
AREA # 110501,Thandwe,*,*
Urban/Rural,Internet at home,*,*
*,Yes,No,Total
 Urban,626,2724,3350
 Rural,1284,26441,27725
 Total,1910,29165,31075
NotApp :,580,*,*
AREA # 110502,Toungup,*,*
Urban/Rural,Internet at home,*,*
*,Yes,No,Total
 Urban,703,5475,6178
 Rural,132,18929,19061
 Total,835,24404,25239
NotApp :,343,*,*
AREA # 110503,Gwa,*,*
Urban/Rural,Internet at home,*,*
*,Yes,No,Total
 Urban,264,2224,2488
 Rural,61,8696,8757
 Total,325,10920,11245
NotApp :,115,*,*
AREA # 110551,Maei(ST),*,*
Urban/Rural,Internet at home,*,*
*,Yes,No,Total
 Urban,10,1205,1215
 Rural,6,8732,8738
 Total,16,9937,9953
NotApp :,96,*,*
AREA # 110552,Kyeintali(ST),*,*
Urban/Rural,Internet at home,*,*
*,Yes,No,Total
 Urban,135,1340,1475
 Rural,107,4499,4606
 Total,242,5839,6081
NotApp :,76,*,*
AREA # 120101,Insein,*,*
Urban/Rural,Internet at home,*,*
*,Yes,No,Total
 Urban,30123,31553,61676
 Total,30123,31553,61676
NotApp :,993,*,*
AREA # 120102,Mingaladon,*,*
Urban/Rural,Internet at home,*,*
*,Yes,No,Total
 Urban,7272,34369,41641
 Rural,2187,22475,24662
 Total,9459,56844,66303
NotApp :,1749,*,*
AREA # 120103,Hmawby,*,*
Urban/Rural,Internet at home,*,*
*,Yes,No,Total
 Urban,1202,4740,5942
 Rural,3997,46530,50527
 Total,5199,51270,56469
NotApp :,902,*,*
AREA # 120104,Hlegu,*,*
Urban/Rural,Internet at home,*,*
*,Yes,No,Total
 Urban,913,7836,8749
 Rural,2483,46791,49274
 Total,3396,54627,58023
NotApp :,1175,*,*
AREA # 120105,Taikkyi,*,*
Urban/Rural,Internet at home,*,*
*,Yes,No,Total
 Urban,1729,18630,20359
 Rural,992,45648,46640
 Total,2721,64278,66999
NotApp :,614,*,*
AREA # 120106,Htantabin,*,*
Urban/Rural,Internet at home,*,*
*,Yes,No,Total
 Urban,212,1844,2056
 Rural,1440,30715,32155
 Total,1652,32559,34211
NotApp :,229,*,*
AREA # 120107,Shwepyitha,*,*
Urban/Rural,Internet at home,*,*
*,Yes,No,Total
 Urban,15862,42649,58511
 Rural,1428,13836,15264
 Total,17290,56485,73775
NotApp :,834,*,*
AREA # 120108,Hlinethaya,*,*
Urban/Rural,Internet at home,*,*
*,Yes,No,Total
 Urban,10201,93606,103807
 Rural,2461,42443,44904
 Total,12662,136049,148711
NotApp :,1246,*,*
AREA # 120201,Thingangyun,*,*
Urban/Rural,Internet at home,*,*
*,Yes,No,Total
 Urban,14004,29316,43320
 Total,14004,29316,43320
NotApp :,265,*,*
AREA # 120202,Yankin,*,*
Urban/Rural,Internet at home,*,*
*,Yes,No,Total
 Urban,5663,8974,14637
 Total,5663,8974,14637
NotApp :,149,*,*
AREA # 120203,South Okkalapa,*,*
Urban/Rural,Internet at home,*,*
*,Yes,No,Total
 Urban,7948,24777,32725
 Total,7948,24777,32725
NotApp :,418,*,*
AREA # 120204,North Okkalapa,*,*
Urban/Rural,Internet at home,*,*
*,Yes,No,Total
 Urban,15195,49561,64756
 Total,15195,49561,64756
NotApp :,946,*,*
AREA # 120205,Thakayta,*,*
Urban/Rural,Internet at home,*,*
*,Yes,No,Total
 Urban,10812,34644,45456
 Total,10812,34644,45456
NotApp :,451,*,*
AREA # 120206,Dawbon,*,*
Urban/Rural,Internet at home,*,*
*,Yes,No,Total
 Urban,3178,11231,14409
 Total,3178,11231,14409
NotApp :,154,*,*
AREA # 120207,Tamway,*,*
Urban/Rural,Internet at home,*,*
*,Yes,No,Total
 Urban,13106,22254,35360
 Total,13106,22254,35360
NotApp :,633,*,*
AREA # 120208,Pazuntaung,*,*
Urban/Rural,Internet at home,*,*
*,Yes,No,Total
 Urban,4465,5841,10306
 Total,4465,5841,10306
NotApp :,215,*,*
AREA # 120209,Botahtaung,*,*
Urban/Rural,Internet at home,*,*
*,Yes,No,Total
 Urban,3723,4674,8397
 Total,3723,4674,8397
NotApp :,295,*,*
AREA # 120210,Dagon Myothit(South),*,*
Urban/Rural,Internet at home,*,*
*,Yes,No,Total
 Urban,9251,67733,76984
 Total,9251,67733,76984
NotApp :,751,*,*
AREA # 120211,Dagon Myothit(North),*,*
Urban/Rural,Internet at home,*,*
*,Yes,No,Total
 Urban,14303,28401,42704
 Total,14303,28401,42704
NotApp :,126,*,*
AREA # 120212,Dagon Myothit(East),*,*
Urban/Rural,Internet at home,*,*
*,Yes,No,Total
 Urban,5976,25919,31895
 Rural,161,1857,2018
 Total,6137,27776,33913
NotApp :,814,*,*
AREA # 120213,Dagon Myothit(Seik),*,*
Urban/Rural,Internet at home,*,*
*,Yes,No,Total
 Urban,4038,30134,34172
 Rural,127,3606,3733
 Total,4165,33740,37905
NotApp :,383,*,*
AREA # 120214,Mingala Taungnyunt,*,*
Urban/Rural,Internet at home,*,*
*,Yes,No,Total
 Urban,7141,18777,25918
 Total,7141,18777,25918
NotApp :,325,*,*
AREA # 120301,Thanlyin,*,*
Urban/Rural,Internet at home,*,*
*,Yes,No,Total
 Urban,3856,14853,18709
 Rural,2319,40569,42888
 Total,6175,55422,61597
NotApp :,594,*,*
AREA # 120302,Kyauktan,*,*
Urban/Rural,Internet at home,*,*
*,Yes,No,Total
 Urban,1341,8523,9864
 Rural,1173,21939,23112
 Total,2514,30462,32976
NotApp :,324,*,*
AREA # 120303,Thongwa,*,*
Urban/Rural,Internet at home,*,*
*,Yes,No,Total
 Urban,846,5910,6756
 Rural,939,32392,33331
 Total,1785,38302,40087
NotApp :,287,*,*
AREA # 120304,Khayan,*,*
Urban/Rural,Internet at home,*,*
*,Yes,No,Total
 Urban,556,7322,7878
 Rural,820,30616,31436
 Total,1376,37938,39314
NotApp :,203,*,*
AREA # 120305,Twantay,*,*
Urban/Rural,Internet at home,*,*
*,Yes,No,Total
 Urban,806,8391,9197
 Rural,1141,41264,42405
 Total,1947,49655,51602
NotApp :,365,*,*
AREA # 120306,Kawhmu,*,*
Urban/Rural,Internet at home,*,*
*,Yes,No,Total
 Urban,323,1908,2231
 Rural,437,27124,27561
 Total,760,29032,29792
NotApp :,220,*,*
AREA # 120307,Kungyangon,*,*
Urban/Rural,Internet at home,*,*
*,Yes,No,Total
 Urban,295,3663,3958
 Rural,543,23851,24394
 Total,838,27514,28352
NotApp :,207,*,*
AREA # 120308,Dala,*,*
Urban/Rural,Internet at home,*,*
*,Yes,No,Total
 Urban,2417,22914,25331
 Rural,532,12049,12581
 Total,2949,34963,37912
NotApp :,211,*,*
AREA # 120309,Seikkyi/Khanaungto,*,*
Urban/Rural,Internet at home,*,*
*,Yes,No,Total
 Urban,870,6859,7729
 Total,870,6859,7729
NotApp :,39,*,*
AREA # 120310,Cocogyun,*,*
Urban/Rural,Internet at home,*,*
*,Yes,No,Total
 Urban,8,343,351
 Total,8,343,351
NotApp :,8,*,*
AREA # 120351,Tada(ST),*,*
Urban/Rural,Internet at home,*,*
*,Yes,No,Total
 Urban,40,2450,2490
 Rural,60,6943,7003
 Total,100,9393,9493
NotApp :,57,*,*
AREA # 120401,Kyauktada,*,*
Urban/Rural,Internet at home,*,*
*,Yes,No,Total
 Urban,2410,3710,6120
 Total,2410,3710,6120
NotApp :,412,*,*
AREA # 120402,Pabedan,*,*
Urban/Rural,Internet at home,*,*
*,Yes,No,Total
 Urban,2811,3752,6563
 Total,2811,3752,6563
NotApp :,145,*,*
AREA # 120403,Lanmadaw,*,*
Urban/Rural,Internet at home,*,*
*,Yes,No,Total
 Urban,4115,4484,8599
 Total,4115,4484,8599
NotApp :,607,*,*
AREA # 120404,Latha,*,*
Urban/Rural,Internet at home,*,*
*,Yes,No,Total
 Urban,1441,3032,4473
 Total,1441,3032,4473
NotApp :,510,*,*
AREA # 120405,Ahlon,*,*
Urban/Rural,Internet at home,*,*
*,Yes,No,Total
 Urban,4436,6507,10943
 Total,4436,6507,10943
NotApp :,503,*,*
AREA # 120406,Kyimyindine,*,*
Urban/Rural,Internet at home,*,*
*,Yes,No,Total
 Urban,7266,15796,23062
 Total,7266,15796,23062
NotApp :,182,*,*
AREA # 120407,Sangyoung,*,*
Urban/Rural,Internet at home,*,*
*,Yes,No,Total
 Urban,8668,11967,20635
 Total,8668,11967,20635
NotApp :,1228,*,*
AREA # 120408,Hline,*,*
Urban/Rural,Internet at home,*,*
*,Yes,No,Total
 Urban,17671,15166,32837
 Total,17671,15166,32837
NotApp :,851,*,*
AREA # 120409,Kamayut,*,*
Urban/Rural,Internet at home,*,*
*,Yes,No,Total
 Urban,9591,6708,16299
 Total,9591,6708,16299
NotApp :,1002,*,*
AREA # 120410,Mayangon,*,*
Urban/Rural,Internet at home,*,*
*,Yes,No,Total
 Urban,12528,26279,38807
 Total,12528,26279,38807
NotApp :,891,*,*
AREA # 120411,Dagon,*,*
Urban/Rural,Internet at home,*,*
*,Yes,No,Total
 Urban,2757,1851,4608
 Total,2757,1851,4608
NotApp :,176,*,*
AREA # 120412,Bahan,*,*
Urban/Rural,Internet at home,*,*
*,Yes,No,Total
 Urban,8071,9355,17426
 Total,8071,9355,17426
NotApp :,1076,*,*
AREA # 120413,Seikkan,*,*
Urban/Rural,Internet at home,*,*
*,Yes,No,Total
 Urban,129,281,410
 Total,129,281,410
NotApp :,67,*,*
AREA # 130101,Taunggyi,*,*
Urban/Rural,Internet at home,*,*
*,Yes,No,Total
 Urban,8877,47771,56648
 Rural,869,25087,25956
 Total,9746,72858,82604
NotApp :,922,*,*
AREA # 130102,Nyaungshwe,*,*
Urban/Rural,Internet at home,*,*
*,Yes,No,Total
 Urban,809,2250,3059
 Rural,795,38780,39575
 Total,1604,41030,42634
NotApp :,550,*,*
AREA # 130103,Hopon,*,*
Urban/Rural,Internet at home,*,*
*,Yes,No,Total
 Urban,509,4027,4536
 Rural,122,20070,20192
 Total,631,24097,24728
NotApp :,246,*,*
AREA # 130104,Hsihseng,*,*
Urban/Rural,Internet at home,*,*
*,Yes,No,Total
 Urban,274,2375,2649
 Rural,306,29816,30122
 Total,580,32191,32771
NotApp :,323,*,*
AREA # 130105,Kalaw,*,*
Urban/Rural,Internet at home,*,*
*,Yes,No,Total
 Urban,981,11617,12598
 Rural,760,27983,28743
 Total,1741,39600,41341
NotApp :,409,*,*
AREA # 130106,Pindaya,*,*
Urban/Rural,Internet at home,*,*
*,Yes,No,Total
 Urban,84,2175,2259
 Rural,52,15233,15285
 Total,136,17408,17544
NotApp :,214,*,*
AREA # 130107,Ywarngan,*,*
Urban/Rural,Internet at home,*,*
*,Yes,No,Total
 Urban,89,1066,1155
 Rural,63,17130,17193
 Total,152,18196,18348
NotApp :,248,*,*
AREA # 130108,Yatsauk,*,*
Urban/Rural,Internet at home,*,*
*,Yes,No,Total
 Urban,327,5350,5677
 Rural,229,20051,20280
 Total,556,25401,25957
NotApp :,294,*,*
AREA # 130109,Pinlaung,*,*
Urban/Rural,Internet at home,*,*
*,Yes,No,Total
 Urban,564,2206,2770
 Rural,173,22561,22734
 Total,737,24767,25504
NotApp :,214,*,*
AREA # 130110,Phekon,*,*
Urban/Rural,Internet at home,*,*
*,Yes,No,Total
 Urban,182,3249,3431
 Rural,134,16519,16653
 Total,316,19768,20084
NotApp :,187,*,*
AREA # 130151,Kyauktalongyi(ST),*,*
Urban/Rural,Internet at home,*,*
*,Yes,No,Total
 Urban,11,591,602
 Rural,203,11460,11663
 Total,214,12051,12265
NotApp :,78,*,*
AREA # 130152,Indaw(ST),*,*
Urban/Rural,Internet at home,*,*
*,Yes,No,Total
 Urban,62,1774,1836
 Rural,32,6282,6314
 Total,94,8056,8150
NotApp :,120,*,*
AREA # 130153,Naungtayar(ST),*,*
Urban/Rural,Internet at home,*,*
*,Yes,No,Total
 Urban,235,744,979
 Rural,444,15156,15600
 Total,679,15900,16579
NotApp :,149,*,*
AREA # 130201,Loilem,*,*
Urban/Rural,Internet at home,*,*
*,Yes,No,Total
 Urban,638,2215,2853
 Rural,38,8010,8048
 Total,676,10225,10901
NotApp :,112,*,*
AREA # 130202,Le`char,*,*
Urban/Rural,Internet at home,*,*
*,Yes,No,Total
 Urban,108,1222,1330
 Rural,57,7403,7460
 Total,165,8625,8790
NotApp :,101,*,*
AREA # 130203,Nanhsam(South),*,*
Urban/Rural,Internet at home,*,*
*,Yes,No,Total
 Urban,607,4234,4841
 Rural,156,13866,14022
 Total,763,18100,18863
NotApp :,264,*,*
AREA # 130204,Kunhing,*,*
Urban/Rural,Internet at home,*,*
*,Yes,No,Total
 Urban,229,1313,1542
 Rural,31,2997,3028
 Total,260,4310,4570
NotApp :,122,*,*
AREA # 130205,Kehsi,*,*
Urban/Rural,Internet at home,*,*
*,Yes,No,Total
 Urban,16,826,842
 Rural,18,8041,8059
 Total,34,8867,8901
NotApp :,109,*,*
AREA # 130206,Mongkai,*,*
Urban/Rural,Internet at home,*,*
*,Yes,No,Total
 Urban,22,2197,2219
 Rural,6,14107,14113
 Total,28,16304,16332
NotApp :,213,*,*
AREA # 130207,Mineshu,*,*
Urban/Rural,Internet at home,*,*
*,Yes,No,Total
 Urban,305,1778,2083
 Rural,49,7069,7118
 Total,354,8847,9201
NotApp :,161,*,*
AREA # 130251,Panglong(ST),*,*
Urban/Rural,Internet at home,*,*
*,Yes,No,Total
 Urban,773,4451,5224
 Rural,80,9212,9292
 Total,853,13663,14516
NotApp :,104,*,*
AREA # 130252,Kholan(ST),*,*
Urban/Rural,Internet at home,*,*
*,Yes,No,Total
 Urban,192,1556,1748
 Rural,92,2524,2616
 Total,284,4080,4364
NotApp :,145,*,*
AREA # 130253,Karli(ST),*,*
Urban/Rural,Internet at home,*,*
*,Yes,No,Total
 Urban,204,1461,1665
 Rural,51,4851,4902
 Total,255,6312,6567
NotApp :,80,*,*
AREA # 130254,Minenaung(ST),*,*
Urban/Rural,Internet at home,*,*
*,Yes,No,Total
 Urban,4,748,752
 Rural,15,5044,5059
 Total,19,5792,5811
NotApp :,69,*,*
AREA # 130255,Minesan(Monsan)(ST),*,*
Urban/Rural,Internet at home,*,*
*,Yes,No,Total
 Urban,2,505,507
 Rural,169,5990,6159
 Total,171,6495,6666
NotApp :,259,*,*
AREA # 130301,Linkhe`,*,*
Urban/Rural,Internet at home,*,*
*,Yes,No,Total
 Urban,282,1436,1718
 Rural,155,6515,6670
 Total,437,7951,8388
NotApp :,100,*,*
AREA # 130302,Mone`,*,*
Urban/Rural,Internet at home,*,*
*,Yes,No,Total
 Urban,204,1899,2103
 Rural,33,4088,4121
 Total,237,5987,6224
NotApp :,66,*,*
AREA # 130303,Maukme`,*,*
Urban/Rural,Internet at home,*,*
*,Yes,No,Total
 Urban,6,1186,1192
 Rural,4,5998,6002
 Total,10,7184,7194
NotApp :,191,*,*
AREA # 130304,Minepan,*,*
Urban/Rural,Internet at home,*,*
*,Yes,No,Total
 Urban,150,1809,1959
 Rural,30,3432,3462
 Total,180,5241,5421
NotApp :,165,*,*
AREA # 130351,Homane(ST),*,*
Urban/Rural,Internet at home,*,*
*,Yes,No,Total
 Urban,12,662,674
 Rural,-,486,486
 Total,12,1148,1160
NotApp :,17,*,*
AREA # 130352,Kengtaung(ST),*,*
Urban/Rural,Internet at home,*,*
*,Yes,No,Total
 Urban,27,2070,2097
 Rural,-,164,164
 Total,27,2234,2261
NotApp :,46,*,*
AREA # 130401,Lashio,*,*
Urban/Rural,Internet at home,*,*
*,Yes,No,Total
 Urban,5789,28310,34099
 Rural,298,30535,30833
 Total,6087,58845,64932
NotApp :,881,*,*
AREA # 130402,Theinni,*,*
Urban/Rural,Internet at home,*,*
*,Yes,No,Total
 Urban,384,1539,1923
 Rural,140,9716,9856
 Total,524,11255,11779
NotApp :,116,*,*
AREA # 130403,Mineye`,*,*
Urban/Rural,Internet at home,*,*
*,Yes,No,Total
 Urban,114,1356,1470
 Rural,75,11783,11858
 Total,189,13139,13328
NotApp :,139,*,*
AREA # 130404,Tantyan,*,*
Urban/Rural,Internet at home,*,*
*,Yes,No,Total
 Urban,434,6374,6808
 Rural,37,28297,28334
 Total,471,34671,35142
NotApp :,291,*,*
AREA # 130501,MuSe,*,*
Urban/Rural,Internet at home,*,*
*,Yes,No,Total
 Urban,1593,11741,13334
 Rural,427,8453,8880
 Total,2020,20194,22214
NotApp :,873,*,*
AREA # 130502,Namkham,*,*
Urban/Rural,Internet at home,*,*
*,Yes,No,Total
 Urban,458,5674,6132
 Rural,81,15204,15285
 Total,539,20878,21417
NotApp :,200,*,*
AREA # 130503,Kukai,*,*
Urban/Rural,Internet at home,*,*
*,Yes,No,Total
 Urban,486,4197,4683
 Rural,144,14204,14348
 Total,630,18401,19031
NotApp :,175,*,*
AREA # 130551,Monekoe(ST),*,*
Urban/Rural,Internet at home,*,*
*,Yes,No,Total
 Urban,46,1423,1469
 Rural,9,2880,2889
 Total,55,4303,4358
NotApp :,29,*,*
AREA # 130552,Manhero(ST),*,*
Urban/Rural,Internet at home,*,*
*,Yes,No,Total
 Urban,24,322,346
 Rural,27,1270,1297
 Total,51,1592,1643
NotApp :,30,*,*
AREA # 130553,Pansai(KyuKute)(ST),*,*
Urban/Rural,Internet at home,*,*
*,Yes,No,Total
 Urban,90,1678,1768
 Rural,11,2764,2775
 Total,101,4442,4543
NotApp :,51,*,*
AREA # 130554,Tamoenye(ST),*,*
Urban/Rural,Internet at home,*,*
*,Yes,No,Total
 Urban,151,2336,2487
 Rural,16,10546,10562
 Total,167,12882,13049
NotApp :,45,*,*
AREA # 130601,Kyukme,*,*
Urban/Rural,Internet at home,*,*
*,Yes,No,Total
 Urban,744,7909,8653
 Rural,192,19526,19718
 Total,936,27435,28371
NotApp :,367,*,*
AREA # 130602,Naungkhio,*,*
Urban/Rural,Internet at home,*,*
*,Yes,No,Total
 Urban,651,3520,4171
 Rural,565,27488,28053
 Total,1216,31008,32224
NotApp :,365,*,*
AREA # 130603,Hsipaw,*,*
Urban/Rural,Internet at home,*,*
*,Yes,No,Total
 Urban,287,3722,4009
 Rural,305,33592,33897
 Total,592,37314,37906
NotApp :,454,*,*
AREA # 130604,Namtu,*,*
Urban/Rural,Internet at home,*,*
*,Yes,No,Total
 Urban,39,3218,3257
 Rural,17,8367,8384
 Total,56,11585,11641
NotApp :,153,*,*
AREA # 130605,Namsan(North),*,*
Urban/Rural,Internet at home,*,*
*,Yes,No,Total
 Urban,22,913,935
 Rural,1,12749,12750
 Total,23,13662,13685
NotApp :,265,*,*
AREA # 130606,Momeik,*,*
Urban/Rural,Internet at home,*,*
*,Yes,No,Total
 Urban,175,2058,2233
 Rural,146,11273,11419
 Total,321,13331,13652
NotApp :,177,*,*
AREA # 130607,Mabane,*,*
Urban/Rural,Internet at home,*,*
*,Yes,No,Total
 Urban,44,670,714
 Rural,121,7797,7918
 Total,165,8467,8632
NotApp :,266,*,*
AREA # 130608,Manton,*,*
Urban/Rural,Internet at home,*,*
*,Yes,No,Total
 Urban,4,775,779
 Rural,4,6900,6904
 Total,8,7675,7683
NotApp :,136,*,*
AREA # 130651,Minengaw(ST),*,*
Urban/Rural,Internet at home,*,*
*,Yes,No,Total
 Urban,1,612,613
 Rural,2,3414,3416
 Total,3,4026,4029
NotApp :,98,*,*
AREA # 130652,Minelon(ST),*,*
Urban/Rural,Internet at home,*,*
*,Yes,No,Total
 Urban,-,586,586
 Rural,2,5268,5270
 Total,2,5854,5856
NotApp :,201,*,*
AREA # 130701,Kunlon,*,*
Urban/Rural,Internet at home,*,*
*,Yes,No,Total
 Urban,29,1129,1158
 Rural,64,9170,9234
 Total,93,10299,10392
NotApp :,158,*,*
AREA # 130801,Laukine,*,*
Urban/Rural,Internet at home,*,*
*,Yes,No,Total
 Urban,306,2635,2941
 Rural,71,11219,11290
 Total,377,13854,14231
NotApp :,557,*,*
AREA # 130802,Kongyan,*,*
Urban/Rural,Internet at home,*,*
*,Yes,No,Total
 Urban,48,146,194
 Rural,5,5263,5268
 Total,53,5409,5462
NotApp :,14,*,*
AREA # 130851,Chinshwehaw(ST),*,*
Urban/Rural,Internet at home,*,*
*,Yes,No,Total
 Urban,54,565,619
 Rural,-,331,331
 Total,54,896,950
NotApp :,28,*,*
AREA # 130852,Mawhtike(ST),*,*
Urban/Rural,Internet at home,*,*
*,Yes,No,Total
 Urban,14,71,85
 Rural,6,4112,4118
 Total,20,4183,4203
NotApp :,14,*,*
AREA # 130901,Hopan,*,*
Urban/Rural,Internet at home,*,*
*,Yes,No,Total
 Urban,137,3241,3378
 Rural,92,6561,6653
 Total,229,9802,10031
NotApp :,72,*,*
AREA # 130902,Minemaw,*,*
Urban/Rural,Internet at home,*,*
*,Yes,No,Total
 Urban,43,810,853
 Rural,30,9562,9592
 Total,73,10372,10445
NotApp :,71,*,*
AREA # 130903,Panwine,*,*
Urban/Rural,Internet at home,*,*
*,Yes,No,Total
 Urban,11,458,469
 Rural,47,13453,13500
 Total,58,13911,13969
NotApp :,8,*,*
AREA # 130952,Panlon(ST),*,*
Urban/Rural,Internet at home,*,*
*,Yes,No,Total
 Urban,-,661,661
 Rural,-,524,524
 Total,-,1185,1185
NotApp :,26,*,*
AREA # 131001,Makman,*,*
Urban/Rural,Internet at home,*,*
*,Yes,No,Total
 Urban,6,61,67
 Rural,9,3242,3251
 Total,15,3303,3318
NotApp :,55,*,*
AREA # 131002,Pan San(Pan Kham),*,*
Urban/Rural,Internet at home,*,*
*,Yes,No,Total
 Urban,630,1392,2022
 Rural,253,13867,14120
 Total,883,15259,16142
NotApp :,744,*,*
AREA # 131003,Naphang,*,*
Urban/Rural,Internet at home,*,*
*,Yes,No,Total
 Urban,4,151,155
 Rural,34,16285,16319
 Total,38,16436,16474
NotApp :,40,*,*
AREA # 131051,ManKan(ST),*,*
Urban/Rural,Internet at home,*,*
*,Yes,No,Total
 Urban,4,77,81
 Rural,-,234,234
 Total,4,311,315
NotApp :,19,*,*
AREA # 131101,Kengtung,*,*
Urban/Rural,Internet at home,*,*
*,Yes,No,Total
 Urban,1829,7273,9102
 Rural,752,24242,24994
 Total,2581,31515,34096
NotApp :,512,*,*
AREA # 131102,Minekat,*,*
Urban/Rural,Internet at home,*,*
*,Yes,No,Total
 Urban,15,543,558
 Rural,11,7456,7467
 Total,26,7999,8025
NotApp :,133,*,*
AREA # 131103,Mineyan,*,*
Urban/Rural,Internet at home,*,*
*,Yes,No,Total
 Urban,31,958,989
 Rural,16,9114,9130
 Total,47,10072,10119
NotApp :,153,*,*
AREA # 131104,Minelar,*,*
Urban/Rural,Internet at home,*,*
*,Yes,No,Total
 Urban,471,1089,1560
 Rural,119,3529,3648
 Total,590,4618,5208
NotApp :,231,*,*
AREA # 131151,Mine Pauk(ST),*,*
Urban/Rural,Internet at home,*,*
*,Yes,No,Total
 Rural,224,9061,9285
 Total,224,9061,9285
NotApp :,65,*,*
AREA # 131201,Minesat,*,*
Urban/Rural,Internet at home,*,*
*,Yes,No,Total
 Urban,140,1421,1561
 Rural,184,14164,14348
 Total,324,15585,15909
NotApp :,313,*,*
AREA # 131202,Minepyin,*,*
Urban/Rural,Internet at home,*,*
*,Yes,No,Total
 Urban,131,1202,1333
 Rural,14,9258,9272
 Total,145,10460,10605
NotApp :,144,*,*
AREA # 131203,Minetung,*,*
Urban/Rural,Internet at home,*,*
*,Yes,No,Total
 Urban,187,932,1119
 Rural,19,3120,3139
 Total,206,4052,4258
NotApp :,57,*,*
AREA # 131251,Minekoke(ST),*,*
Urban/Rural,Internet at home,*,*
*,Yes,No,Total
 Urban,30,254,284
 Rural,14,2904,2918
 Total,44,3158,3202
NotApp :,77,*,*
AREA # 131252,Tontar(ST),*,*
Urban/Rural,Internet at home,*,*
*,Yes,No,Total
 Urban,2,425,427
 Rural,2,2265,2267
 Total,4,2690,2694
NotApp :,33,*,*
AREA # 131253,Ponparkyin(ST),*,*
Urban/Rural,Internet at home,*,*
*,Yes,No,Total
 Urban,5,716,721
 Rural,45,6568,6613
 Total,50,7284,7334
NotApp :,83,*,*
AREA # 131254,Monehta(ST),*,*
Urban/Rural,Internet at home,*,*
*,Yes,No,Total
 Urban,-,91,91
 Rural,4,834,838
 Total,4,925,929
NotApp :,3,*,*
AREA # 131301,Tachileik,*,*
Urban/Rural,Internet at home,*,*
*,Yes,No,Total
 Urban,1746,9348,11094
 Rural,823,19262,20085
 Total,2569,28610,31179
NotApp :,515,*,*
AREA # 131351,Talay(ST),*,*
Urban/Rural,Internet at home,*,*
*,Yes,No,Total
 Urban,99,774,873
 Rural,35,3110,3145
 Total,134,3884,4018
NotApp :,85,*,*
AREA # 131352,Kenglat(ST),*,*
Urban/Rural,Internet at home,*,*
*,Yes,No,Total
 Urban,50,712,762
 Rural,5,1709,1714
 Total,55,2421,2476
NotApp :,39,*,*
AREA # 131401,Minephyat,*,*
Urban/Rural,Internet at home,*,*
*,Yes,No,Total
 Urban,224,1099,1323
 Rural,75,4767,4842
 Total,299,5866,6165
NotApp :,161,*,*
AREA # 131402,Mineyaung,*,*
Urban/Rural,Internet at home,*,*
*,Yes,No,Total
 Urban,62,1128,1190
 Rural,21,5118,5139
 Total,83,6246,6329
NotApp :,131,*,*
AREA # 131451,Mineyu(ST),*,*
Urban/Rural,Internet at home,*,*
*,Yes,No,Total
 Urban,3,228,231
 Rural,223,10413,10636
 Total,226,10641,10867
NotApp :,165,*,*
AREA # 140101,Kangyidaunt,*,*
Urban/Rural,Internet at home,*,*
*,Yes,No,Total
 Urban,99,2575,2674
 Rural,760,39532,40292
 Total,859,42107,42966
NotApp :,345,*,*
AREA # 140102,Kyaungon,*,*
Urban/Rural,Internet at home,*,*
*,Yes,No,Total
 Urban,38,3912,3950
 Rural,102,37350,37452
 Total,140,41262,41402
NotApp :,278,*,*
AREA # 140103,Kyonpyaw,*,*
Urban/Rural,Internet at home,*,*
*,Yes,No,Total
 Urban,77,5922,5999
 Rural,342,53147,53489
 Total,419,59069,59488
NotApp :,394,*,*
AREA # 140104,Ngaputaw,*,*
Urban/Rural,Internet at home,*,*
*,Yes,No,Total
 Urban,198,2343,2541
 Rural,331,34504,34835
 Total,529,36847,37376
NotApp :,231,*,*
AREA # 140105,Pathein,*,*
Urban/Rural,Internet at home,*,*
*,Yes,No,Total
 Urban,5482,31959,37441
 Rural,842,27753,28595
 Total,6324,59712,66036
NotApp :,851,*,*
AREA # 140106,Yekyi,*,*
Urban/Rural,Internet at home,*,*
*,Yes,No,Total
 Urban,192,2574,2766
 Rural,378,24658,25036
 Total,570,27232,27802
NotApp :,199,*,*
AREA # 140107,Thapaung,*,*
Urban/Rural,Internet at home,*,*
*,Yes,No,Total
 Urban,11,1729,1740
 Rural,55,35442,35497
 Total,66,37171,37237
NotApp :,376,*,*
AREA # 140151,Ngayokaung(ST),*,*
Urban/Rural,Internet at home,*,*
*,Yes,No,Total
 Urban,6,827,833
 Rural,42,9326,9368
 Total,48,10153,10201
NotApp :,68,*,*
AREA # 140152,Hainggyikyun(ST),*,*
Urban/Rural,Internet at home,*,*
*,Yes,No,Total
 Urban,5,3544,3549
 Rural,162,25364,25526
 Total,167,28908,29075
NotApp :,204,*,*
AREA # 140153,Shwethaungyan(ST),*,*
Urban/Rural,Internet at home,*,*
*,Yes,No,Total
 Urban,6,813,819
 Rural,450,8912,9362
 Total,456,9725,10181
NotApp :,202,*,*
AREA # 140154,Ngwehsaung(ST),*,*
Urban/Rural,Internet at home,*,*
*,Yes,No,Total
 Urban,357,2318,2675
 Rural,99,6696,6795
 Total,456,9014,9470
NotApp :,180,*,*
AREA # 140155,Ngathaingchaung(ST),*,*
Urban/Rural,Internet at home,*,*
*,Yes,No,Total
 Urban,412,4185,4597
 Rural,423,17893,18316
 Total,835,22078,22913
NotApp :,199,*,*
AREA # 140201,Kyaiklatt,*,*
Urban/Rural,Internet at home,*,*
*,Yes,No,Total
 Urban,398,5019,5417
 Rural,193,38138,38331
 Total,591,43157,43748
NotApp :,526,*,*
AREA # 140202,Daydaye,*,*
Urban/Rural,Internet at home,*,*
*,Yes,No,Total
 Urban,170,3396,3566
 Rural,453,44591,45044
 Total,623,47987,48610
NotApp :,479,*,*
AREA # 140203,Phyapon,*,*
Urban/Rural,Internet at home,*,*
*,Yes,No,Total
 Urban,926,9128,10054
 Rural,494,31082,31576
 Total,1420,40210,41630
NotApp :,366,*,*
AREA # 140204,Bogale,*,*
Urban/Rural,Internet at home,*,*
*,Yes,No,Total
 Urban,640,9475,10115
 Rural,976,64896,65872
 Total,1616,74371,75987
NotApp :,607,*,*
AREA # 140251,Ahmar(ST),*,*
Urban/Rural,Internet at home,*,*
*,Yes,No,Total
 Urban,63,714,777
 Rural,499,26510,27009
 Total,562,27224,27786
NotApp :,383,*,*
AREA # 140301,Nyaungdon,*,*
Urban/Rural,Internet at home,*,*
*,Yes,No,Total
 Urban,704,5196,5900
 Rural,829,44472,45301
 Total,1533,49668,51201
NotApp :,457,*,*
AREA # 140302,Danubyu,*,*
Urban/Rural,Internet at home,*,*
*,Yes,No,Total
 Urban,500,4680,5180
 Rural,476,39141,39617
 Total,976,43821,44797
NotApp :,310,*,*
AREA # 140303,Pantanaw,*,*
Urban/Rural,Internet at home,*,*
*,Yes,No,Total
 Urban,376,3916,4292
 Rural,724,55261,55985
 Total,1100,59177,60277
NotApp :,434,*,*
AREA # 140304,Maubin,*,*
Urban/Rural,Internet at home,*,*
*,Yes,No,Total
 Urban,950,8187,9137
 Rural,831,61836,62667
 Total,1781,70023,71804
NotApp :,629,*,*
AREA # 140401,Myaungmya,*,*
Urban/Rural,Internet at home,*,*
*,Yes,No,Total
 Urban,1269,11244,12513
 Rural,706,52953,53659
 Total,1975,64197,66172
NotApp :,571,*,*
AREA # 140402,Wakema,*,*
Urban/Rural,Internet at home,*,*
*,Yes,No,Total
 Urban,201,5104,5305
 Rural,662,61481,62143
 Total,863,66585,67448
NotApp :,575,*,*
AREA # 140403,Einme,*,*
Urban/Rural,Internet at home,*,*
*,Yes,No,Total
 Urban,238,2808,3046
 Rural,489,42920,43409
 Total,727,45728,46455
NotApp :,362,*,*
AREA # 140501,Mawlamyinegyun,*,*
Urban/Rural,Internet at home,*,*
*,Yes,No,Total
 Urban,363,7220,7583
 Rural,529,66774,67303
 Total,892,73994,74886
NotApp :,436,*,*
AREA # 140502,Labutta,*,*
Urban/Rural,Internet at home,*,*
*,Yes,No,Total
 Urban,443,6760,7203
 Rural,295,47648,47943
 Total,738,54408,55146
NotApp :,425,*,*
AREA # 140551,Pyinsalu(ST),*,*
Urban/Rural,Internet at home,*,*
*,Yes,No,Total
 Urban,1,500,501
 Rural,73,19863,19936
 Total,74,20363,20437
NotApp :,161,*,*
AREA # 140601,Kyangin,*,*
Urban/Rural,Internet at home,*,*
*,Yes,No,Total
 Urban,52,5254,5306
 Rural,207,21344,21551
 Total,259,26598,26857
NotApp :,241,*,*
AREA # 140602,Zalun,*,*
Urban/Rural,Internet at home,*,*
*,Yes,No,Total
 Urban,475,4782,5257
 Rural,398,36418,36816
 Total,873,41200,42073
NotApp :,220,*,*
AREA # 140603,Myanaung,*,*
Urban/Rural,Internet at home,*,*
*,Yes,No,Total
 Urban,724,5325,6049
 Rural,732,53139,53871
 Total,1456,58464,59920
NotApp :,437,*,*
AREA # 140604,Laymyethna,*,*
Urban/Rural,Internet at home,*,*
*,Yes,No,Total
 Urban,3,767,770
 Rural,278,25196,25474
 Total,281,25963,26244
NotApp :,310,*,*
AREA # 140605,Hinthada,*,*
Urban/Rural,Internet at home,*,*
*,Yes,No,Total
 Urban,716,19113,19829
 Rural,357,65943,66300
 Total,1073,85056,86129
NotApp :,639,*,*
AREA # 140606,Ingapu,*,*
Urban/Rural,Internet at home,*,*
*,Yes,No,Total
 Urban,273,3305,3578
 Rural,886,52765,53651
 Total,1159,56070,57229
NotApp :,515,*,*
AREA # 150101,Tatkon,*,*
Urban/Rural,Internet at home,*,*
*,Yes,No,Total
 Urban,1047,8099,9146
 Rural,1534,41067,42601
 Total,2581,49166,51747
NotApp :,415,*,*
AREA # 150102,Zeyarthiri,*,*
Urban/Rural,Internet at home,*,*
*,Yes,No,Total
 Urban,1392,6854,8246
 Rural,1110,16719,17829
 Total,2502,23573,26075
NotApp :,326,*,*
AREA # 150103,Ottarathiri,*,*
Urban/Rural,Internet at home,*,*
*,Yes,No,Total
 Urban,757,4138,4895
 Rural,772,12994,13766
 Total,1529,17132,18661
NotApp :,325,*,*
AREA # 150104,Pobbathiri,*,*
Urban/Rural,Internet at home,*,*
*,Yes,No,Total
 Urban,700,9548,10248
 Rural,560,16808,17368
 Total,1260,26356,27616
NotApp :,382,*,*
AREA # 150201,Pyinmana,*,*
Urban/Rural,Internet at home,*,*
*,Yes,No,Total
 Urban,2181,12275,14456
 Rural,1572,23635,25207
 Total,3753,35910,39663
NotApp :,695,*,*
AREA # 150202,Lewe,*,*
Urban/Rural,Internet at home,*,*
*,Yes,No,Total
 Urban,431,5692,6123
 Rural,1209,57842,59051
 Total,1640,63534,65174
NotApp :,584,*,*
AREA # 150203,Zabuthiri,*,*
Urban/Rural,Internet at home,*,*
*,Yes,No,Total
 Urban,9361,15361,24722
 Rural,135,1463,1598
 Total,9496,16824,26320
NotApp :,869,*,*
AREA # 150204,Dekkhinathiri,*,*
Urban/Rural,Internet at home,*,*
*,Yes,No,Total
 Urban,91,817,908
 Rural,111,5978,6089
 Total,202,6795,6997
NotApp :,205,*,*
SUMMARY,*,*,*
Urban/Rural,Internet at home,*,*
*,Yes,No,Total
 Urban,519532,2529901,3049433
 Rural,155743,7672656,7828399
 Total,675275,10202557,10877832
NotApp :,137752,*,*
