Urban_Rural,Land_line_phone_Yes,Land_line_phone_No,Land_line_phone_Total
AREA # 010101,Myitkyina,*,*
Urban/Rural,Land line phone,*,*
*,Yes,No,Total
 Urban,3982,35686,39668
 Rural,487,10428,10915
 Total,4469,46114,50583
NotApp :,1258,*,*
AREA # 010102,Waingmaw,*,*
Urban/Rural,Land line phone,*,*
*,Yes,No,Total
 Urban,379,3441,3820
 Rural,810,15150,15960
 Total,1189,18591,19780
NotApp :,241,*,*
AREA # 010103,Ingyanyan,*,*
Urban/Rural,Land line phone,*,*
*,Yes,No,Total
 Urban,2,76,78
 Rural,3,204,207
 Total,5,280,285
NotApp :,35,*,*
AREA # 010104,Tanaing,*,*
Urban/Rural,Land line phone,*,*
*,Yes,No,Total
 Urban,322,3372,3694
 Rural,61,2643,2704
 Total,383,6015,6398
NotApp :,303,*,*
AREA # 010105,Chiphwe,*,*
Urban/Rural,Land line phone,*,*
*,Yes,No,Total
 Urban,16,313,329
 Rural,34,1568,1602
 Total,50,1881,1931
NotApp :,11,*,*
AREA # 010106,Hsotlaw,*,*
Urban/Rural,Land line phone,*,*
*,Yes,No,Total
 Urban,1,65,66
 Rural,1,1006,1007
 Total,2,1071,1073
NotApp :,4,*,*
AREA # 010151,Hsinbo(ST),*,*
Urban/Rural,Land line phone,*,*
*,Yes,No,Total
 Urban,13,691,704
 Rural,17,1287,1304
 Total,30,1978,2008
NotApp :,80,*,*
AREA # 010152,Hsadone(ST),*,*
Urban/Rural,Land line phone,*,*
*,Yes,No,Total
 Urban,32,478,510
 Rural,15,1085,1100
 Total,47,1563,1610
NotApp :,9,*,*
AREA # 010153,Kanpaikti(ST),*,*
Urban/Rural,Land line phone,*,*
*,Yes,No,Total
 Urban,1,173,174
 Rural,179,1117,1296
 Total,180,1290,1470
NotApp :,20,*,*
AREA # 010154,Shinbwayyan(ST),*,*
Urban/Rural,Land line phone,*,*
*,Yes,No,Total
 Urban,20,1005,1025
 Rural,41,1064,1105
 Total,61,2069,2130
NotApp :,15,*,*
AREA # 010155,Panwa(ST),*,*
Urban/Rural,Land line phone,*,*
*,Yes,No,Total
 Urban,5,191,196
 Rural,9,1170,1179
 Total,14,1361,1375
NotApp :,41,*,*
AREA # 010201,Mohnyin,*,*
Urban/Rural,Land line phone,*,*
*,Yes,No,Total
 Urban,569,5784,6353
 Rural,1160,22677,23837
 Total,1729,28461,30190
NotApp :,542,*,*
AREA # 010202,Mogaung,*,*
Urban/Rural,Land line phone,*,*
*,Yes,No,Total
 Urban,625,3823,4448
 Rural,1189,19261,20450
 Total,1814,23084,24898
NotApp :,208,*,*
AREA # 010203,Phakant,*,*
Urban/Rural,Land line phone,*,*
*,Yes,No,Total
 Urban,402,6454,6856
 Rural,2115,24163,26278
 Total,2517,30617,33134
NotApp :,1665,*,*
AREA # 010251,Hopin(ST),*,*
Urban/Rural,Land line phone,*,*
*,Yes,No,Total
 Urban,660,3881,4541
 Rural,96,4795,4891
 Total,756,8676,9432
NotApp :,114,*,*
AREA # 010252,Kamine(ST),*,*
Urban/Rural,Land line phone,*,*
*,Yes,No,Total
 Urban,7,1023,1030
 Rural,43,2425,2468
 Total,50,3448,3498
NotApp :,131,*,*
AREA # 010301,Bhamo,*,*
Urban/Rural,Land line phone,*,*
*,Yes,No,Total
 Urban,908,8607,9515
 Rural,464,14182,14646
 Total,1372,22789,24161
NotApp :,571,*,*
AREA # 010302,Shwegu,*,*
Urban/Rural,Land line phone,*,*
*,Yes,No,Total
 Urban,423,2979,3402
 Rural,338,12088,12426
 Total,761,15067,15828
NotApp :,336,*,*
AREA # 010303,Momauk,*,*
Urban/Rural,Land line phone,*,*
*,Yes,No,Total
 Urban,255,1835,2090
 Rural,402,6142,6544
 Total,657,7977,8634
NotApp :,144,*,*
AREA # 010304,Mansi,*,*
Urban/Rural,Land line phone,*,*
*,Yes,No,Total
 Urban,161,1457,1618
 Rural,553,8383,8936
 Total,714,9840,10554
NotApp :,82,*,*
AREA # 010351,Myohla(ST),*,*
Urban/Rural,Land line phone,*,*
*,Yes,No,Total
 Urban,2,359,361
 Rural,24,408,432
 Total,26,767,793
NotApp :,11,*,*
AREA # 010352,Lwe`ge`(ST),*,*
Urban/Rural,Land line phone,*,*
*,Yes,No,Total
 Urban,79,1146,1225
 Rural,2,276,278
 Total,81,1422,1503
NotApp :,24,*,*
AREA # 010353,Dotphoneyan(ST),*,*
Urban/Rural,Land line phone,*,*
*,Yes,No,Total
 Urban,25,286,311
 Rural,47,1875,1922
 Total,72,2161,2233
NotApp :,65,*,*
AREA # 010401,Putao,*,*
Urban/Rural,Land line phone,*,*
*,Yes,No,Total
 Urban,50,2761,2811
 Rural,73,7859,7932
 Total,123,10620,10743
NotApp :,94,*,*
AREA # 010402,Sumprabum,*,*
Urban/Rural,Land line phone,*,*
*,Yes,No,Total
 Urban,-,172,172
 Rural,14,293,307
 Total,14,465,479
NotApp :,18,*,*
AREA # 010403,Machanbaw,*,*
Urban/Rural,Land line phone,*,*
*,Yes,No,Total
 Urban,2,406,408
 Rural,14,1297,1311
 Total,16,1703,1719
NotApp :,31,*,*
AREA # 010404,Khaunglanphoo,*,*
Urban/Rural,Land line phone,*,*
*,Yes,No,Total
 Urban,1,69,70
 Rural,9,1632,1641
 Total,10,1701,1711
NotApp :,2,*,*
AREA # 010405,Naungmoon,*,*
Urban/Rural,Land line phone,*,*
*,Yes,No,Total
 Urban,1,359,360
 Rural,4,579,583
 Total,5,938,943
NotApp :,4,*,*
AREA # 010451,Pannandin(ST),*,*
Urban/Rural,Land line phone,*,*
*,Yes,No,Total
 Urban,-,24,24
 Rural,-,245,245
 Total,-,269,269
NotApp :,1,*,*
AREA # 020101,Loikaw,*,*
Urban/Rural,Land line phone,*,*
*,Yes,No,Total
 Urban,1067,9355,10422
 Rural,411,15662,16073
 Total,1478,25017,26495
NotApp :,304,*,*
AREA # 020102,Dimawso,*,*
Urban/Rural,Land line phone,*,*
*,Yes,No,Total
 Urban,92,1045,1137
 Rural,356,13854,14210
 Total,448,14899,15347
NotApp :,105,*,*
AREA # 020103,Phruso,*,*
Urban/Rural,Land line phone,*,*
*,Yes,No,Total
 Urban,43,810,853
 Rural,16,5041,5057
 Total,59,5851,5910
NotApp :,78,*,*
AREA # 020104,Shardaw,*,*
Urban/Rural,Land line phone,*,*
*,Yes,No,Total
 Urban,16,320,336
 Rural,3,1067,1070
 Total,19,1387,1406
NotApp :,28,*,*
AREA # 020201,Bawlakhe,*,*
Urban/Rural,Land line phone,*,*
*,Yes,No,Total
 Urban,51,788,839
 Rural,2,748,750
 Total,53,1536,1589
NotApp :,81,*,*
AREA # 020202,Parsaung,*,*
Urban/Rural,Land line phone,*,*
*,Yes,No,Total
 Urban,53,541,594
 Rural,84,4055,4139
 Total,137,4596,4733
NotApp :,302,*,*
AREA # 020203,Meisi,*,*
Urban/Rural,Land line phone,*,*
*,Yes,No,Total
 Urban,-,195,195
 Rural,3,1104,1107
 Total,3,1299,1302
NotApp :,55,*,*
AREA # 020251,Ywathit(ST),*,*
Urban/Rural,Land line phone,*,*
*,Yes,No,Total
 Urban,-,292,292
 Rural,-,200,200
 Total,-,492,492
NotApp :,30,*,*
AREA # 030101,Hpa-an,*,*
Urban/Rural,Land line phone,*,*
*,Yes,No,Total
 Urban,1300,13468,14768
 Rural,2720,71709,74429
 Total,4020,85177,89197
NotApp :,1176,*,*
AREA # 030102,Hlaingbwe,*,*
Urban/Rural,Land line phone,*,*
*,Yes,No,Total
 Urban,324,1955,2279
 Rural,877,28430,29307
 Total,1201,30385,31586
NotApp :,379,*,*
AREA # 030103,Thandaunggyi,*,*
Urban/Rural,Land line phone,*,*
*,Yes,No,Total
 Urban,217,2845,3062
 Rural,146,2601,2747
 Total,363,5446,5809
NotApp :,36,*,*
AREA # 030151,Paingkyon(ST),*,*
Urban/Rural,Land line phone,*,*
*,Yes,No,Total
 Urban,24,783,807
 Rural,347,16624,16971
 Total,371,17407,17778
NotApp :,210,*,*
AREA # 030152,Shan Ywathit(ST),*,*
Urban/Rural,Land line phone,*,*
*,Yes,No,Total
 Urban,3,80,83
 Rural,85,3588,3673
 Total,88,3668,3756
NotApp :,29,*,*
AREA # 030153,Leiktho(ST),*,*
Urban/Rural,Land line phone,*,*
*,Yes,No,Total
 Urban,35,572,607
 Rural,147,9172,9319
 Total,182,9744,9926
NotApp :,73,*,*
AREA # 030154,Bawgali(ST),*,*
Urban/Rural,Land line phone,*,*
*,Yes,No,Total
 Urban,1,435,436
 Rural,89,2880,2969
 Total,90,3315,3405
NotApp :,7,*,*
AREA # 030201,Pharpon,*,*
Urban/Rural,Land line phone,*,*
*,Yes,No,Total
 Urban,9,624,633
 Rural,19,1892,1911
 Total,28,2516,2544
NotApp :,108,*,*
AREA # 030251,Kamamaung(ST},*,*
Urban/Rural,Land line phone,*,*
*,Yes,No,Total
 Urban,42,2707,2749
 Rural,31,1178,1209
 Total,73,3885,3958
NotApp :,52,*,*
AREA # 030301,Myawady,*,*
Urban/Rural,Land line phone,*,*
*,Yes,No,Total
 Urban,1338,22678,24016
 Rural,620,16622,17242
 Total,1958,39300,41258
NotApp :,937,*,*
AREA # 030351,Sugali(ST),*,*
Urban/Rural,Land line phone,*,*
*,Yes,No,Total
 Urban,1,74,75
 Rural,9,977,986
 Total,10,1051,1061
NotApp :,24,*,*
AREA # 030352,Wawlaymyaing(ST),*,*
Urban/Rural,Land line phone,*,*
*,Yes,No,Total
 Urban,4,573,577
 Rural,24,1096,1120
 Total,28,1669,1697
NotApp :,44,*,*
AREA # 030401,Kawkareik,*,*
Urban/Rural,Land line phone,*,*
*,Yes,No,Total
 Urban,644,7838,8482
 Rural,1345,35671,37016
 Total,1989,43509,45498
NotApp :,393,*,*
AREA # 030402,Kyarinseikkyi,*,*
Urban/Rural,Land line phone,*,*
*,Yes,No,Total
 Urban,120,1697,1817
 Rural,581,19642,20223
 Total,701,21339,22040
NotApp :,270,*,*
AREA # 030451,Payarthonezu(ST),*,*
Urban/Rural,Land line phone,*,*
*,Yes,No,Total
 Urban,86,6010,6096
 Rural,192,11507,11699
 Total,278,17517,17795
NotApp :,271,*,*
AREA # 030452,Kyaidon(ST),*,*
Urban/Rural,Land line phone,*,*
*,Yes,No,Total
 Urban,44,636,680
 Rural,52,10001,10053
 Total,96,10637,10733
NotApp :,114,*,*
AREA # 040101,HaKa,*,*
Urban/Rural,Land line phone,*,*
*,Yes,No,Total
 Urban,1178,4043,5221
 Rural,200,4496,4696
 Total,1378,8539,9917
NotApp :,107,*,*
AREA # 040102,Thantlang,*,*
Urban/Rural,Land line phone,*,*
*,Yes,No,Total
 Urban,318,1189,1507
 Rural,223,8052,8275
 Total,541,9241,9782
NotApp :,38,*,*
AREA # 040201,Falam,*,*
Urban/Rural,Land line phone,*,*
*,Yes,No,Total
 Urban,364,1638,2002
 Rural,176,6250,6426
 Total,540,7888,8428
NotApp :,60,*,*
AREA # 040202,Tedim,*,*
Urban/Rural,Land line phone,*,*
*,Yes,No,Total
 Urban,459,1791,2250
 Rural,638,11795,12433
 Total,1097,13586,14683
NotApp :,65,*,*
AREA # 040203,Tonzaung,*,*
Urban/Rural,Land line phone,*,*
*,Yes,No,Total
 Urban,26,614,640
 Rural,31,2740,2771
 Total,57,3354,3411
NotApp :,37,*,*
AREA # 040251,Rihkhuadal(ST),*,*
Urban/Rural,Land line phone,*,*
*,Yes,No,Total
 Urban,59,611,670
 Rural,3,525,528
 Total,62,1136,1198
NotApp :,12,*,*
AREA # 040252,Cikha(ST),*,*
Urban/Rural,Land line phone,*,*
*,Yes,No,Total
 Urban,12,203,215
 Rural,14,1301,1315
 Total,26,1504,1530
NotApp :,6,*,*
AREA # 040301,Mindat,*,*
Urban/Rural,Land line phone,*,*
*,Yes,No,Total
 Urban,261,2082,2343
 Rural,116,6063,6179
 Total,377,8145,8522
NotApp :,95,*,*
AREA # 040302,Matupi,*,*
Urban/Rural,Land line phone,*,*
*,Yes,No,Total
 Urban,209,1461,1670
 Rural,71,5895,5966
 Total,280,7356,7636
NotApp :,43,*,*
AREA # 040303,Kanpalet,*,*
Urban/Rural,Land line phone,*,*
*,Yes,No,Total
 Urban,31,776,807
 Rural,23,3147,3170
 Total,54,3923,3977
NotApp :,66,*,*
AREA # 040304,Paletwat,*,*
Urban/Rural,Land line phone,*,*
*,Yes,No,Total
 Urban,48,1302,1350
 Rural,27,11916,11943
 Total,75,13218,13293
NotApp :,86,*,*
AREA # 040351,Reazu(ST),*,*
Urban/Rural,Land line phone,*,*
*,Yes,No,Total
 Urban,7,455,462
 Rural,41,2018,2059
 Total,48,2473,2521
NotApp :,14,*,*
AREA # 040352,Sami(ST),*,*
Urban/Rural,Land line phone,*,*
*,Yes,No,Total
 Urban,1,632,633
 Rural,47,5543,5590
 Total,48,6175,6223
NotApp :,100,*,*
AREA # 050101,Sagaing,*,*
Urban/Rural,Land line phone,*,*
*,Yes,No,Total
 Urban,1075,15421,16496
 Rural,1287,47360,48647
 Total,2362,62781,65143
NotApp :,1842,*,*
AREA # 050102,Myinmu,*,*
Urban/Rural,Land line phone,*,*
*,Yes,No,Total
 Urban,586,3045,3631
 Rural,381,21292,21673
 Total,967,24337,25304
NotApp :,264,*,*
AREA # 050103,Myaung,*,*
Urban/Rural,Land line phone,*,*
*,Yes,No,Total
 Urban,196,1757,1953
 Rural,941,21368,22309
 Total,1137,23125,24262
NotApp :,350,*,*
AREA # 050201,Shwebo,*,*
Urban/Rural,Land line phone,*,*
*,Yes,No,Total
 Urban,1137,12394,13531
 Rural,1261,35455,36716
 Total,2398,47849,50247
NotApp :,467,*,*
AREA # 050202,Khin U,*,*
Urban/Rural,Land line phone,*,*
*,Yes,No,Total
 Urban,273,2018,2291
 Rural,887,29446,30333
 Total,1160,31464,32624
NotApp :,271,*,*
AREA # 050203,Wetlet,*,*
Urban/Rural,Land line phone,*,*
*,Yes,No,Total
 Urban,336,1970,2306
 Rural,1227,43179,44406
 Total,1563,45149,46712
NotApp :,437,*,*
AREA # 050204,Kambalu,*,*
Urban/Rural,Land line phone,*,*
*,Yes,No,Total
 Urban,436,4747,5183
 Rural,1980,54163,56143
 Total,2416,58910,61326
NotApp :,537,*,*
AREA # 050205,Kyunhlau,*,*
Urban/Rural,Land line phone,*,*
*,Yes,No,Total
 Urban,345,2154,2499
 Rural,852,17512,18364
 Total,1197,19666,20863
NotApp :,224,*,*
AREA # 050206,Ye U,*,*
Urban/Rural,Land line phone,*,*
*,Yes,No,Total
 Urban,526,3439,3965
 Rural,843,21565,22408
 Total,1369,25004,26373
NotApp :,308,*,*
AREA # 050207,Depayin,*,*
Urban/Rural,Land line phone,*,*
*,Yes,No,Total
 Urban,114,841,955
 Rural,859,28531,29390
 Total,973,29372,30345
NotApp :,367,*,*
AREA # 050208,Tasei,*,*
Urban/Rural,Land line phone,*,*
*,Yes,No,Total
 Urban,505,2467,2972
 Rural,1316,31649,32965
 Total,1821,34116,35937
NotApp :,328,*,*
AREA # 050251,Kyaukmyaung(ST),*,*
Urban/Rural,Land line phone,*,*
*,Yes,No,Total
 Urban,127,2179,2306
 Rural,94,4650,4744
 Total,221,6829,7050
NotApp :,65,*,*
AREA # 050301,Monywa,*,*
Urban/Rural,Land line phone,*,*
*,Yes,No,Total
 Urban,4532,35874,40406
 Rural,686,34870,35556
 Total,5218,70744,75962
NotApp :,1167,*,*
AREA # 050302,Butalin,*,*
Urban/Rural,Land line phone,*,*
*,Yes,No,Total
 Urban,225,968,1193
 Rural,703,26720,27423
 Total,928,27688,28616
NotApp :,389,*,*
AREA # 050303,Ayartaw,*,*
Urban/Rural,Land line phone,*,*
*,Yes,No,Total
 Urban,154,2001,2155
 Rural,567,32869,33436
 Total,721,34870,35591
NotApp :,378,*,*
AREA # 050304,Chaung Oo,*,*
Urban/Rural,Land line phone,*,*
*,Yes,No,Total
 Urban,531,4550,5081
 Rural,544,17751,18295
 Total,1075,22301,23376
NotApp :,254,*,*
AREA # 050401,Katha,*,*
Urban/Rural,Land line phone,*,*
*,Yes,No,Total
 Urban,689,4574,5263
 Rural,557,26141,26698
 Total,1246,30715,31961
NotApp :,447,*,*
AREA # 050402,Indaw,*,*
Urban/Rural,Land line phone,*,*
*,Yes,No,Total
 Urban,286,1556,1842
 Rural,964,20424,21388
 Total,1250,21980,23230
NotApp :,320,*,*
AREA # 050403,Tigyaing,*,*
Urban/Rural,Land line phone,*,*
*,Yes,No,Total
 Urban,500,2570,3070
 Rural,544,22775,23319
 Total,1044,25345,26389
NotApp :,279,*,*
AREA # 050404,Banmauk,*,*
Urban/Rural,Land line phone,*,*
*,Yes,No,Total
 Urban,179,1033,1212
 Rural,506,17150,17656
 Total,685,18183,18868
NotApp :,678,*,*
AREA # 050405,Kawlin,*,*
Urban/Rural,Land line phone,*,*
*,Yes,No,Total
 Urban,759,3810,4569
 Rural,1361,25473,26834
 Total,2120,29283,31403
NotApp :,408,*,*
AREA # 050406,Wuntho,*,*
Urban/Rural,Land line phone,*,*
*,Yes,No,Total
 Urban,292,2298,2590
 Rural,338,11277,11615
 Total,630,13575,14205
NotApp :,321,*,*
AREA # 050407,Pinlebu,*,*
Urban/Rural,Land line phone,*,*
*,Yes,No,Total
 Urban,71,1398,1469
 Rural,324,20107,20431
 Total,395,21505,21900
NotApp :,382,*,*
AREA # 050501,Kalay,*,*
Urban/Rural,Land line phone,*,*
*,Yes,No,Total
 Urban,1359,24362,25721
 Rural,1626,45422,47048
 Total,2985,69784,72769
NotApp :,551,*,*
AREA # 050502,Kalewa,*,*
Urban/Rural,Land line phone,*,*
*,Yes,No,Total
 Urban,43,1910,1953
 Rural,452,9330,9782
 Total,495,11240,11735
NotApp :,183,*,*
AREA # 050503,Mingin,*,*
Urban/Rural,Land line phone,*,*
*,Yes,No,Total
 Urban,82,754,836
 Rural,476,20746,21222
 Total,558,21500,22058
NotApp :,359,*,*
AREA # 050601,Tamu,*,*
Urban/Rural,Land line phone,*,*
*,Yes,No,Total
 Urban,737,8252,8989
 Rural,66,2931,2997
 Total,803,11183,11986
NotApp :,97,*,*
AREA # 050651,Myothit(ST),*,*
Urban/Rural,Land line phone,*,*
*,Yes,No,Total
 Urban,10,298,308
 Rural,76,2713,2789
 Total,86,3011,3097
NotApp :,38,*,*
AREA # 050652,Khampat(ST),*,*
Urban/Rural,Land line phone,*,*
*,Yes,No,Total
 Urban,80,2758,2838
 Rural,122,4548,4670
 Total,202,7306,7508
NotApp :,25,*,*
AREA # 050701,Mawlaik,*,*
Urban/Rural,Land line phone,*,*
*,Yes,No,Total
 Urban,28,1796,1824
 Rural,171,8350,8521
 Total,199,10146,10345
NotApp :,173,*,*
AREA # 050702,Phaungpyin,*,*
Urban/Rural,Land line phone,*,*
*,Yes,No,Total
 Urban,87,1855,1942
 Rural,311,17993,18304
 Total,398,19848,20246
NotApp :,277,*,*
AREA # 050801,Hkamti,*,*
Urban/Rural,Land line phone,*,*
*,Yes,No,Total
 Urban,42,2141,2183
 Rural,124,5054,5178
 Total,166,7195,7361
NotApp :,521,*,*
AREA # 050802,Homalin,*,*
Urban/Rural,Land line phone,*,*
*,Yes,No,Total
 Urban,187,3388,3575
 Rural,1102,31066,32168
 Total,1289,34454,35743
NotApp :,1266,*,*
AREA # 050803,Leshi,*,*
Urban/Rural,Land line phone,*,*
*,Yes,No,Total
 Urban,-,253,253
 Rural,8,1395,1403
 Total,8,1648,1656
NotApp :,53,*,*
AREA # 050804,Lahe,*,*
Urban/Rural,Land line phone,*,*
*,Yes,No,Total
 Urban,5,533,538
 Rural,20,6419,6439
 Total,25,6952,6977
NotApp :,37,*,*
AREA # 050805,Nanyun,*,*
Urban/Rural,Land line phone,*,*
*,Yes,No,Total
 Urban,9,366,375
 Rural,12,1181,1193
 Total,21,1547,1568
NotApp :,17,*,*
AREA # 050851,Mobaingluk(ST),*,*
Urban/Rural,Land line phone,*,*
*,Yes,No,Total
 Urban,2,208,210
 Rural,1,99,100
 Total,3,307,310
NotApp :,2,*,*
AREA # 050852,Sonemara(ST),*,*
Urban/Rural,Land line phone,*,*
*,Yes,No,Total
 Urban,4,282,286
 Rural,9,899,908
 Total,13,1181,1194
NotApp :,10,*,*
AREA # 050853,Htanparkway(ST),*,*
Urban/Rural,Land line phone,*,*
*,Yes,No,Total
 Urban,-,128,128
 Rural,-,633,633
 Total,-,761,761
NotApp :,9,*,*
AREA # 050854,Pansaung(ST),*,*
Urban/Rural,Land line phone,*,*
*,Yes,No,Total
 Urban,20,318,338
 Rural,3,2008,2011
 Total,23,2326,2349
NotApp :,5,*,*
AREA # 050855,Donhee(ST),*,*
Urban/Rural,Land line phone,*,*
*,Yes,No,Total
 Urban,-,169,169
 Rural,-,3754,3754
 Total,-,3923,3923
NotApp :,10,*,*
AREA # 050901,Yinmarpin,*,*
Urban/Rural,Land line phone,*,*
*,Yes,No,Total
 Urban,85,992,1077
 Rural,975,27480,28455
 Total,1060,28472,29532
NotApp :,265,*,*
AREA # 050902,Salingyi,*,*
Urban/Rural,Land line phone,*,*
*,Yes,No,Total
 Urban,63,1159,1222
 Rural,489,24756,25245
 Total,552,25915,26467
NotApp :,384,*,*
AREA # 050903,Palae,*,*
Urban/Rural,Land line phone,*,*
*,Yes,No,Total
 Urban,105,826,931
 Rural,1061,30370,31431
 Total,1166,31196,32362
NotApp :,338,*,*
AREA # 050904,Kani,*,*
Urban/Rural,Land line phone,*,*
*,Yes,No,Total
 Urban,50,1088,1138
 Rural,1287,26798,28085
 Total,1337,27886,29223
NotApp :,351,*,*
AREA # 060101,Dawei,*,*
Urban/Rural,Land line phone,*,*
*,Yes,No,Total
 Urban,1626,13756,15382
 Rural,403,9158,9561
 Total,2029,22914,24943
NotApp :,551,*,*
AREA # 060102,Lounglon,*,*
Urban/Rural,Land line phone,*,*
*,Yes,No,Total
 Urban,106,1134,1240
 Rural,746,23749,24495
 Total,852,24883,25735
NotApp :,291,*,*
AREA # 060103,Thayetchaung,*,*
Urban/Rural,Land line phone,*,*
*,Yes,No,Total
 Urban,194,2213,2407
 Rural,633,19834,20467
 Total,827,22047,22874
NotApp :,255,*,*
AREA # 060104,Yebyu,*,*
Urban/Rural,Land line phone,*,*
*,Yes,No,Total
 Urban,33,1044,1077
 Rural,651,20345,20996
 Total,684,21389,22073
NotApp :,316,*,*
AREA # 060151,Myitta(ST),*,*
Urban/Rural,Land line phone,*,*
*,Yes,No,Total
 Urban,15,481,496
 Rural,103,3591,3694
 Total,118,4072,4190
NotApp :,72,*,*
AREA # 060152,Kaleinaung(ST),*,*
Urban/Rural,Land line phone,*,*
*,Yes,No,Total
 Urban,45,579,624
 Rural,120,3533,3653
 Total,165,4112,4277
NotApp :,141,*,*
AREA # 060201,Myeik,*,*
Urban/Rural,Land line phone,*,*
*,Yes,No,Total
 Urban,1295,20253,21548
 Rural,1054,31747,32801
 Total,2349,52000,54349
NotApp :,763,*,*
AREA # 060202,Kyunsu,*,*
Urban/Rural,Land line phone,*,*
*,Yes,No,Total
 Urban,90,1052,1142
 Rural,1125,30721,31846
 Total,1215,31773,32988
NotApp :,330,*,*
AREA # 060203,Palaw,*,*
Urban/Rural,Land line phone,*,*
*,Yes,No,Total
 Urban,309,3262,3571
 Rural,598,14356,14954
 Total,907,17618,18525
NotApp :,178,*,*
AREA # 060204,Tanintharyi,*,*
Urban/Rural,Land line phone,*,*
*,Yes,No,Total
 Urban,34,1092,1126
 Rural,582,18221,18803
 Total,616,19313,19929
NotApp :,325,*,*
AREA # 060251,Palauk(ST),*,*
Urban/Rural,Land line phone,*,*
*,Yes,No,Total
 Urban,115,1096,1211
 Rural,180,5737,5917
 Total,295,6833,7128
NotApp :,45,*,*
AREA # 060301,Kawthoung,*,*
Urban/Rural,Land line phone,*,*
*,Yes,No,Total
 Urban,766,11814,12580
 Rural,532,12369,12901
 Total,1298,24183,25481
NotApp :,367,*,*
AREA # 060302,Bokepyin,*,*
Urban/Rural,Land line phone,*,*
*,Yes,No,Total
 Urban,35,1012,1047
 Rural,387,7442,7829
 Total,422,8454,8876
NotApp :,187,*,*
AREA # 060351,Khamaukgyi,*,*
Urban/Rural,Land line phone,*,*
*,Yes,No,Total
 Urban,124,2231,2355
 Rural,16,2494,2510
 Total,140,4725,4865
NotApp :,126,*,*
AREA # 060352,Pyigyimandaing,*,*
Urban/Rural,Land line phone,*,*
*,Yes,No,Total
 Urban,17,698,715
 Rural,60,2329,2389
 Total,77,3027,3104
NotApp :,91,*,*
AREA # 060353,Karathuri(ST),*,*
Urban/Rural,Land line phone,*,*
*,Yes,No,Total
 Urban,32,254,286
 Rural,96,3380,3476
 Total,128,3634,3762
NotApp :,102,*,*
AREA # 070101,Bago,*,*
Urban/Rural,Land line phone,*,*
*,Yes,No,Total
 Urban,4059,50833,54892
 Rural,1323,50917,52240
 Total,5382,101750,107132
NotApp :,1161,*,*
AREA # 070102,Tanatpin,*,*
Urban/Rural,Land line phone,*,*
*,Yes,No,Total
 Urban,288,3341,3629
 Rural,1148,27750,28898
 Total,1436,31091,32527
NotApp :,222,*,*
AREA # 070103,Kawa,*,*
Urban/Rural,Land line phone,*,*
*,Yes,No,Total
 Urban,355,3899,4254
 Rural,2115,39706,41821
 Total,2470,43605,46075
NotApp :,248,*,*
AREA # 070104,Waw,*,*
Urban/Rural,Land line phone,*,*
*,Yes,No,Total
 Urban,520,4526,5046
 Rural,1156,30881,32037
 Total,1676,35407,37083
NotApp :,296,*,*
AREA # 070105,Nyaunglebin,*,*
Urban/Rural,Land line phone,*,*
*,Yes,No,Total
 Urban,1102,11960,13062
 Rural,1067,30633,31700
 Total,2169,42593,44762
NotApp :,311,*,*
AREA # 070106,Kyauktaga,*,*
Urban/Rural,Land line phone,*,*
*,Yes,No,Total
 Urban,618,6255,6873
 Rural,1251,43524,44775
 Total,1869,49779,51648
NotApp :,363,*,*
AREA # 070107,Daik U,*,*
Urban/Rural,Land line phone,*,*
*,Yes,No,Total
 Urban,457,8283,8740
 Rural,1327,35686,37013
 Total,1784,43969,45753
NotApp :,339,*,*
AREA # 070108,Shwegyin,*,*
Urban/Rural,Land line phone,*,*
*,Yes,No,Total
 Urban,477,4388,4865
 Rural,651,16266,16917
 Total,1128,20654,21782
NotApp :,240,*,*
AREA # 070201,Toungoo,*,*
Urban/Rural,Land line phone,*,*
*,Yes,No,Total
 Urban,1876,20024,21900
 Rural,672,34888,35560
 Total,2548,54912,57460
NotApp :,871,*,*
AREA # 070202,Yaedashe,*,*
Urban/Rural,Land line phone,*,*
*,Yes,No,Total
 Urban,523,5432,5955
 Rural,877,43695,44572
 Total,1400,49127,50527
NotApp :,460,*,*
AREA # 070203,Kyaukkyi,*,*
Urban/Rural,Land line phone,*,*
*,Yes,No,Total
 Urban,104,2154,2258
 Rural,1082,19543,20625
 Total,1186,21697,22883
NotApp :,203,*,*
AREA # 070204,Pyu,*,*
Urban/Rural,Land line phone,*,*
*,Yes,No,Total
 Urban,1135,12692,13827
 Rural,1153,39951,41104
 Total,2288,52643,54931
NotApp :,386,*,*
AREA # 070205,Oatwin,*,*
Urban/Rural,Land line phone,*,*
*,Yes,No,Total
 Urban,181,3028,3209
 Rural,555,33106,33661
 Total,736,36134,36870
NotApp :,276,*,*
AREA # 070206,Htantapin,*,*
Urban/Rural,Land line phone,*,*
*,Yes,No,Total
 Urban,102,2274,2376
 Rural,658,23747,24405
 Total,760,26021,26781
NotApp :,169,*,*
AREA # 070301,Pyay,*,*
Urban/Rural,Land line phone,*,*
*,Yes,No,Total
 Urban,2804,26011,28815
 Rural,589,29153,29742
 Total,3393,55164,58557
NotApp :,1014,*,*
AREA # 070302,Paukkhaung,*,*
Urban/Rural,Land line phone,*,*
*,Yes,No,Total
 Urban,370,3236,3606
 Rural,593,28148,28741
 Total,963,31384,32347
NotApp :,302,*,*
AREA # 070303,Padaung,*,*
Urban/Rural,Land line phone,*,*
*,Yes,No,Total
 Urban,445,4023,4468
 Rural,907,33517,34424
 Total,1352,37540,38892
NotApp :,412,*,*
AREA # 070304,Paunde,*,*
Urban/Rural,Land line phone,*,*
*,Yes,No,Total
 Urban,724,5757,6481
 Rural,392,29827,30219
 Total,1116,35584,36700
NotApp :,296,*,*
AREA # 070305,Thegon,*,*
Urban/Rural,Land line phone,*,*
*,Yes,No,Total
 Urban,349,3917,4266
 Rural,531,31153,31684
 Total,880,35070,35950
NotApp :,304,*,*
AREA # 070306,Shwedaung,*,*
Urban/Rural,Land line phone,*,*
*,Yes,No,Total
 Urban,356,4162,4518
 Rural,604,28442,29046
 Total,960,32604,33564
NotApp :,368,*,*
AREA # 070401,Tharyarwaddy,*,*
Urban/Rural,Land line phone,*,*
*,Yes,No,Total
 Urban,700,7464,8164
 Rural,413,28049,28462
 Total,1113,35513,36626
NotApp :,285,*,*
AREA # 070402,Letpadan,*,*
Urban/Rural,Land line phone,*,*
*,Yes,No,Total
 Urban,609,5126,5735
 Rural,855,36894,37749
 Total,1464,42020,43484
NotApp :,336,*,*
AREA # 070403,Minhla,*,*
Urban/Rural,Land line phone,*,*
*,Yes,No,Total
 Urban,390,2312,2702
 Rural,417,27775,28192
 Total,807,30087,30894
NotApp :,231,*,*
AREA # 070404,Okpo,*,*
Urban/Rural,Land line phone,*,*
*,Yes,No,Total
 Urban,263,2537,2800
 Rural,459,28635,29094
 Total,722,31172,31894
NotApp :,283,*,*
AREA # 070405,Zigon,*,*
Urban/Rural,Land line phone,*,*
*,Yes,No,Total
 Urban,422,3545,3967
 Rural,125,14118,14243
 Total,547,17663,18210
NotApp :,160,*,*
AREA # 070406,Nattalin,*,*
Urban/Rural,Land line phone,*,*
*,Yes,No,Total
 Urban,710,3932,4642
 Rural,582,40545,41127
 Total,1292,44477,45769
NotApp :,317,*,*
AREA # 070407,Monyo,*,*
Urban/Rural,Land line phone,*,*
*,Yes,No,Total
 Urban,238,2142,2380
 Rural,589,30318,30907
 Total,827,32460,33287
NotApp :,232,*,*
AREA # 070408,Gyobingauk,*,*
Urban/Rural,Land line phone,*,*
*,Yes,No,Total
 Urban,744,4840,5584
 Rural,259,24743,25002
 Total,1003,29583,30586
NotApp :,233,*,*
AREA # 080101,Magway,*,*
Urban/Rural,Land line phone,*,*
*,Yes,No,Total
 Urban,2718,17152,19870
 Rural,1117,47690,48807
 Total,3835,64842,68677
NotApp :,1053,*,*
AREA # 080102,Yenangyoung,*,*
Urban/Rural,Land line phone,*,*
*,Yes,No,Total
 Urban,612,10064,10676
 Rural,678,21146,21824
 Total,1290,31210,32500
NotApp :,490,*,*
AREA # 080103,Chauk,*,*
Urban/Rural,Land line phone,*,*
*,Yes,No,Total
 Urban,875,9526,10401
 Rural,1351,32866,34217
 Total,2226,42392,44618
NotApp :,539,*,*
AREA # 080104,Taungdwingyi,*,*
Urban/Rural,Land line phone,*,*
*,Yes,No,Total
 Urban,761,9294,10055
 Rural,1528,48680,50208
 Total,2289,57974,60263
NotApp :,426,*,*
AREA # 080105,Myothit,*,*
Urban/Rural,Land line phone,*,*
*,Yes,No,Total
 Urban,157,1589,1746
 Rural,818,34384,35202
 Total,975,35973,36948
NotApp :,339,*,*
AREA # 080106,Natmauk,*,*
Urban/Rural,Land line phone,*,*
*,Yes,No,Total
 Urban,445,2729,3174
 Rural,856,44396,45252
 Total,1301,47125,48426
NotApp :,396,*,*
AREA # 080201,Minbu,*,*
Urban/Rural,Land line phone,*,*
*,Yes,No,Total
 Urban,672,8518,9190
 Rural,675,33952,34627
 Total,1347,42470,43817
NotApp :,551,*,*
AREA # 080202,Pwint Phyu,*,*
Urban/Rural,Land line phone,*,*
*,Yes,No,Total
 Urban,164,1290,1454
 Rural,991,37319,38310
 Total,1155,38609,39764
NotApp :,475,*,*
AREA # 080203,Ngape,*,*
Urban/Rural,Land line phone,*,*
*,Yes,No,Total
 Urban,94,885,979
 Rural,303,11175,11478
 Total,397,12060,12457
NotApp :,159,*,*
AREA # 080204,Salin,*,*
Urban/Rural,Land line phone,*,*
*,Yes,No,Total
 Urban,319,2467,2786
 Rural,1407,51412,52819
 Total,1726,53879,55605
NotApp :,631,*,*
AREA # 080205,Saytottara,*,*
Urban/Rural,Land line phone,*,*
*,Yes,No,Total
 Urban,19,1506,1525
 Rural,65,9190,9255
 Total,84,10696,10780
NotApp :,279,*,*
AREA # 080301,Thayet,*,*
Urban/Rural,Land line phone,*,*
*,Yes,No,Total
 Urban,277,4286,4563
 Rural,125,21284,21409
 Total,402,25570,25972
NotApp :,302,*,*
AREA # 080302,Minhla,*,*
Urban/Rural,Land line phone,*,*
*,Yes,No,Total
 Urban,377,2604,2981
 Rural,372,28269,28641
 Total,749,30873,31622
NotApp :,346,*,*
AREA # 080303,Mindon,*,*
Urban/Rural,Land line phone,*,*
*,Yes,No,Total
 Urban,163,1107,1270
 Rural,728,14811,15539
 Total,891,15918,16809
NotApp :,207,*,*
AREA # 080304,Kamma,*,*
Urban/Rural,Land line phone,*,*
*,Yes,No,Total
 Urban,91,1203,1294
 Rural,608,17241,17849
 Total,699,18444,19143
NotApp :,208,*,*
AREA # 080305,Aunglan,*,*
Urban/Rural,Land line phone,*,*
*,Yes,No,Total
 Urban,1024,10601,11625
 Rural,368,45616,45984
 Total,1392,56217,57609
NotApp :,479,*,*
AREA # 080306,Sinpaungwe`,*,*
Urban/Rural,Land line phone,*,*
*,Yes,No,Total
 Urban,65,1216,1281
 Rural,636,26767,27403
 Total,701,27983,28684
NotApp :,290,*,*
AREA # 080401,Pakokku,*,*
Urban/Rural,Land line phone,*,*
*,Yes,No,Total
 Urban,1772,17297,19069
 Rural,1385,45886,47271
 Total,3157,63183,66340
NotApp :,723,*,*
AREA # 080402,Yesagyo,*,*
Urban/Rural,Land line phone,*,*
*,Yes,No,Total
 Urban,636,4263,4899
 Rural,1039,41394,42433
 Total,1675,45657,47332
NotApp :,485,*,*
AREA # 080403,Myaing,*,*
Urban/Rural,Land line phone,*,*
*,Yes,No,Total
 Urban,444,1357,1801
 Rural,1257,50583,51840
 Total,1701,51940,53641
NotApp :,502,*,*
AREA # 080404,Pauk,*,*
Urban/Rural,Land line phone,*,*
*,Yes,No,Total
 Urban,309,1392,1701
 Rural,946,36318,37264
 Total,1255,37710,38965
NotApp :,326,*,*
AREA # 080405,Seikphyu,*,*
Urban/Rural,Land line phone,*,*
*,Yes,No,Total
 Urban,201,1928,2129
 Rural,661,20637,21298
 Total,862,22565,23427
NotApp :,208,*,*
AREA # 080501,Gangaw,*,*
Urban/Rural,Land line phone,*,*
*,Yes,No,Total
 Urban,417,2841,3258
 Rural,693,25961,26654
 Total,1110,28802,29912
NotApp :,303,*,*
AREA # 080502,Htilin,*,*
Urban/Rural,Land line phone,*,*
*,Yes,No,Total
 Urban,25,1098,1123
 Rural,375,9034,9409
 Total,400,10132,10532
NotApp :,182,*,*
AREA # 080503,Saw,*,*
Urban/Rural,Land line phone,*,*
*,Yes,No,Total
 Urban,5,1256,1261
 Rural,198,6866,7064
 Total,203,8122,8325
NotApp :,212,*,*
AREA # 080551,Kyaukhtu(ST),*,*
Urban/Rural,Land line phone,*,*
*,Yes,No,Total
 Urban,23,1117,1140
 Rural,300,6169,6469
 Total,323,7286,7609
NotApp :,103,*,*
AREA # 090101,Aungmyetharzan,*,*
Urban/Rural,Land line phone,*,*
*,Yes,No,Total
 Urban,4255,45476,49731
 Total,4255,45476,49731
NotApp :,971,*,*
AREA # 090102,Chanayeharzan,*,*
Urban/Rural,Land line phone,*,*
*,Yes,No,Total
 Urban,5950,27331,33281
 Total,5950,27331,33281
NotApp :,1883,*,*
AREA # 090103,Mahaaungmye,*,*
Urban/Rural,Land line phone,*,*
*,Yes,No,Total
 Urban,3958,37969,41927
 Total,3958,37969,41927
NotApp :,754,*,*
AREA # 090104,Chanmyatharzi,*,*
Urban/Rural,Land line phone,*,*
*,Yes,No,Total
 Urban,2904,50143,53047
 Total,2904,50143,53047
NotApp :,901,*,*
AREA # 090105,Pyigyidagun,*,*
Urban/Rural,Land line phone,*,*
*,Yes,No,Total
 Urban,1965,41910,43875
 Total,1965,41910,43875
NotApp :,1032,*,*
AREA # 090106,Amarapura,*,*
Urban/Rural,Land line phone,*,*
*,Yes,No,Total
 Urban,699,15931,16630
 Rural,687,32309,32996
 Total,1386,48240,49626
NotApp :,572,*,*
AREA # 090107,Patheingyi,*,*
Urban/Rural,Land line phone,*,*
*,Yes,No,Total
 Urban,368,2334,2702
 Rural,1114,49174,50288
 Total,1482,51508,52990
NotApp :,902,*,*
AREA # 090201,Pyin Oo Lwin,*,*
Urban/Rural,Land line phone,*,*
*,Yes,No,Total
 Urban,2159,29782,31941
 Rural,598,20843,21441
 Total,2757,50625,53382
NotApp :,962,*,*
AREA # 090202,Madaya,*,*
Urban/Rural,Land line phone,*,*
*,Yes,No,Total
 Urban,693,4618,5311
 Rural,1474,51860,53334
 Total,2167,56478,58645
NotApp :,508,*,*
AREA # 090203,Sinku,*,*
Urban/Rural,Land line phone,*,*
*,Yes,No,Total
 Urban,115,1617,1732
 Rural,1592,31209,32801
 Total,1707,32826,34533
NotApp :,281,*,*
AREA # 090204,Mogok,*,*
Urban/Rural,Land line phone,*,*
*,Yes,No,Total
 Urban,942,15744,16686
 Rural,643,17918,18561
 Total,1585,33662,35247
NotApp :,586,*,*
AREA # 090205,Thabeikkyin,*,*
Urban/Rural,Land line phone,*,*
*,Yes,No,Total
 Urban,86,1102,1188
 Rural,1052,23509,24561
 Total,1138,24611,25749
NotApp :,297,*,*
AREA # 090251,Tagaung,*,*
Urban/Rural,Land line phone,*,*
*,Yes,No,Total
 Urban,178,1615,1793
 Rural,149,5450,5599
 Total,327,7065,7392
NotApp :,96,*,*
AREA # 090301,Kyaukse,*,*
Urban/Rural,Land line phone,*,*
*,Yes,No,Total
 Urban,567,7924,8491
 Rural,502,48772,49274
 Total,1069,56696,57765
NotApp :,526,*,*
AREA # 090302,Singaing,*,*
Urban/Rural,Land line phone,*,*
*,Yes,No,Total
 Urban,236,1544,1780
 Rural,554,31245,31799
 Total,790,32789,33579
NotApp :,464,*,*
AREA # 090303,Myitthar,*,*
Urban/Rural,Land line phone,*,*
*,Yes,No,Total
 Urban,283,4063,4346
 Rural,680,40991,41671
 Total,963,45054,46017
NotApp :,399,*,*
AREA # 090304,Tada U,*,*
Urban/Rural,Land line phone,*,*
*,Yes,No,Total
 Urban,297,2355,2652
 Rural,501,29474,29975
 Total,798,31829,32627
NotApp :,340,*,*
AREA # 090401,Myingyan,*,*
Urban/Rural,Land line phone,*,*
*,Yes,No,Total
 Urban,1420,17477,18897
 Rural,1294,42149,43443
 Total,2714,59626,62340
NotApp :,622,*,*
AREA # 090402,Taungtha,*,*
Urban/Rural,Land line phone,*,*
*,Yes,No,Total
 Urban,595,3268,3863
 Rural,1328,44661,45989
 Total,1923,47929,49852
NotApp :,425,*,*
AREA # 090403,Natogyi,*,*
Urban/Rural,Land line phone,*,*
*,Yes,No,Total
 Urban,369,2473,2842
 Rural,1658,36465,38123
 Total,2027,38938,40965
NotApp :,349,*,*
AREA # 090404,Kyaukpadaung,*,*
Urban/Rural,Land line phone,*,*
*,Yes,No,Total
 Urban,1566,7447,9013
 Rural,1293,51655,52948
 Total,2859,59102,61961
NotApp :,497,*,*
AREA # 090405,Ngazun,*,*
Urban/Rural,Land line phone,*,*
*,Yes,No,Total
 Urban,147,1510,1657
 Rural,1025,25156,26181
 Total,1172,26666,27838
NotApp :,295,*,*
AREA # 090501,Nyaung U,*,*
Urban/Rural,Land line phone,*,*
*,Yes,No,Total
 Urban,694,8821,9515
 Rural,913,34234,35147
 Total,1607,43055,44662
NotApp :,603,*,*
AREA # 090551,Ngat,*,*
Urban/Rural,Land line phone,*,*
*,Yes,No,Total
 Urban,47,1392,1439
 Rural,322,8050,8372
 Total,369,9442,9811
NotApp :,69,*,*
AREA # 090601,Yame`thin,*,*
Urban/Rural,Land line phone,*,*
*,Yes,No,Total
 Urban,499,4828,5327
 Rural,737,51195,51932
 Total,1236,56023,57259
NotApp :,559,*,*
AREA # 090602,Pyawbwe,*,*
Urban/Rural,Land line phone,*,*
*,Yes,No,Total
 Urban,685,6189,6874
 Rural,1110,50879,51989
 Total,1795,57068,58863
NotApp :,497,*,*
AREA # 090701,Meiktila,*,*
Urban/Rural,Land line phone,*,*
*,Yes,No,Total
 Urban,2199,21764,23963
 Rural,1017,43459,44476
 Total,3216,65223,68439
NotApp :,998,*,*
AREA # 090702,MahlYaing,*,*
Urban/Rural,Land line phone,*,*
*,Yes,No,Total
 Urban,370,2741,3111
 Rural,1603,28613,30216
 Total,1973,31354,33327
NotApp :,382,*,*
AREA # 090703,Thazi,*,*
Urban/Rural,Land line phone,*,*
*,Yes,No,Total
 Urban,496,4224,4720
 Rural,881,39291,40172
 Total,1377,43515,44892
NotApp :,484,*,*
AREA # 090704,Wundwin,*,*
Urban/Rural,Land line phone,*,*
*,Yes,No,Total
 Urban,511,6789,7300
 Rural,1668,44601,46269
 Total,2179,51390,53569
NotApp :,474,*,*
AREA # 100101,Mawlamyine,*,*
Urban/Rural,Land line phone,*,*
*,Yes,No,Total
 Urban,3553,46181,49734
 Rural,179,7544,7723
 Total,3732,53725,57457
NotApp :,954,*,*
AREA # 100102,Kyaikemaraw,*,*
Urban/Rural,Land line phone,*,*
*,Yes,No,Total
 Urban,121,2055,2176
 Rural,1581,35131,36712
 Total,1702,37186,38888
NotApp :,478,*,*
AREA # 100103,Chaungzon,*,*
Urban/Rural,Land line phone,*,*
*,Yes,No,Total
 Urban,176,1568,1744
 Rural,1159,25041,26200
 Total,1335,26609,27944
NotApp :,292,*,*
AREA # 100104,Thanbyuzayat,*,*
Urban/Rural,Land line phone,*,*
*,Yes,No,Total
 Urban,1047,10668,11715
 Rural,944,23575,24519
 Total,1991,34243,36234
NotApp :,470,*,*
AREA # 100105,Mudon,*,*
Urban/Rural,Land line phone,*,*
*,Yes,No,Total
 Urban,833,9959,10792
 Rural,872,27648,28520
 Total,1705,37607,39312
NotApp :,541,*,*
AREA # 100106,Ye,*,*
Urban/Rural,Land line phone,*,*
*,Yes,No,Total
 Urban,507,5606,6113
 Rural,659,23219,23878
 Total,1166,28825,29991
NotApp :,508,*,*
AREA # 100151,Lamine,*,*
Urban/Rural,Land line phone,*,*
*,Yes,No,Total
 Urban,144,2823,2967
 Rural,587,15085,15672
 Total,731,17908,18639
NotApp :,149,*,*
AREA # 100152,Khawzar,*,*
Urban/Rural,Land line phone,*,*
*,Yes,No,Total
 Urban,124,654,778
 Rural,131,3909,4040
 Total,255,4563,4818
NotApp :,70,*,*
AREA # 100201,Thaton,*,*
Urban/Rural,Land line phone,*,*
*,Yes,No,Total
 Urban,723,9983,10706
 Rural,1279,36299,37578
 Total,2002,46282,48284
NotApp :,603,*,*
AREA # 100202,Paung,*,*
Urban/Rural,Land line phone,*,*
*,Yes,No,Total
 Urban,329,5573,5902
 Rural,1585,36239,37824
 Total,1914,41812,43726
NotApp :,460,*,*
AREA # 100203,Kyaikto,*,*
Urban/Rural,Land line phone,*,*
*,Yes,No,Total
 Urban,426,7090,7516
 Rural,1210,29362,30572
 Total,1636,36452,38088
NotApp :,848,*,*
AREA # 100204,Bilin,*,*
Urban/Rural,Land line phone,*,*
*,Yes,No,Total
 Urban,331,3713,4044
 Rural,899,34288,35187
 Total,1230,38001,39231
NotApp :,544,*,*
AREA # 110101,Sittway,*,*
Urban/Rural,Land line phone,*,*
*,Yes,No,Total
 Urban,1372,17534,18906
 Rural,128,10002,10130
 Total,1500,27536,29036
NotApp :,377,*,*
AREA # 110102,Ponnagyun,*,*
Urban/Rural,Land line phone,*,*
*,Yes,No,Total
 Urban,48,2418,2466
 Rural,473,22396,22869
 Total,521,24814,25335
NotApp :,246,*,*
AREA # 110103,Pauktaw,*,*
Urban/Rural,Land line phone,*,*
*,Yes,No,Total
 Urban,74,2396,2470
 Rural,521,27553,28074
 Total,595,29949,30544
NotApp :,349,*,*
AREA # 110104,Yethedaung,*,*
Urban/Rural,Land line phone,*,*
*,Yes,No,Total
 Urban,15,1495,1510
 Rural,979,21852,22831
 Total,994,23347,24341
NotApp :,255,*,*
AREA # 110201,Myauk U,*,*
Urban/Rural,Land line phone,*,*
*,Yes,No,Total
 Urban,281,6993,7274
 Rural,723,33528,34251
 Total,1004,40521,41525
NotApp :,517,*,*
AREA # 110202,Kyauktaw,*,*
Urban/Rural,Land line phone,*,*
*,Yes,No,Total
 Urban,222,3617,3839
 Rural,753,31903,32656
 Total,975,35520,36495
NotApp :,327,*,*
AREA # 110203,Minbya,*,*
Urban/Rural,Land line phone,*,*
*,Yes,No,Total
 Urban,185,4430,4615
 Rural,558,31455,32013
 Total,743,35885,36628
NotApp :,359,*,*
AREA # 110204,Myebon,*,*
Urban/Rural,Land line phone,*,*
*,Yes,No,Total
 Urban,30,2588,2618
 Rural,539,28182,28721
 Total,569,30770,31339
NotApp :,244,*,*
AREA # 110301,Maungtaw,*,*
Urban/Rural,Land line phone,*,*
*,Yes,No,Total
 Urban,131,2183,2314
 Rural,138,4938,5076
 Total,269,7121,7390
NotApp :,142,*,*
AREA # 110302,Buthidaung,*,*
Urban/Rural,Land line phone,*,*
*,Yes,No,Total
 Urban,45,2017,2062
 Rural,214,8988,9202
 Total,259,11005,11264
NotApp :,178,*,*
AREA # 110351,Taungpyoletwe(ST),*,*
Urban/Rural,Land line phone,*,*
*,Yes,No,Total
 Urban,5,153,158
 Rural,2,346,348
 Total,7,499,506
NotApp :,17,*,*
AREA # 110401,Kyaukpyu,*,*
Urban/Rural,Land line phone,*,*
*,Yes,No,Total
 Urban,432,3822,4254
 Rural,498,32512,33010
 Total,930,36334,37264
NotApp :,491,*,*
AREA # 110402,Mannaung,*,*
Urban/Rural,Land line phone,*,*
*,Yes,No,Total
 Urban,16,1290,1306
 Rural,315,13114,13429
 Total,331,14404,14735
NotApp :,186,*,*
AREA # 110403,Yanbye,*,*
Urban/Rural,Land line phone,*,*
*,Yes,No,Total
 Urban,46,2202,2248
 Rural,187,19983,20170
 Total,233,22185,22418
NotApp :,325,*,*
AREA # 110404,An,*,*
Urban/Rural,Land line phone,*,*
*,Yes,No,Total
 Urban,51,1827,1878
 Rural,825,24656,25481
 Total,876,26483,27359
NotApp :,324,*,*
AREA # 110501,Thandwe,*,*
Urban/Rural,Land line phone,*,*
*,Yes,No,Total
 Urban,392,2958,3350
 Rural,831,26894,27725
 Total,1223,29852,31075
NotApp :,580,*,*
AREA # 110502,Toungup,*,*
Urban/Rural,Land line phone,*,*
*,Yes,No,Total
 Urban,480,5698,6178
 Rural,436,18625,19061
 Total,916,24323,25239
NotApp :,343,*,*
AREA # 110503,Gwa,*,*
Urban/Rural,Land line phone,*,*
*,Yes,No,Total
 Urban,44,2444,2488
 Rural,258,8499,8757
 Total,302,10943,11245
NotApp :,115,*,*
AREA # 110551,Maei(ST),*,*
Urban/Rural,Land line phone,*,*
*,Yes,No,Total
 Urban,68,1147,1215
 Rural,253,8485,8738
 Total,321,9632,9953
NotApp :,96,*,*
AREA # 110552,Kyeintali(ST),*,*
Urban/Rural,Land line phone,*,*
*,Yes,No,Total
 Urban,69,1406,1475
 Rural,249,4357,4606
 Total,318,5763,6081
NotApp :,76,*,*
AREA # 120101,Insein,*,*
Urban/Rural,Land line phone,*,*
*,Yes,No,Total
 Urban,4760,56916,61676
 Total,4760,56916,61676
NotApp :,993,*,*
AREA # 120102,Mingaladon,*,*
Urban/Rural,Land line phone,*,*
*,Yes,No,Total
 Urban,2414,39227,41641
 Rural,748,23914,24662
 Total,3162,63141,66303
NotApp :,1749,*,*
AREA # 120103,Hmawby,*,*
Urban/Rural,Land line phone,*,*
*,Yes,No,Total
 Urban,399,5543,5942
 Rural,1178,49349,50527
 Total,1577,54892,56469
NotApp :,902,*,*
AREA # 120104,Hlegu,*,*
Urban/Rural,Land line phone,*,*
*,Yes,No,Total
 Urban,874,7875,8749
 Rural,1437,47837,49274
 Total,2311,55712,58023
NotApp :,1175,*,*
AREA # 120105,Taikkyi,*,*
Urban/Rural,Land line phone,*,*
*,Yes,No,Total
 Urban,1242,19117,20359
 Rural,1412,45228,46640
 Total,2654,64345,66999
NotApp :,614,*,*
AREA # 120106,Htantabin,*,*
Urban/Rural,Land line phone,*,*
*,Yes,No,Total
 Urban,147,1909,2056
 Rural,960,31195,32155
 Total,1107,33104,34211
NotApp :,229,*,*
AREA # 120107,Shwepyitha,*,*
Urban/Rural,Land line phone,*,*
*,Yes,No,Total
 Urban,1918,56593,58511
 Rural,239,15025,15264
 Total,2157,71618,73775
NotApp :,834,*,*
AREA # 120108,Hlinethaya,*,*
Urban/Rural,Land line phone,*,*
*,Yes,No,Total
 Urban,3203,100604,103807
 Rural,981,43923,44904
 Total,4184,144527,148711
NotApp :,1246,*,*
AREA # 120201,Thingangyun,*,*
Urban/Rural,Land line phone,*,*
*,Yes,No,Total
 Urban,5497,37823,43320
 Total,5497,37823,43320
NotApp :,265,*,*
AREA # 120202,Yankin,*,*
Urban/Rural,Land line phone,*,*
*,Yes,No,Total
 Urban,4093,10544,14637
 Total,4093,10544,14637
NotApp :,149,*,*
AREA # 120203,South Okkalapa,*,*
Urban/Rural,Land line phone,*,*
*,Yes,No,Total
 Urban,4461,28264,32725
 Total,4461,28264,32725
NotApp :,418,*,*
AREA # 120204,North Okkalapa,*,*
Urban/Rural,Land line phone,*,*
*,Yes,No,Total
 Urban,3195,61561,64756
 Total,3195,61561,64756
NotApp :,946,*,*
AREA # 120205,Thakayta,*,*
Urban/Rural,Land line phone,*,*
*,Yes,No,Total
 Urban,2254,43202,45456
 Total,2254,43202,45456
NotApp :,451,*,*
AREA # 120206,Dawbon,*,*
Urban/Rural,Land line phone,*,*
*,Yes,No,Total
 Urban,554,13855,14409
 Total,554,13855,14409
NotApp :,154,*,*
AREA # 120207,Tamway,*,*
Urban/Rural,Land line phone,*,*
*,Yes,No,Total
 Urban,7268,28092,35360
 Total,7268,28092,35360
NotApp :,633,*,*
AREA # 120208,Pazuntaung,*,*
Urban/Rural,Land line phone,*,*
*,Yes,No,Total
 Urban,3530,6776,10306
 Total,3530,6776,10306
NotApp :,215,*,*
AREA # 120209,Botahtaung,*,*
Urban/Rural,Land line phone,*,*
*,Yes,No,Total
 Urban,2728,5669,8397
 Total,2728,5669,8397
NotApp :,295,*,*
AREA # 120210,Dagon Myothit(South),*,*
Urban/Rural,Land line phone,*,*
*,Yes,No,Total
 Urban,2592,74392,76984
 Total,2592,74392,76984
NotApp :,751,*,*
AREA # 120211,Dagon Myothit(North),*,*
Urban/Rural,Land line phone,*,*
*,Yes,No,Total
 Urban,3789,38915,42704
 Total,3789,38915,42704
NotApp :,126,*,*
AREA # 120212,Dagon Myothit(East),*,*
Urban/Rural,Land line phone,*,*
*,Yes,No,Total
 Urban,699,31196,31895
 Rural,47,1971,2018
 Total,746,33167,33913
NotApp :,814,*,*
AREA # 120213,Dagon Myothit(Seik),*,*
Urban/Rural,Land line phone,*,*
*,Yes,No,Total
 Urban,684,33488,34172
 Rural,98,3635,3733
 Total,782,37123,37905
NotApp :,383,*,*
AREA # 120214,Mingala Taungnyunt,*,*
Urban/Rural,Land line phone,*,*
*,Yes,No,Total
 Urban,5029,20889,25918
 Total,5029,20889,25918
NotApp :,325,*,*
AREA # 120301,Thanlyin,*,*
Urban/Rural,Land line phone,*,*
*,Yes,No,Total
 Urban,1341,17368,18709
 Rural,1065,41823,42888
 Total,2406,59191,61597
NotApp :,594,*,*
AREA # 120302,Kyauktan,*,*
Urban/Rural,Land line phone,*,*
*,Yes,No,Total
 Urban,637,9227,9864
 Rural,874,22238,23112
 Total,1511,31465,32976
NotApp :,324,*,*
AREA # 120303,Thongwa,*,*
Urban/Rural,Land line phone,*,*
*,Yes,No,Total
 Urban,741,6015,6756
 Rural,1513,31818,33331
 Total,2254,37833,40087
NotApp :,287,*,*
AREA # 120304,Khayan,*,*
Urban/Rural,Land line phone,*,*
*,Yes,No,Total
 Urban,739,7139,7878
 Rural,1267,30169,31436
 Total,2006,37308,39314
NotApp :,203,*,*
AREA # 120305,Twantay,*,*
Urban/Rural,Land line phone,*,*
*,Yes,No,Total
 Urban,750,8447,9197
 Rural,1990,40415,42405
 Total,2740,48862,51602
NotApp :,365,*,*
AREA # 120306,Kawhmu,*,*
Urban/Rural,Land line phone,*,*
*,Yes,No,Total
 Urban,171,2060,2231
 Rural,1128,26433,27561
 Total,1299,28493,29792
NotApp :,220,*,*
AREA # 120307,Kungyangon,*,*
Urban/Rural,Land line phone,*,*
*,Yes,No,Total
 Urban,465,3493,3958
 Rural,936,23458,24394
 Total,1401,26951,28352
NotApp :,207,*,*
AREA # 120308,Dala,*,*
Urban/Rural,Land line phone,*,*
*,Yes,No,Total
 Urban,703,24628,25331
 Rural,283,12298,12581
 Total,986,36926,37912
NotApp :,211,*,*
AREA # 120309,Seikkyi/Khanaungto,*,*
Urban/Rural,Land line phone,*,*
*,Yes,No,Total
 Urban,388,7341,7729
 Total,388,7341,7729
NotApp :,39,*,*
AREA # 120310,Cocogyun,*,*
Urban/Rural,Land line phone,*,*
*,Yes,No,Total
 Urban,2,349,351
 Total,2,349,351
NotApp :,8,*,*
AREA # 120351,Tada(ST),*,*
Urban/Rural,Land line phone,*,*
*,Yes,No,Total
 Urban,381,2109,2490
 Rural,50,6953,7003
 Total,431,9062,9493
NotApp :,57,*,*
AREA # 120401,Kyauktada,*,*
Urban/Rural,Land line phone,*,*
*,Yes,No,Total
 Urban,3027,3093,6120
 Total,3027,3093,6120
NotApp :,412,*,*
AREA # 120402,Pabedan,*,*
Urban/Rural,Land line phone,*,*
*,Yes,No,Total
 Urban,3195,3368,6563
 Total,3195,3368,6563
NotApp :,145,*,*
AREA # 120403,Lanmadaw,*,*
Urban/Rural,Land line phone,*,*
*,Yes,No,Total
 Urban,4213,4386,8599
 Total,4213,4386,8599
NotApp :,607,*,*
AREA # 120404,Latha,*,*
Urban/Rural,Land line phone,*,*
*,Yes,No,Total
 Urban,2239,2234,4473
 Total,2239,2234,4473
NotApp :,510,*,*
AREA # 120405,Ahlon,*,*
Urban/Rural,Land line phone,*,*
*,Yes,No,Total
 Urban,2659,8284,10943
 Total,2659,8284,10943
NotApp :,503,*,*
AREA # 120406,Kyimyindine,*,*
Urban/Rural,Land line phone,*,*
*,Yes,No,Total
 Urban,2958,20104,23062
 Total,2958,20104,23062
NotApp :,182,*,*
AREA # 120407,Sangyoung,*,*
Urban/Rural,Land line phone,*,*
*,Yes,No,Total
 Urban,5570,15065,20635
 Total,5570,15065,20635
NotApp :,1228,*,*
AREA # 120408,Hline,*,*
Urban/Rural,Land line phone,*,*
*,Yes,No,Total
 Urban,5892,26945,32837
 Total,5892,26945,32837
NotApp :,851,*,*
AREA # 120409,Kamayut,*,*
Urban/Rural,Land line phone,*,*
*,Yes,No,Total
 Urban,4029,12270,16299
 Total,4029,12270,16299
NotApp :,1002,*,*
AREA # 120410,Mayangon,*,*
Urban/Rural,Land line phone,*,*
*,Yes,No,Total
 Urban,6026,32781,38807
 Total,6026,32781,38807
NotApp :,891,*,*
AREA # 120411,Dagon,*,*
Urban/Rural,Land line phone,*,*
*,Yes,No,Total
 Urban,1779,2829,4608
 Total,1779,2829,4608
NotApp :,176,*,*
AREA # 120412,Bahan,*,*
Urban/Rural,Land line phone,*,*
*,Yes,No,Total
 Urban,4628,12798,17426
 Total,4628,12798,17426
NotApp :,1076,*,*
AREA # 120413,Seikkan,*,*
Urban/Rural,Land line phone,*,*
*,Yes,No,Total
 Urban,14,396,410
 Total,14,396,410
NotApp :,67,*,*
AREA # 130101,Taunggyi,*,*
Urban/Rural,Land line phone,*,*
*,Yes,No,Total
 Urban,6475,50173,56648
 Rural,261,25695,25956
 Total,6736,75868,82604
NotApp :,922,*,*
AREA # 130102,Nyaungshwe,*,*
Urban/Rural,Land line phone,*,*
*,Yes,No,Total
 Urban,452,2607,3059
 Rural,358,39217,39575
 Total,810,41824,42634
NotApp :,550,*,*
AREA # 130103,Hopon,*,*
Urban/Rural,Land line phone,*,*
*,Yes,No,Total
 Urban,391,4145,4536
 Rural,408,19784,20192
 Total,799,23929,24728
NotApp :,246,*,*
AREA # 130104,Hsihseng,*,*
Urban/Rural,Land line phone,*,*
*,Yes,No,Total
 Urban,199,2450,2649
 Rural,843,29279,30122
 Total,1042,31729,32771
NotApp :,323,*,*
AREA # 130105,Kalaw,*,*
Urban/Rural,Land line phone,*,*
*,Yes,No,Total
 Urban,1173,11425,12598
 Rural,566,28177,28743
 Total,1739,39602,41341
NotApp :,409,*,*
AREA # 130106,Pindaya,*,*
Urban/Rural,Land line phone,*,*
*,Yes,No,Total
 Urban,270,1989,2259
 Rural,78,15207,15285
 Total,348,17196,17544
NotApp :,214,*,*
AREA # 130107,Ywarngan,*,*
Urban/Rural,Land line phone,*,*
*,Yes,No,Total
 Urban,14,1141,1155
 Rural,205,16988,17193
 Total,219,18129,18348
NotApp :,248,*,*
AREA # 130108,Yatsauk,*,*
Urban/Rural,Land line phone,*,*
*,Yes,No,Total
 Urban,579,5098,5677
 Rural,239,20041,20280
 Total,818,25139,25957
NotApp :,294,*,*
AREA # 130109,Pinlaung,*,*
Urban/Rural,Land line phone,*,*
*,Yes,No,Total
 Urban,409,2361,2770
 Rural,319,22415,22734
 Total,728,24776,25504
NotApp :,214,*,*
AREA # 130110,Phekon,*,*
Urban/Rural,Land line phone,*,*
*,Yes,No,Total
 Urban,384,3047,3431
 Rural,416,16237,16653
 Total,800,19284,20084
NotApp :,187,*,*
AREA # 130151,Kyauktalongyi(ST),*,*
Urban/Rural,Land line phone,*,*
*,Yes,No,Total
 Urban,37,565,602
 Rural,208,11455,11663
 Total,245,12020,12265
NotApp :,78,*,*
AREA # 130152,Indaw(ST),*,*
Urban/Rural,Land line phone,*,*
*,Yes,No,Total
 Urban,20,1816,1836
 Rural,63,6251,6314
 Total,83,8067,8150
NotApp :,120,*,*
AREA # 130153,Naungtayar(ST),*,*
Urban/Rural,Land line phone,*,*
*,Yes,No,Total
 Urban,10,969,979
 Rural,241,15359,15600
 Total,251,16328,16579
NotApp :,149,*,*
AREA # 130201,Loilem,*,*
Urban/Rural,Land line phone,*,*
*,Yes,No,Total
 Urban,168,2685,2853
 Rural,68,7980,8048
 Total,236,10665,10901
NotApp :,112,*,*
AREA # 130202,Le`char,*,*
Urban/Rural,Land line phone,*,*
*,Yes,No,Total
 Urban,350,980,1330
 Rural,226,7234,7460
 Total,576,8214,8790
NotApp :,101,*,*
AREA # 130203,Nanhsam(South),*,*
Urban/Rural,Land line phone,*,*
*,Yes,No,Total
 Urban,561,4280,4841
 Rural,148,13874,14022
 Total,709,18154,18863
NotApp :,264,*,*
AREA # 130204,Kunhing,*,*
Urban/Rural,Land line phone,*,*
*,Yes,No,Total
 Urban,268,1274,1542
 Rural,66,2962,3028
 Total,334,4236,4570
NotApp :,122,*,*
AREA # 130205,Kehsi,*,*
Urban/Rural,Land line phone,*,*
*,Yes,No,Total
 Urban,18,824,842
 Rural,181,7878,8059
 Total,199,8702,8901
NotApp :,109,*,*
AREA # 130206,Mongkai,*,*
Urban/Rural,Land line phone,*,*
*,Yes,No,Total
 Urban,28,2191,2219
 Rural,70,14043,14113
 Total,98,16234,16332
NotApp :,213,*,*
AREA # 130207,Mineshu,*,*
Urban/Rural,Land line phone,*,*
*,Yes,No,Total
 Urban,30,2053,2083
 Rural,77,7041,7118
 Total,107,9094,9201
NotApp :,161,*,*
AREA # 130251,Panglong(ST),*,*
Urban/Rural,Land line phone,*,*
*,Yes,No,Total
 Urban,296,4928,5224
 Rural,59,9233,9292
 Total,355,14161,14516
NotApp :,104,*,*
AREA # 130252,Kholan(ST),*,*
Urban/Rural,Land line phone,*,*
*,Yes,No,Total
 Urban,77,1671,1748
 Rural,44,2572,2616
 Total,121,4243,4364
NotApp :,145,*,*
AREA # 130253,Karli(ST),*,*
Urban/Rural,Land line phone,*,*
*,Yes,No,Total
 Urban,61,1604,1665
 Rural,66,4836,4902
 Total,127,6440,6567
NotApp :,80,*,*
AREA # 130254,Minenaung(ST),*,*
Urban/Rural,Land line phone,*,*
*,Yes,No,Total
 Urban,40,712,752
 Rural,115,4944,5059
 Total,155,5656,5811
NotApp :,69,*,*
AREA # 130255,Minesan(Monsan)(ST),*,*
Urban/Rural,Land line phone,*,*
*,Yes,No,Total
 Urban,8,499,507
 Rural,45,6114,6159
 Total,53,6613,6666
NotApp :,259,*,*
AREA # 130301,Linkhe`,*,*
Urban/Rural,Land line phone,*,*
*,Yes,No,Total
 Urban,157,1561,1718
 Rural,467,6203,6670
 Total,624,7764,8388
NotApp :,100,*,*
AREA # 130302,Mone`,*,*
Urban/Rural,Land line phone,*,*
*,Yes,No,Total
 Urban,12,2091,2103
 Rural,20,4101,4121
 Total,32,6192,6224
NotApp :,66,*,*
AREA # 130303,Maukme`,*,*
Urban/Rural,Land line phone,*,*
*,Yes,No,Total
 Urban,6,1186,1192
 Rural,14,5988,6002
 Total,20,7174,7194
NotApp :,191,*,*
AREA # 130304,Minepan,*,*
Urban/Rural,Land line phone,*,*
*,Yes,No,Total
 Urban,23,1936,1959
 Rural,94,3368,3462
 Total,117,5304,5421
NotApp :,165,*,*
AREA # 130351,Homane(ST),*,*
Urban/Rural,Land line phone,*,*
*,Yes,No,Total
 Urban,35,639,674
 Rural,4,482,486
 Total,39,1121,1160
NotApp :,17,*,*
AREA # 130352,Kengtaung(ST),*,*
Urban/Rural,Land line phone,*,*
*,Yes,No,Total
 Urban,24,2073,2097
 Rural,-,164,164
 Total,24,2237,2261
NotApp :,46,*,*
AREA # 130401,Lashio,*,*
Urban/Rural,Land line phone,*,*
*,Yes,No,Total
 Urban,3614,30485,34099
 Rural,716,30117,30833
 Total,4330,60602,64932
NotApp :,881,*,*
AREA # 130402,Theinni,*,*
Urban/Rural,Land line phone,*,*
*,Yes,No,Total
 Urban,300,1623,1923
 Rural,228,9628,9856
 Total,528,11251,11779
NotApp :,116,*,*
AREA # 130403,Mineye`,*,*
Urban/Rural,Land line phone,*,*
*,Yes,No,Total
 Urban,20,1450,1470
 Rural,251,11607,11858
 Total,271,13057,13328
NotApp :,139,*,*
AREA # 130404,Tantyan,*,*
Urban/Rural,Land line phone,*,*
*,Yes,No,Total
 Urban,365,6443,6808
 Rural,429,27905,28334
 Total,794,34348,35142
NotApp :,291,*,*
AREA # 130501,MuSe,*,*
Urban/Rural,Land line phone,*,*
*,Yes,No,Total
 Urban,1930,11404,13334
 Rural,1170,7710,8880
 Total,3100,19114,22214
NotApp :,873,*,*
AREA # 130502,Namkham,*,*
Urban/Rural,Land line phone,*,*
*,Yes,No,Total
 Urban,941,5191,6132
 Rural,1025,14260,15285
 Total,1966,19451,21417
NotApp :,200,*,*
AREA # 130503,Kukai,*,*
Urban/Rural,Land line phone,*,*
*,Yes,No,Total
 Urban,557,4126,4683
 Rural,640,13708,14348
 Total,1197,17834,19031
NotApp :,175,*,*
AREA # 130551,Monekoe(ST),*,*
Urban/Rural,Land line phone,*,*
*,Yes,No,Total
 Urban,20,1449,1469
 Rural,191,2698,2889
 Total,211,4147,4358
NotApp :,29,*,*
AREA # 130552,Manhero(ST),*,*
Urban/Rural,Land line phone,*,*
*,Yes,No,Total
 Urban,10,336,346
 Rural,65,1232,1297
 Total,75,1568,1643
NotApp :,30,*,*
AREA # 130553,Pansai(KyuKute)(ST),*,*
Urban/Rural,Land line phone,*,*
*,Yes,No,Total
 Urban,133,1635,1768
 Rural,537,2238,2775
 Total,670,3873,4543
NotApp :,51,*,*
AREA # 130554,Tamoenye(ST),*,*
Urban/Rural,Land line phone,*,*
*,Yes,No,Total
 Urban,484,2003,2487
 Rural,615,9947,10562
 Total,1099,11950,13049
NotApp :,45,*,*
AREA # 130601,Kyukme,*,*
Urban/Rural,Land line phone,*,*
*,Yes,No,Total
 Urban,757,7896,8653
 Rural,366,19352,19718
 Total,1123,27248,28371
NotApp :,367,*,*
AREA # 130602,Naungkhio,*,*
Urban/Rural,Land line phone,*,*
*,Yes,No,Total
 Urban,338,3833,4171
 Rural,901,27152,28053
 Total,1239,30985,32224
NotApp :,365,*,*
AREA # 130603,Hsipaw,*,*
Urban/Rural,Land line phone,*,*
*,Yes,No,Total
 Urban,404,3605,4009
 Rural,821,33076,33897
 Total,1225,36681,37906
NotApp :,454,*,*
AREA # 130604,Namtu,*,*
Urban/Rural,Land line phone,*,*
*,Yes,No,Total
 Urban,238,3019,3257
 Rural,172,8212,8384
 Total,410,11231,11641
NotApp :,153,*,*
AREA # 130605,Namsan(North),*,*
Urban/Rural,Land line phone,*,*
*,Yes,No,Total
 Urban,129,806,935
 Rural,187,12563,12750
 Total,316,13369,13685
NotApp :,265,*,*
AREA # 130606,Momeik,*,*
Urban/Rural,Land line phone,*,*
*,Yes,No,Total
 Urban,181,2052,2233
 Rural,301,11118,11419
 Total,482,13170,13652
NotApp :,177,*,*
AREA # 130607,Mabane,*,*
Urban/Rural,Land line phone,*,*
*,Yes,No,Total
 Urban,21,693,714
 Rural,607,7311,7918
 Total,628,8004,8632
NotApp :,266,*,*
AREA # 130608,Manton,*,*
Urban/Rural,Land line phone,*,*
*,Yes,No,Total
 Urban,9,770,779
 Rural,53,6851,6904
 Total,62,7621,7683
NotApp :,136,*,*
AREA # 130651,Minengaw(ST),*,*
Urban/Rural,Land line phone,*,*
*,Yes,No,Total
 Urban,22,591,613
 Rural,38,3378,3416
 Total,60,3969,4029
NotApp :,98,*,*
AREA # 130652,Minelon(ST),*,*
Urban/Rural,Land line phone,*,*
*,Yes,No,Total
 Urban,8,578,586
 Rural,55,5215,5270
 Total,63,5793,5856
NotApp :,201,*,*
AREA # 130701,Kunlon,*,*
Urban/Rural,Land line phone,*,*
*,Yes,No,Total
 Urban,525,633,1158
 Rural,1361,7873,9234
 Total,1886,8506,10392
NotApp :,158,*,*
AREA # 130801,Laukine,*,*
Urban/Rural,Land line phone,*,*
*,Yes,No,Total
 Urban,329,2612,2941
 Rural,1583,9707,11290
 Total,1912,12319,14231
NotApp :,557,*,*
AREA # 130802,Kongyan,*,*
Urban/Rural,Land line phone,*,*
*,Yes,No,Total
 Urban,91,103,194
 Rural,834,4434,5268
 Total,925,4537,5462
NotApp :,14,*,*
AREA # 130851,Chinshwehaw(ST),*,*
Urban/Rural,Land line phone,*,*
*,Yes,No,Total
 Urban,63,556,619
 Rural,53,278,331
 Total,116,834,950
NotApp :,28,*,*
AREA # 130852,Mawhtike(ST),*,*
Urban/Rural,Land line phone,*,*
*,Yes,No,Total
 Urban,3,82,85
 Rural,79,4039,4118
 Total,82,4121,4203
NotApp :,14,*,*
AREA # 130901,Hopan,*,*
Urban/Rural,Land line phone,*,*
*,Yes,No,Total
 Urban,261,3117,3378
 Rural,559,6094,6653
 Total,820,9211,10031
NotApp :,72,*,*
AREA # 130902,Minemaw,*,*
Urban/Rural,Land line phone,*,*
*,Yes,No,Total
 Urban,215,638,853
 Rural,678,8914,9592
 Total,893,9552,10445
NotApp :,71,*,*
AREA # 130903,Panwine,*,*
Urban/Rural,Land line phone,*,*
*,Yes,No,Total
 Urban,44,425,469
 Rural,361,13139,13500
 Total,405,13564,13969
NotApp :,8,*,*
AREA # 130952,Panlon(ST),*,*
Urban/Rural,Land line phone,*,*
*,Yes,No,Total
 Urban,193,468,661
 Rural,46,478,524
 Total,239,946,1185
NotApp :,26,*,*
AREA # 131001,Makman,*,*
Urban/Rural,Land line phone,*,*
*,Yes,No,Total
 Urban,1,66,67
 Rural,27,3224,3251
 Total,28,3290,3318
NotApp :,55,*,*
AREA # 131002,Pan San(Pan Kham),*,*
Urban/Rural,Land line phone,*,*
*,Yes,No,Total
 Urban,445,1577,2022
 Rural,565,13555,14120
 Total,1010,15132,16142
NotApp :,744,*,*
AREA # 131003,Naphang,*,*
Urban/Rural,Land line phone,*,*
*,Yes,No,Total
 Urban,25,130,155
 Rural,670,15649,16319
 Total,695,15779,16474
NotApp :,40,*,*
AREA # 131051,ManKan(ST),*,*
Urban/Rural,Land line phone,*,*
*,Yes,No,Total
 Urban,2,79,81
 Rural,-,234,234
 Total,2,313,315
NotApp :,19,*,*
AREA # 131101,Kengtung,*,*
Urban/Rural,Land line phone,*,*
*,Yes,No,Total
 Urban,1725,7377,9102
 Rural,430,24564,24994
 Total,2155,31941,34096
NotApp :,512,*,*
AREA # 131102,Minekat,*,*
Urban/Rural,Land line phone,*,*
*,Yes,No,Total
 Urban,13,545,558
 Rural,220,7247,7467
 Total,233,7792,8025
NotApp :,133,*,*
AREA # 131103,Mineyan,*,*
Urban/Rural,Land line phone,*,*
*,Yes,No,Total
 Urban,15,974,989
 Rural,1138,7992,9130
 Total,1153,8966,10119
NotApp :,153,*,*
AREA # 131104,Minelar,*,*
Urban/Rural,Land line phone,*,*
*,Yes,No,Total
 Urban,112,1448,1560
 Rural,341,3307,3648
 Total,453,4755,5208
NotApp :,231,*,*
AREA # 131151,Mine Pauk(ST),*,*
Urban/Rural,Land line phone,*,*
*,Yes,No,Total
 Rural,352,8933,9285
 Total,352,8933,9285
NotApp :,65,*,*
AREA # 131201,Minesat,*,*
Urban/Rural,Land line phone,*,*
*,Yes,No,Total
 Urban,231,1330,1561
 Rural,318,14030,14348
 Total,549,15360,15909
NotApp :,313,*,*
AREA # 131202,Minepyin,*,*
Urban/Rural,Land line phone,*,*
*,Yes,No,Total
 Urban,209,1124,1333
 Rural,52,9220,9272
 Total,261,10344,10605
NotApp :,144,*,*
AREA # 131203,Minetung,*,*
Urban/Rural,Land line phone,*,*
*,Yes,No,Total
 Urban,29,1090,1119
 Rural,78,3061,3139
 Total,107,4151,4258
NotApp :,57,*,*
AREA # 131251,Minekoke(ST),*,*
Urban/Rural,Land line phone,*,*
*,Yes,No,Total
 Urban,4,280,284
 Rural,41,2877,2918
 Total,45,3157,3202
NotApp :,77,*,*
AREA # 131252,Tontar(ST),*,*
Urban/Rural,Land line phone,*,*
*,Yes,No,Total
 Urban,3,424,427
 Rural,13,2254,2267
 Total,16,2678,2694
NotApp :,33,*,*
AREA # 131253,Ponparkyin(ST),*,*
Urban/Rural,Land line phone,*,*
*,Yes,No,Total
 Urban,38,683,721
 Rural,238,6375,6613
 Total,276,7058,7334
NotApp :,83,*,*
AREA # 131254,Monehta(ST),*,*
Urban/Rural,Land line phone,*,*
*,Yes,No,Total
 Urban,1,90,91
 Rural,5,833,838
 Total,6,923,929
NotApp :,3,*,*
AREA # 131301,Tachileik,*,*
Urban/Rural,Land line phone,*,*
*,Yes,No,Total
 Urban,1412,9682,11094
 Rural,451,19634,20085
 Total,1863,29316,31179
NotApp :,515,*,*
AREA # 131351,Talay(ST),*,*
Urban/Rural,Land line phone,*,*
*,Yes,No,Total
 Urban,49,824,873
 Rural,147,2998,3145
 Total,196,3822,4018
NotApp :,85,*,*
AREA # 131352,Kenglat(ST),*,*
Urban/Rural,Land line phone,*,*
*,Yes,No,Total
 Urban,58,704,762
 Rural,93,1621,1714
 Total,151,2325,2476
NotApp :,39,*,*
AREA # 131401,Minephyat,*,*
Urban/Rural,Land line phone,*,*
*,Yes,No,Total
 Urban,191,1132,1323
 Rural,71,4771,4842
 Total,262,5903,6165
NotApp :,161,*,*
AREA # 131402,Mineyaung,*,*
Urban/Rural,Land line phone,*,*
*,Yes,No,Total
 Urban,130,1060,1190
 Rural,642,4497,5139
 Total,772,5557,6329
NotApp :,131,*,*
AREA # 131451,Mineyu(ST),*,*
Urban/Rural,Land line phone,*,*
*,Yes,No,Total
 Urban,10,221,231
 Rural,789,9847,10636
 Total,799,10068,10867
NotApp :,165,*,*
AREA # 140101,Kangyidaunt,*,*
Urban/Rural,Land line phone,*,*
*,Yes,No,Total
 Urban,135,2539,2674
 Rural,1193,39099,40292
 Total,1328,41638,42966
NotApp :,345,*,*
AREA # 140102,Kyaungon,*,*
Urban/Rural,Land line phone,*,*
*,Yes,No,Total
 Urban,286,3664,3950
 Rural,821,36631,37452
 Total,1107,40295,41402
NotApp :,278,*,*
AREA # 140103,Kyonpyaw,*,*
Urban/Rural,Land line phone,*,*
*,Yes,No,Total
 Urban,563,5436,5999
 Rural,2794,50695,53489
 Total,3357,56131,59488
NotApp :,394,*,*
AREA # 140104,Ngaputaw,*,*
Urban/Rural,Land line phone,*,*
*,Yes,No,Total
 Urban,158,2383,2541
 Rural,1981,32854,34835
 Total,2139,35237,37376
NotApp :,231,*,*
AREA # 140105,Pathein,*,*
Urban/Rural,Land line phone,*,*
*,Yes,No,Total
 Urban,2985,34456,37441
 Rural,735,27860,28595
 Total,3720,62316,66036
NotApp :,851,*,*
AREA # 140106,Yekyi,*,*
Urban/Rural,Land line phone,*,*
*,Yes,No,Total
 Urban,320,2446,2766
 Rural,1104,23932,25036
 Total,1424,26378,27802
NotApp :,199,*,*
AREA # 140107,Thapaung,*,*
Urban/Rural,Land line phone,*,*
*,Yes,No,Total
 Urban,93,1647,1740
 Rural,714,34783,35497
 Total,807,36430,37237
NotApp :,376,*,*
AREA # 140151,Ngayokaung(ST),*,*
Urban/Rural,Land line phone,*,*
*,Yes,No,Total
 Urban,5,828,833
 Rural,196,9172,9368
 Total,201,10000,10201
NotApp :,68,*,*
AREA # 140152,Hainggyikyun(ST),*,*
Urban/Rural,Land line phone,*,*
*,Yes,No,Total
 Urban,30,3519,3549
 Rural,569,24957,25526
 Total,599,28476,29075
NotApp :,204,*,*
AREA # 140153,Shwethaungyan(ST),*,*
Urban/Rural,Land line phone,*,*
*,Yes,No,Total
 Urban,4,815,819
 Rural,263,9099,9362
 Total,267,9914,10181
NotApp :,202,*,*
AREA # 140154,Ngwehsaung(ST),*,*
Urban/Rural,Land line phone,*,*
*,Yes,No,Total
 Urban,100,2575,2675
 Rural,142,6653,6795
 Total,242,9228,9470
NotApp :,180,*,*
AREA # 140155,Ngathaingchaung(ST),*,*
Urban/Rural,Land line phone,*,*
*,Yes,No,Total
 Urban,452,4145,4597
 Rural,1159,17157,18316
 Total,1611,21302,22913
NotApp :,199,*,*
AREA # 140201,Kyaiklatt,*,*
Urban/Rural,Land line phone,*,*
*,Yes,No,Total
 Urban,429,4988,5417
 Rural,2188,36143,38331
 Total,2617,41131,43748
NotApp :,526,*,*
AREA # 140202,Daydaye,*,*
Urban/Rural,Land line phone,*,*
*,Yes,No,Total
 Urban,315,3251,3566
 Rural,2294,42750,45044
 Total,2609,46001,48610
NotApp :,479,*,*
AREA # 140203,Phyapon,*,*
Urban/Rural,Land line phone,*,*
*,Yes,No,Total
 Urban,945,9109,10054
 Rural,1556,30020,31576
 Total,2501,39129,41630
NotApp :,366,*,*
AREA # 140204,Bogale,*,*
Urban/Rural,Land line phone,*,*
*,Yes,No,Total
 Urban,645,9470,10115
 Rural,2750,63122,65872
 Total,3395,72592,75987
NotApp :,607,*,*
AREA # 140251,Ahmar(ST),*,*
Urban/Rural,Land line phone,*,*
*,Yes,No,Total
 Urban,17,760,777
 Rural,696,26313,27009
 Total,713,27073,27786
NotApp :,383,*,*
AREA # 140301,Nyaungdon,*,*
Urban/Rural,Land line phone,*,*
*,Yes,No,Total
 Urban,494,5406,5900
 Rural,1525,43776,45301
 Total,2019,49182,51201
NotApp :,457,*,*
AREA # 140302,Danubyu,*,*
Urban/Rural,Land line phone,*,*
*,Yes,No,Total
 Urban,301,4879,5180
 Rural,1555,38062,39617
 Total,1856,42941,44797
NotApp :,310,*,*
AREA # 140303,Pantanaw,*,*
Urban/Rural,Land line phone,*,*
*,Yes,No,Total
 Urban,528,3764,4292
 Rural,3657,52328,55985
 Total,4185,56092,60277
NotApp :,434,*,*
AREA # 140304,Maubin,*,*
Urban/Rural,Land line phone,*,*
*,Yes,No,Total
 Urban,839,8298,9137
 Rural,2922,59745,62667
 Total,3761,68043,71804
NotApp :,629,*,*
AREA # 140401,Myaungmya,*,*
Urban/Rural,Land line phone,*,*
*,Yes,No,Total
 Urban,842,11671,12513
 Rural,2107,51552,53659
 Total,2949,63223,66172
NotApp :,571,*,*
AREA # 140402,Wakema,*,*
Urban/Rural,Land line phone,*,*
*,Yes,No,Total
 Urban,366,4939,5305
 Rural,2281,59862,62143
 Total,2647,64801,67448
NotApp :,575,*,*
AREA # 140403,Einme,*,*
Urban/Rural,Land line phone,*,*
*,Yes,No,Total
 Urban,443,2603,3046
 Rural,1809,41600,43409
 Total,2252,44203,46455
NotApp :,362,*,*
AREA # 140501,Mawlamyinegyun,*,*
Urban/Rural,Land line phone,*,*
*,Yes,No,Total
 Urban,535,7048,7583
 Rural,4069,63234,67303
 Total,4604,70282,74886
NotApp :,436,*,*
AREA # 140502,Labutta,*,*
Urban/Rural,Land line phone,*,*
*,Yes,No,Total
 Urban,459,6744,7203
 Rural,2089,45854,47943
 Total,2548,52598,55146
NotApp :,425,*,*
AREA # 140551,Pyinsalu(ST),*,*
Urban/Rural,Land line phone,*,*
*,Yes,No,Total
 Urban,22,479,501
 Rural,701,19235,19936
 Total,723,19714,20437
NotApp :,161,*,*
AREA # 140601,Kyangin,*,*
Urban/Rural,Land line phone,*,*
*,Yes,No,Total
 Urban,657,4649,5306
 Rural,718,20833,21551
 Total,1375,25482,26857
NotApp :,241,*,*
AREA # 140602,Zalun,*,*
Urban/Rural,Land line phone,*,*
*,Yes,No,Total
 Urban,440,4817,5257
 Rural,1472,35344,36816
 Total,1912,40161,42073
NotApp :,220,*,*
AREA # 140603,Myanaung,*,*
Urban/Rural,Land line phone,*,*
*,Yes,No,Total
 Urban,488,5561,6049
 Rural,1515,52356,53871
 Total,2003,57917,59920
NotApp :,437,*,*
AREA # 140604,Laymyethna,*,*
Urban/Rural,Land line phone,*,*
*,Yes,No,Total
 Urban,20,750,770
 Rural,704,24770,25474
 Total,724,25520,26244
NotApp :,310,*,*
AREA # 140605,Hinthada,*,*
Urban/Rural,Land line phone,*,*
*,Yes,No,Total
 Urban,1183,18646,19829
 Rural,2362,63938,66300
 Total,3545,82584,86129
NotApp :,639,*,*
AREA # 140606,Ingapu,*,*
Urban/Rural,Land line phone,*,*
*,Yes,No,Total
 Urban,464,3114,3578
 Rural,1943,51708,53651
 Total,2407,54822,57229
NotApp :,515,*,*
AREA # 150101,Tatkon,*,*
Urban/Rural,Land line phone,*,*
*,Yes,No,Total
 Urban,661,8485,9146
 Rural,619,41982,42601
 Total,1280,50467,51747
NotApp :,415,*,*
AREA # 150102,Zeyarthiri,*,*
Urban/Rural,Land line phone,*,*
*,Yes,No,Total
 Urban,485,7761,8246
 Rural,293,17536,17829
 Total,778,25297,26075
NotApp :,326,*,*
AREA # 150103,Ottarathiri,*,*
Urban/Rural,Land line phone,*,*
*,Yes,No,Total
 Urban,281,4614,4895
 Rural,157,13609,13766
 Total,438,18223,18661
NotApp :,325,*,*
AREA # 150104,Pobbathiri,*,*
Urban/Rural,Land line phone,*,*
*,Yes,No,Total
 Urban,313,9935,10248
 Rural,280,17088,17368
 Total,593,27023,27616
NotApp :,382,*,*
AREA # 150201,Pyinmana,*,*
Urban/Rural,Land line phone,*,*
*,Yes,No,Total
 Urban,2262,12194,14456
 Rural,634,24573,25207
 Total,2896,36767,39663
NotApp :,695,*,*
AREA # 150202,Lewe,*,*
Urban/Rural,Land line phone,*,*
*,Yes,No,Total
 Urban,579,5544,6123
 Rural,1532,57519,59051
 Total,2111,63063,65174
NotApp :,584,*,*
AREA # 150203,Zabuthiri,*,*
Urban/Rural,Land line phone,*,*
*,Yes,No,Total
 Urban,1831,22891,24722
 Rural,8,1590,1598
 Total,1839,24481,26320
NotApp :,869,*,*
AREA # 150204,Dekkhinathiri,*,*
Urban/Rural,Land line phone,*,*
*,Yes,No,Total
 Urban,35,873,908
 Rural,99,5990,6089
 Total,134,6863,6997
NotApp :,205,*,*
SUMMARY,*,*,*
Urban/Rural,Land line phone,*,*
*,Yes,No,Total
 Urban,285667,2763766,3049433
 Rural,238846,7589553,7828399
 Total,524513,10353319,10877832
NotApp :,137752,*,*
