Urban_Rural,Motorboat_Yes,Motorboat_No,Motorboat_Total
AREA # 010101,Myitkyina,*,*
Urban/Rural,Motorboat,*,*
*,Yes,No,Total
 Urban,258,39410,39668
 Rural,194,10721,10915
 Total,452,50131,50583
NotApp :,1258,*,*
AREA # 010102,Waingmaw,*,*
Urban/Rural,Motorboat,*,*
*,Yes,No,Total
 Urban,57,3763,3820
 Rural,179,15781,15960
 Total,236,19544,19780
NotApp :,241,*,*
AREA # 010103,Ingyanyan,*,*
Urban/Rural,Motorboat,*,*
*,Yes,No,Total
 Urban,-,78,78
 Rural,4,203,207
 Total,4,281,285
NotApp :,35,*,*
AREA # 010104,Tanaing,*,*
Urban/Rural,Motorboat,*,*
*,Yes,No,Total
 Urban,368,3326,3694
 Rural,55,2649,2704
 Total,423,5975,6398
NotApp :,303,*,*
AREA # 010105,Chiphwe,*,*
Urban/Rural,Motorboat,*,*
*,Yes,No,Total
 Urban,-,329,329
 Rural,2,1600,1602
 Total,2,1929,1931
NotApp :,11,*,*
AREA # 010106,Hsotlaw,*,*
Urban/Rural,Motorboat,*,*
*,Yes,No,Total
 Urban,-,66,66
 Rural,-,1007,1007
 Total,-,1073,1073
NotApp :,4,*,*
AREA # 010151,Hsinbo(ST),*,*
Urban/Rural,Motorboat,*,*
*,Yes,No,Total
 Urban,56,648,704
 Rural,159,1145,1304
 Total,215,1793,2008
NotApp :,80,*,*
AREA # 010152,Hsadone(ST),*,*
Urban/Rural,Motorboat,*,*
*,Yes,No,Total
 Urban,-,510,510
 Rural,-,1100,1100
 Total,-,1610,1610
NotApp :,9,*,*
AREA # 010153,Kanpaikti(ST),*,*
Urban/Rural,Motorboat,*,*
*,Yes,No,Total
 Urban,-,174,174
 Rural,-,1296,1296
 Total,-,1470,1470
NotApp :,20,*,*
AREA # 010154,Shinbwayyan(ST),*,*
Urban/Rural,Motorboat,*,*
*,Yes,No,Total
 Urban,5,1020,1025
 Rural,167,938,1105
 Total,172,1958,2130
NotApp :,15,*,*
AREA # 010155,Panwa(ST),*,*
Urban/Rural,Motorboat,*,*
*,Yes,No,Total
 Urban,-,196,196
 Rural,-,1179,1179
 Total,-,1375,1375
NotApp :,41,*,*
AREA # 010201,Mohnyin,*,*
Urban/Rural,Motorboat,*,*
*,Yes,No,Total
 Urban,2,6351,6353
 Rural,352,23485,23837
 Total,354,29836,30190
NotApp :,542,*,*
AREA # 010202,Mogaung,*,*
Urban/Rural,Motorboat,*,*
*,Yes,No,Total
 Urban,18,4430,4448
 Rural,188,20262,20450
 Total,206,24692,24898
NotApp :,208,*,*
AREA # 010203,Phakant,*,*
Urban/Rural,Motorboat,*,*
*,Yes,No,Total
 Urban,4,6852,6856
 Rural,151,26127,26278
 Total,155,32979,33134
NotApp :,1665,*,*
AREA # 010251,Hopin(ST),*,*
Urban/Rural,Motorboat,*,*
*,Yes,No,Total
 Urban,1,4540,4541
 Rural,2,4889,4891
 Total,3,9429,9432
NotApp :,114,*,*
AREA # 010252,Kamine(ST),*,*
Urban/Rural,Motorboat,*,*
*,Yes,No,Total
 Urban,31,999,1030
 Rural,13,2455,2468
 Total,44,3454,3498
NotApp :,131,*,*
AREA # 010301,Bhamo,*,*
Urban/Rural,Motorboat,*,*
*,Yes,No,Total
 Urban,305,9210,9515
 Rural,1960,12686,14646
 Total,2265,21896,24161
NotApp :,571,*,*
AREA # 010302,Shwegu,*,*
Urban/Rural,Motorboat,*,*
*,Yes,No,Total
 Urban,67,3335,3402
 Rural,1327,11099,12426
 Total,1394,14434,15828
NotApp :,336,*,*
AREA # 010303,Momauk,*,*
Urban/Rural,Motorboat,*,*
*,Yes,No,Total
 Urban,2,2088,2090
 Rural,109,6435,6544
 Total,111,8523,8634
NotApp :,144,*,*
AREA # 010304,Mansi,*,*
Urban/Rural,Motorboat,*,*
*,Yes,No,Total
 Urban,1,1617,1618
 Rural,28,8908,8936
 Total,29,10525,10554
NotApp :,82,*,*
AREA # 010351,Myohla(ST),*,*
Urban/Rural,Motorboat,*,*
*,Yes,No,Total
 Urban,68,293,361
 Rural,58,374,432
 Total,126,667,793
NotApp :,11,*,*
AREA # 010352,Lwe`ge`(ST),*,*
Urban/Rural,Motorboat,*,*
*,Yes,No,Total
 Urban,-,1225,1225
 Rural,-,278,278
 Total,-,1503,1503
NotApp :,24,*,*
AREA # 010353,Dotphoneyan(ST),*,*
Urban/Rural,Motorboat,*,*
*,Yes,No,Total
 Urban,1,310,311
 Rural,13,1909,1922
 Total,14,2219,2233
NotApp :,65,*,*
AREA # 010401,Putao,*,*
Urban/Rural,Motorboat,*,*
*,Yes,No,Total
 Urban,2,2809,2811
 Rural,20,7912,7932
 Total,22,10721,10743
NotApp :,94,*,*
AREA # 010402,Sumprabum,*,*
Urban/Rural,Motorboat,*,*
*,Yes,No,Total
 Urban,-,172,172
 Rural,1,306,307
 Total,1,478,479
NotApp :,18,*,*
AREA # 010403,Machanbaw,*,*
Urban/Rural,Motorboat,*,*
*,Yes,No,Total
 Urban,3,405,408
 Rural,10,1301,1311
 Total,13,1706,1719
NotApp :,31,*,*
AREA # 010404,Khaunglanphoo,*,*
Urban/Rural,Motorboat,*,*
*,Yes,No,Total
 Urban,-,70,70
 Rural,11,1630,1641
 Total,11,1700,1711
NotApp :,2,*,*
AREA # 010405,Naungmoon,*,*
Urban/Rural,Motorboat,*,*
*,Yes,No,Total
 Urban,-,360,360
 Rural,-,583,583
 Total,-,943,943
NotApp :,4,*,*
AREA # 010451,Pannandin(ST),*,*
Urban/Rural,Motorboat,*,*
*,Yes,No,Total
 Urban,-,24,24
 Rural,-,245,245
 Total,-,269,269
NotApp :,1,*,*
AREA # 020101,Loikaw,*,*
Urban/Rural,Motorboat,*,*
*,Yes,No,Total
 Urban,10,10412,10422
 Rural,25,16048,16073
 Total,35,26460,26495
NotApp :,304,*,*
AREA # 020102,Dimawso,*,*
Urban/Rural,Motorboat,*,*
*,Yes,No,Total
 Urban,4,1133,1137
 Rural,21,14189,14210
 Total,25,15322,15347
NotApp :,105,*,*
AREA # 020103,Phruso,*,*
Urban/Rural,Motorboat,*,*
*,Yes,No,Total
 Urban,-,853,853
 Rural,1,5056,5057
 Total,1,5909,5910
NotApp :,78,*,*
AREA # 020104,Shardaw,*,*
Urban/Rural,Motorboat,*,*
*,Yes,No,Total
 Urban,-,336,336
 Rural,1,1069,1070
 Total,1,1405,1406
NotApp :,28,*,*
AREA # 020201,Bawlakhe,*,*
Urban/Rural,Motorboat,*,*
*,Yes,No,Total
 Urban,-,839,839
 Rural,1,749,750
 Total,1,1588,1589
NotApp :,81,*,*
AREA # 020202,Parsaung,*,*
Urban/Rural,Motorboat,*,*
*,Yes,No,Total
 Urban,22,572,594
 Rural,48,4091,4139
 Total,70,4663,4733
NotApp :,302,*,*
AREA # 020203,Meisi,*,*
Urban/Rural,Motorboat,*,*
*,Yes,No,Total
 Urban,-,195,195
 Rural,-,1107,1107
 Total,-,1302,1302
NotApp :,55,*,*
AREA # 020251,Ywathit(ST),*,*
Urban/Rural,Motorboat,*,*
*,Yes,No,Total
 Urban,4,288,292
 Rural,7,193,200
 Total,11,481,492
NotApp :,30,*,*
AREA # 030101,Hpa-an,*,*
Urban/Rural,Motorboat,*,*
*,Yes,No,Total
 Urban,53,14715,14768
 Rural,2913,71516,74429
 Total,2966,86231,89197
NotApp :,1176,*,*
AREA # 030102,Hlaingbwe,*,*
Urban/Rural,Motorboat,*,*
*,Yes,No,Total
 Urban,20,2259,2279
 Rural,524,28783,29307
 Total,544,31042,31586
NotApp :,379,*,*
AREA # 030103,Thandaunggyi,*,*
Urban/Rural,Motorboat,*,*
*,Yes,No,Total
 Urban,-,3062,3062
 Rural,1,2746,2747
 Total,1,5808,5809
NotApp :,36,*,*
AREA # 030151,Paingkyon(ST),*,*
Urban/Rural,Motorboat,*,*
*,Yes,No,Total
 Urban,2,805,807
 Rural,670,16301,16971
 Total,672,17106,17778
NotApp :,210,*,*
AREA # 030152,Shan Ywathit(ST),*,*
Urban/Rural,Motorboat,*,*
*,Yes,No,Total
 Urban,4,79,83
 Rural,88,3585,3673
 Total,92,3664,3756
NotApp :,29,*,*
AREA # 030153,Leiktho(ST),*,*
Urban/Rural,Motorboat,*,*
*,Yes,No,Total
 Urban,-,607,607
 Rural,-,9319,9319
 Total,-,9926,9926
NotApp :,73,*,*
AREA # 030154,Bawgali(ST),*,*
Urban/Rural,Motorboat,*,*
*,Yes,No,Total
 Urban,-,436,436
 Rural,-,2969,2969
 Total,-,3405,3405
NotApp :,7,*,*
AREA # 030201,Pharpon,*,*
Urban/Rural,Motorboat,*,*
*,Yes,No,Total
 Urban,12,621,633
 Rural,31,1880,1911
 Total,43,2501,2544
NotApp :,108,*,*
AREA # 030251,Kamamaung(ST},*,*
Urban/Rural,Motorboat,*,*
*,Yes,No,Total
 Urban,103,2646,2749
 Rural,8,1201,1209
 Total,111,3847,3958
NotApp :,52,*,*
AREA # 030301,Myawady,*,*
Urban/Rural,Motorboat,*,*
*,Yes,No,Total
 Urban,84,23932,24016
 Rural,86,17156,17242
 Total,170,41088,41258
NotApp :,937,*,*
AREA # 030351,Sugali(ST),*,*
Urban/Rural,Motorboat,*,*
*,Yes,No,Total
 Urban,-,75,75
 Rural,3,983,986
 Total,3,1058,1061
NotApp :,24,*,*
AREA # 030352,Wawlaymyaing(ST),*,*
Urban/Rural,Motorboat,*,*
*,Yes,No,Total
 Urban,-,577,577
 Rural,-,1120,1120
 Total,-,1697,1697
NotApp :,44,*,*
AREA # 030401,Kawkareik,*,*
Urban/Rural,Motorboat,*,*
*,Yes,No,Total
 Urban,70,8412,8482
 Rural,1827,35189,37016
 Total,1897,43601,45498
NotApp :,393,*,*
AREA # 030402,Kyarinseikkyi,*,*
Urban/Rural,Motorboat,*,*
*,Yes,No,Total
 Urban,40,1777,1817
 Rural,355,19868,20223
 Total,395,21645,22040
NotApp :,270,*,*
AREA # 030451,Payarthonezu(ST),*,*
Urban/Rural,Motorboat,*,*
*,Yes,No,Total
 Urban,5,6091,6096
 Rural,78,11621,11699
 Total,83,17712,17795
NotApp :,271,*,*
AREA # 030452,Kyaidon(ST),*,*
Urban/Rural,Motorboat,*,*
*,Yes,No,Total
 Urban,28,652,680
 Rural,85,9968,10053
 Total,113,10620,10733
NotApp :,114,*,*
AREA # 040101,HaKa,*,*
Urban/Rural,Motorboat,*,*
*,Yes,No,Total
 Urban,4,5217,5221
 Rural,5,4691,4696
 Total,9,9908,9917
NotApp :,107,*,*
AREA # 040102,Thantlang,*,*
Urban/Rural,Motorboat,*,*
*,Yes,No,Total
 Urban,5,1502,1507
 Rural,27,8248,8275
 Total,32,9750,9782
NotApp :,38,*,*
AREA # 040201,Falam,*,*
Urban/Rural,Motorboat,*,*
*,Yes,No,Total
 Urban,2,2000,2002
 Rural,9,6417,6426
 Total,11,8417,8428
NotApp :,60,*,*
AREA # 040202,Tedim,*,*
Urban/Rural,Motorboat,*,*
*,Yes,No,Total
 Urban,1,2249,2250
 Rural,60,12373,12433
 Total,61,14622,14683
NotApp :,65,*,*
AREA # 040203,Tonzaung,*,*
Urban/Rural,Motorboat,*,*
*,Yes,No,Total
 Urban,-,640,640
 Rural,2,2769,2771
 Total,2,3409,3411
NotApp :,37,*,*
AREA # 040251,Rihkhuadal(ST),*,*
Urban/Rural,Motorboat,*,*
*,Yes,No,Total
 Urban,1,669,670
 Rural,-,528,528
 Total,1,1197,1198
NotApp :,12,*,*
AREA # 040252,Cikha(ST),*,*
Urban/Rural,Motorboat,*,*
*,Yes,No,Total
 Urban,-,215,215
 Rural,-,1315,1315
 Total,-,1530,1530
NotApp :,6,*,*
AREA # 040301,Mindat,*,*
Urban/Rural,Motorboat,*,*
*,Yes,No,Total
 Urban,2,2341,2343
 Rural,-,6179,6179
 Total,2,8520,8522
NotApp :,95,*,*
AREA # 040302,Matupi,*,*
Urban/Rural,Motorboat,*,*
*,Yes,No,Total
 Urban,1,1669,1670
 Rural,8,5958,5966
 Total,9,7627,7636
NotApp :,43,*,*
AREA # 040303,Kanpalet,*,*
Urban/Rural,Motorboat,*,*
*,Yes,No,Total
 Urban,-,807,807
 Rural,-,3170,3170
 Total,-,3977,3977
NotApp :,66,*,*
AREA # 040304,Paletwat,*,*
Urban/Rural,Motorboat,*,*
*,Yes,No,Total
 Urban,91,1259,1350
 Rural,602,11341,11943
 Total,693,12600,13293
NotApp :,86,*,*
AREA # 040351,Reazu(ST),*,*
Urban/Rural,Motorboat,*,*
*,Yes,No,Total
 Urban,-,462,462
 Rural,1,2058,2059
 Total,1,2520,2521
NotApp :,14,*,*
AREA # 040352,Sami(ST),*,*
Urban/Rural,Motorboat,*,*
*,Yes,No,Total
 Urban,37,596,633
 Rural,370,5220,5590
 Total,407,5816,6223
NotApp :,100,*,*
AREA # 050101,Sagaing,*,*
Urban/Rural,Motorboat,*,*
*,Yes,No,Total
 Urban,39,16457,16496
 Rural,688,47959,48647
 Total,727,64416,65143
NotApp :,1842,*,*
AREA # 050102,Myinmu,*,*
Urban/Rural,Motorboat,*,*
*,Yes,No,Total
 Urban,12,3619,3631
 Rural,73,21600,21673
 Total,85,25219,25304
NotApp :,264,*,*
AREA # 050103,Myaung,*,*
Urban/Rural,Motorboat,*,*
*,Yes,No,Total
 Urban,5,1948,1953
 Rural,598,21711,22309
 Total,603,23659,24262
NotApp :,350,*,*
AREA # 050201,Shwebo,*,*
Urban/Rural,Motorboat,*,*
*,Yes,No,Total
 Urban,6,13525,13531
 Rural,42,36674,36716
 Total,48,50199,50247
NotApp :,467,*,*
AREA # 050202,Khin U,*,*
Urban/Rural,Motorboat,*,*
*,Yes,No,Total
 Urban,-,2291,2291
 Rural,203,30130,30333
 Total,203,32421,32624
NotApp :,271,*,*
AREA # 050203,Wetlet,*,*
Urban/Rural,Motorboat,*,*
*,Yes,No,Total
 Urban,-,2306,2306
 Rural,406,44000,44406
 Total,406,46306,46712
NotApp :,437,*,*
AREA # 050204,Kambalu,*,*
Urban/Rural,Motorboat,*,*
*,Yes,No,Total
 Urban,4,5179,5183
 Rural,236,55907,56143
 Total,240,61086,61326
NotApp :,537,*,*
AREA # 050205,Kyunhlau,*,*
Urban/Rural,Motorboat,*,*
*,Yes,No,Total
 Urban,13,2486,2499
 Rural,269,18095,18364
 Total,282,20581,20863
NotApp :,224,*,*
AREA # 050206,Ye U,*,*
Urban/Rural,Motorboat,*,*
*,Yes,No,Total
 Urban,2,3963,3965
 Rural,8,22400,22408
 Total,10,26363,26373
NotApp :,308,*,*
AREA # 050207,Depayin,*,*
Urban/Rural,Motorboat,*,*
*,Yes,No,Total
 Urban,1,954,955
 Rural,13,29377,29390
 Total,14,30331,30345
NotApp :,367,*,*
AREA # 050208,Tasei,*,*
Urban/Rural,Motorboat,*,*
*,Yes,No,Total
 Urban,1,2971,2972
 Rural,32,32933,32965
 Total,33,35904,35937
NotApp :,328,*,*
AREA # 050251,Kyaukmyaung(ST),*,*
Urban/Rural,Motorboat,*,*
*,Yes,No,Total
 Urban,122,2184,2306
 Rural,252,4492,4744
 Total,374,6676,7050
NotApp :,65,*,*
AREA # 050301,Monywa,*,*
Urban/Rural,Motorboat,*,*
*,Yes,No,Total
 Urban,268,40138,40406
 Rural,125,35431,35556
 Total,393,75569,75962
NotApp :,1167,*,*
AREA # 050302,Butalin,*,*
Urban/Rural,Motorboat,*,*
*,Yes,No,Total
 Urban,-,1193,1193
 Rural,151,27272,27423
 Total,151,28465,28616
NotApp :,389,*,*
AREA # 050303,Ayartaw,*,*
Urban/Rural,Motorboat,*,*
*,Yes,No,Total
 Urban,3,2152,2155
 Rural,57,33379,33436
 Total,60,35531,35591
NotApp :,378,*,*
AREA # 050304,Chaung Oo,*,*
Urban/Rural,Motorboat,*,*
*,Yes,No,Total
 Urban,3,5078,5081
 Rural,67,18228,18295
 Total,70,23306,23376
NotApp :,254,*,*
AREA # 050401,Katha,*,*
Urban/Rural,Motorboat,*,*
*,Yes,No,Total
 Urban,127,5136,5263
 Rural,2874,23824,26698
 Total,3001,28960,31961
NotApp :,447,*,*
AREA # 050402,Indaw,*,*
Urban/Rural,Motorboat,*,*
*,Yes,No,Total
 Urban,3,1839,1842
 Rural,66,21322,21388
 Total,69,23161,23230
NotApp :,320,*,*
AREA # 050403,Tigyaing,*,*
Urban/Rural,Motorboat,*,*
*,Yes,No,Total
 Urban,103,2967,3070
 Rural,1381,21938,23319
 Total,1484,24905,26389
NotApp :,279,*,*
AREA # 050404,Banmauk,*,*
Urban/Rural,Motorboat,*,*
*,Yes,No,Total
 Urban,1,1211,1212
 Rural,101,17555,17656
 Total,102,18766,18868
NotApp :,678,*,*
AREA # 050405,Kawlin,*,*
Urban/Rural,Motorboat,*,*
*,Yes,No,Total
 Urban,1,4568,4569
 Rural,196,26638,26834
 Total,197,31206,31403
NotApp :,408,*,*
AREA # 050406,Wuntho,*,*
Urban/Rural,Motorboat,*,*
*,Yes,No,Total
 Urban,-,2590,2590
 Rural,5,11610,11615
 Total,5,14200,14205
NotApp :,321,*,*
AREA # 050407,Pinlebu,*,*
Urban/Rural,Motorboat,*,*
*,Yes,No,Total
 Urban,7,1462,1469
 Rural,58,20373,20431
 Total,65,21835,21900
NotApp :,382,*,*
AREA # 050501,Kalay,*,*
Urban/Rural,Motorboat,*,*
*,Yes,No,Total
 Urban,17,25704,25721
 Rural,159,46889,47048
 Total,176,72593,72769
NotApp :,551,*,*
AREA # 050502,Kalewa,*,*
Urban/Rural,Motorboat,*,*
*,Yes,No,Total
 Urban,45,1908,1953
 Rural,532,9250,9782
 Total,577,11158,11735
NotApp :,183,*,*
AREA # 050503,Mingin,*,*
Urban/Rural,Motorboat,*,*
*,Yes,No,Total
 Urban,25,811,836
 Rural,900,20322,21222
 Total,925,21133,22058
NotApp :,359,*,*
AREA # 050601,Tamu,*,*
Urban/Rural,Motorboat,*,*
*,Yes,No,Total
 Urban,4,8985,8989
 Rural,20,2977,2997
 Total,24,11962,11986
NotApp :,97,*,*
AREA # 050651,Myothit(ST),*,*
Urban/Rural,Motorboat,*,*
*,Yes,No,Total
 Urban,-,308,308
 Rural,5,2784,2789
 Total,5,3092,3097
NotApp :,38,*,*
AREA # 050652,Khampat(ST),*,*
Urban/Rural,Motorboat,*,*
*,Yes,No,Total
 Urban,1,2837,2838
 Rural,12,4658,4670
 Total,13,7495,7508
NotApp :,25,*,*
AREA # 050701,Mawlaik,*,*
Urban/Rural,Motorboat,*,*
*,Yes,No,Total
 Urban,83,1741,1824
 Rural,736,7785,8521
 Total,819,9526,10345
NotApp :,173,*,*
AREA # 050702,Phaungpyin,*,*
Urban/Rural,Motorboat,*,*
*,Yes,No,Total
 Urban,90,1852,1942
 Rural,762,17542,18304
 Total,852,19394,20246
NotApp :,277,*,*
AREA # 050801,Hkamti,*,*
Urban/Rural,Motorboat,*,*
*,Yes,No,Total
 Urban,136,2047,2183
 Rural,1041,4137,5178
 Total,1177,6184,7361
NotApp :,521,*,*
AREA # 050802,Homalin,*,*
Urban/Rural,Motorboat,*,*
*,Yes,No,Total
 Urban,123,3452,3575
 Rural,2329,29839,32168
 Total,2452,33291,35743
NotApp :,1266,*,*
AREA # 050803,Leshi,*,*
Urban/Rural,Motorboat,*,*
*,Yes,No,Total
 Urban,-,253,253
 Rural,24,1379,1403
 Total,24,1632,1656
NotApp :,53,*,*
AREA # 050804,Lahe,*,*
Urban/Rural,Motorboat,*,*
*,Yes,No,Total
 Urban,-,538,538
 Rural,13,6426,6439
 Total,13,6964,6977
NotApp :,37,*,*
AREA # 050805,Nanyun,*,*
Urban/Rural,Motorboat,*,*
*,Yes,No,Total
 Urban,1,374,375
 Rural,54,1139,1193
 Total,55,1513,1568
NotApp :,17,*,*
AREA # 050851,Mobaingluk(ST),*,*
Urban/Rural,Motorboat,*,*
*,Yes,No,Total
 Urban,9,201,210
 Rural,-,100,100
 Total,9,301,310
NotApp :,2,*,*
AREA # 050852,Sonemara(ST),*,*
Urban/Rural,Motorboat,*,*
*,Yes,No,Total
 Urban,-,286,286
 Rural,-,908,908
 Total,-,1194,1194
NotApp :,10,*,*
AREA # 050853,Htanparkway(ST),*,*
Urban/Rural,Motorboat,*,*
*,Yes,No,Total
 Urban,-,128,128
 Rural,-,633,633
 Total,-,761,761
NotApp :,9,*,*
AREA # 050854,Pansaung(ST),*,*
Urban/Rural,Motorboat,*,*
*,Yes,No,Total
 Urban,-,338,338
 Rural,1,2010,2011
 Total,1,2348,2349
NotApp :,5,*,*
AREA # 050855,Donhee(ST),*,*
Urban/Rural,Motorboat,*,*
*,Yes,No,Total
 Urban,-,169,169
 Rural,1,3753,3754
 Total,1,3922,3923
NotApp :,10,*,*
AREA # 050901,Yinmarpin,*,*
Urban/Rural,Motorboat,*,*
*,Yes,No,Total
 Urban,1,1076,1077
 Rural,117,28338,28455
 Total,118,29414,29532
NotApp :,265,*,*
AREA # 050902,Salingyi,*,*
Urban/Rural,Motorboat,*,*
*,Yes,No,Total
 Urban,-,1222,1222
 Rural,295,24950,25245
 Total,295,26172,26467
NotApp :,384,*,*
AREA # 050903,Palae,*,*
Urban/Rural,Motorboat,*,*
*,Yes,No,Total
 Urban,-,931,931
 Rural,23,31408,31431
 Total,23,32339,32362
NotApp :,338,*,*
AREA # 050904,Kani,*,*
Urban/Rural,Motorboat,*,*
*,Yes,No,Total
 Urban,10,1128,1138
 Rural,442,27643,28085
 Total,452,28771,29223
NotApp :,351,*,*
AREA # 060101,Dawei,*,*
Urban/Rural,Motorboat,*,*
*,Yes,No,Total
 Urban,140,15242,15382
 Rural,176,9385,9561
 Total,316,24627,24943
NotApp :,551,*,*
AREA # 060102,Lounglon,*,*
Urban/Rural,Motorboat,*,*
*,Yes,No,Total
 Urban,10,1230,1240
 Rural,1430,23065,24495
 Total,1440,24295,25735
NotApp :,291,*,*
AREA # 060103,Thayetchaung,*,*
Urban/Rural,Motorboat,*,*
*,Yes,No,Total
 Urban,57,2350,2407
 Rural,765,19702,20467
 Total,822,22052,22874
NotApp :,255,*,*
AREA # 060104,Yebyu,*,*
Urban/Rural,Motorboat,*,*
*,Yes,No,Total
 Urban,14,1063,1077
 Rural,850,20146,20996
 Total,864,21209,22073
NotApp :,316,*,*
AREA # 060151,Myitta(ST),*,*
Urban/Rural,Motorboat,*,*
*,Yes,No,Total
 Urban,87,409,496
 Rural,61,3633,3694
 Total,148,4042,4190
NotApp :,72,*,*
AREA # 060152,Kaleinaung(ST),*,*
Urban/Rural,Motorboat,*,*
*,Yes,No,Total
 Urban,7,617,624
 Rural,65,3588,3653
 Total,72,4205,4277
NotApp :,141,*,*
AREA # 060201,Myeik,*,*
Urban/Rural,Motorboat,*,*
*,Yes,No,Total
 Urban,566,20982,21548
 Rural,1658,31143,32801
 Total,2224,52125,54349
NotApp :,763,*,*
AREA # 060202,Kyunsu,*,*
Urban/Rural,Motorboat,*,*
*,Yes,No,Total
 Urban,100,1042,1142
 Rural,8088,23758,31846
 Total,8188,24800,32988
NotApp :,330,*,*
AREA # 060203,Palaw,*,*
Urban/Rural,Motorboat,*,*
*,Yes,No,Total
 Urban,313,3258,3571
 Rural,1251,13703,14954
 Total,1564,16961,18525
NotApp :,178,*,*
AREA # 060204,Tanintharyi,*,*
Urban/Rural,Motorboat,*,*
*,Yes,No,Total
 Urban,35,1091,1126
 Rural,1308,17495,18803
 Total,1343,18586,19929
NotApp :,325,*,*
AREA # 060251,Palauk(ST),*,*
Urban/Rural,Motorboat,*,*
*,Yes,No,Total
 Urban,8,1203,1211
 Rural,415,5502,5917
 Total,423,6705,7128
NotApp :,45,*,*
AREA # 060301,Kawthoung,*,*
Urban/Rural,Motorboat,*,*
*,Yes,No,Total
 Urban,485,12095,12580
 Rural,1361,11540,12901
 Total,1846,23635,25481
NotApp :,367,*,*
AREA # 060302,Bokepyin,*,*
Urban/Rural,Motorboat,*,*
*,Yes,No,Total
 Urban,47,1000,1047
 Rural,1837,5992,7829
 Total,1884,6992,8876
NotApp :,187,*,*
AREA # 060351,Khamaukgyi,*,*
Urban/Rural,Motorboat,*,*
*,Yes,No,Total
 Urban,20,2335,2355
 Rural,193,2317,2510
 Total,213,4652,4865
NotApp :,126,*,*
AREA # 060352,Pyigyimandaing,*,*
Urban/Rural,Motorboat,*,*
*,Yes,No,Total
 Urban,52,663,715
 Rural,501,1888,2389
 Total,553,2551,3104
NotApp :,91,*,*
AREA # 060353,Karathuri(ST),*,*
Urban/Rural,Motorboat,*,*
*,Yes,No,Total
 Urban,13,273,286
 Rural,600,2876,3476
 Total,613,3149,3762
NotApp :,102,*,*
AREA # 070101,Bago,*,*
Urban/Rural,Motorboat,*,*
*,Yes,No,Total
 Urban,61,54831,54892
 Rural,475,51765,52240
 Total,536,106596,107132
NotApp :,1161,*,*
AREA # 070102,Tanatpin,*,*
Urban/Rural,Motorboat,*,*
*,Yes,No,Total
 Urban,27,3602,3629
 Rural,2861,26037,28898
 Total,2888,29639,32527
NotApp :,222,*,*
AREA # 070103,Kawa,*,*
Urban/Rural,Motorboat,*,*
*,Yes,No,Total
 Urban,70,4184,4254
 Rural,2835,38986,41821
 Total,2905,43170,46075
NotApp :,248,*,*
AREA # 070104,Waw,*,*
Urban/Rural,Motorboat,*,*
*,Yes,No,Total
 Urban,37,5009,5046
 Rural,1652,30385,32037
 Total,1689,35394,37083
NotApp :,296,*,*
AREA # 070105,Nyaunglebin,*,*
Urban/Rural,Motorboat,*,*
*,Yes,No,Total
 Urban,96,12966,13062
 Rural,642,31058,31700
 Total,738,44024,44762
NotApp :,311,*,*
AREA # 070106,Kyauktaga,*,*
Urban/Rural,Motorboat,*,*
*,Yes,No,Total
 Urban,-,6873,6873
 Rural,133,44642,44775
 Total,133,51515,51648
NotApp :,363,*,*
AREA # 070107,Daik U,*,*
Urban/Rural,Motorboat,*,*
*,Yes,No,Total
 Urban,39,8701,8740
 Rural,1198,35815,37013
 Total,1237,44516,45753
NotApp :,339,*,*
AREA # 070108,Shwegyin,*,*
Urban/Rural,Motorboat,*,*
*,Yes,No,Total
 Urban,147,4718,4865
 Rural,510,16407,16917
 Total,657,21125,21782
NotApp :,240,*,*
AREA # 070201,Toungoo,*,*
Urban/Rural,Motorboat,*,*
*,Yes,No,Total
 Urban,7,21893,21900
 Rural,109,35451,35560
 Total,116,57344,57460
NotApp :,871,*,*
AREA # 070202,Yaedashe,*,*
Urban/Rural,Motorboat,*,*
*,Yes,No,Total
 Urban,4,5951,5955
 Rural,96,44476,44572
 Total,100,50427,50527
NotApp :,460,*,*
AREA # 070203,Kyaukkyi,*,*
Urban/Rural,Motorboat,*,*
*,Yes,No,Total
 Urban,-,2258,2258
 Rural,60,20565,20625
 Total,60,22823,22883
NotApp :,203,*,*
AREA # 070204,Pyu,*,*
Urban/Rural,Motorboat,*,*
*,Yes,No,Total
 Urban,28,13799,13827
 Rural,202,40902,41104
 Total,230,54701,54931
NotApp :,386,*,*
AREA # 070205,Oatwin,*,*
Urban/Rural,Motorboat,*,*
*,Yes,No,Total
 Urban,5,3204,3209
 Rural,196,33465,33661
 Total,201,36669,36870
NotApp :,276,*,*
AREA # 070206,Htantapin,*,*
Urban/Rural,Motorboat,*,*
*,Yes,No,Total
 Urban,4,2372,2376
 Rural,69,24336,24405
 Total,73,26708,26781
NotApp :,169,*,*
AREA # 070301,Pyay,*,*
Urban/Rural,Motorboat,*,*
*,Yes,No,Total
 Urban,35,28780,28815
 Rural,43,29699,29742
 Total,78,58479,58557
NotApp :,1014,*,*
AREA # 070302,Paukkhaung,*,*
Urban/Rural,Motorboat,*,*
*,Yes,No,Total
 Urban,-,3606,3606
 Rural,158,28583,28741
 Total,158,32189,32347
NotApp :,302,*,*
AREA # 070303,Padaung,*,*
Urban/Rural,Motorboat,*,*
*,Yes,No,Total
 Urban,19,4449,4468
 Rural,277,34147,34424
 Total,296,38596,38892
NotApp :,412,*,*
AREA # 070304,Paunde,*,*
Urban/Rural,Motorboat,*,*
*,Yes,No,Total
 Urban,2,6479,6481
 Rural,133,30086,30219
 Total,135,36565,36700
NotApp :,296,*,*
AREA # 070305,Thegon,*,*
Urban/Rural,Motorboat,*,*
*,Yes,No,Total
 Urban,4,4262,4266
 Rural,60,31624,31684
 Total,64,35886,35950
NotApp :,304,*,*
AREA # 070306,Shwedaung,*,*
Urban/Rural,Motorboat,*,*
*,Yes,No,Total
 Urban,20,4498,4518
 Rural,189,28857,29046
 Total,209,33355,33564
NotApp :,368,*,*
AREA # 070401,Tharyarwaddy,*,*
Urban/Rural,Motorboat,*,*
*,Yes,No,Total
 Urban,7,8157,8164
 Rural,387,28075,28462
 Total,394,36232,36626
NotApp :,285,*,*
AREA # 070402,Letpadan,*,*
Urban/Rural,Motorboat,*,*
*,Yes,No,Total
 Urban,1,5734,5735
 Rural,400,37349,37749
 Total,401,43083,43484
NotApp :,336,*,*
AREA # 070403,Minhla,*,*
Urban/Rural,Motorboat,*,*
*,Yes,No,Total
 Urban,2,2700,2702
 Rural,47,28145,28192
 Total,49,30845,30894
NotApp :,231,*,*
AREA # 070404,Okpo,*,*
Urban/Rural,Motorboat,*,*
*,Yes,No,Total
 Urban,-,2800,2800
 Rural,60,29034,29094
 Total,60,31834,31894
NotApp :,283,*,*
AREA # 070405,Zigon,*,*
Urban/Rural,Motorboat,*,*
*,Yes,No,Total
 Urban,3,3964,3967
 Rural,10,14233,14243
 Total,13,18197,18210
NotApp :,160,*,*
AREA # 070406,Nattalin,*,*
Urban/Rural,Motorboat,*,*
*,Yes,No,Total
 Urban,1,4641,4642
 Rural,172,40955,41127
 Total,173,45596,45769
NotApp :,317,*,*
AREA # 070407,Monyo,*,*
Urban/Rural,Motorboat,*,*
*,Yes,No,Total
 Urban,3,2377,2380
 Rural,493,30414,30907
 Total,496,32791,33287
NotApp :,232,*,*
AREA # 070408,Gyobingauk,*,*
Urban/Rural,Motorboat,*,*
*,Yes,No,Total
 Urban,-,5584,5584
 Rural,48,24954,25002
 Total,48,30538,30586
NotApp :,233,*,*
AREA # 080101,Magway,*,*
Urban/Rural,Motorboat,*,*
*,Yes,No,Total
 Urban,32,19838,19870
 Rural,212,48595,48807
 Total,244,68433,68677
NotApp :,1053,*,*
AREA # 080102,Yenangyoung,*,*
Urban/Rural,Motorboat,*,*
*,Yes,No,Total
 Urban,22,10654,10676
 Rural,239,21585,21824
 Total,261,32239,32500
NotApp :,490,*,*
AREA # 080103,Chauk,*,*
Urban/Rural,Motorboat,*,*
*,Yes,No,Total
 Urban,27,10374,10401
 Rural,304,33913,34217
 Total,331,44287,44618
NotApp :,539,*,*
AREA # 080104,Taungdwingyi,*,*
Urban/Rural,Motorboat,*,*
*,Yes,No,Total
 Urban,5,10050,10055
 Rural,11,50197,50208
 Total,16,60247,60263
NotApp :,426,*,*
AREA # 080105,Myothit,*,*
Urban/Rural,Motorboat,*,*
*,Yes,No,Total
 Urban,1,1745,1746
 Rural,9,35193,35202
 Total,10,36938,36948
NotApp :,339,*,*
AREA # 080106,Natmauk,*,*
Urban/Rural,Motorboat,*,*
*,Yes,No,Total
 Urban,1,3173,3174
 Rural,16,45236,45252
 Total,17,48409,48426
NotApp :,396,*,*
AREA # 080201,Minbu,*,*
Urban/Rural,Motorboat,*,*
*,Yes,No,Total
 Urban,42,9148,9190
 Rural,116,34511,34627
 Total,158,43659,43817
NotApp :,551,*,*
AREA # 080202,Pwint Phyu,*,*
Urban/Rural,Motorboat,*,*
*,Yes,No,Total
 Urban,3,1451,1454
 Rural,182,38128,38310
 Total,185,39579,39764
NotApp :,475,*,*
AREA # 080203,Ngape,*,*
Urban/Rural,Motorboat,*,*
*,Yes,No,Total
 Urban,-,979,979
 Rural,21,11457,11478
 Total,21,12436,12457
NotApp :,159,*,*
AREA # 080204,Salin,*,*
Urban/Rural,Motorboat,*,*
*,Yes,No,Total
 Urban,-,2786,2786
 Rural,228,52591,52819
 Total,228,55377,55605
NotApp :,631,*,*
AREA # 080205,Saytottara,*,*
Urban/Rural,Motorboat,*,*
*,Yes,No,Total
 Urban,9,1516,1525
 Rural,164,9091,9255
 Total,173,10607,10780
NotApp :,279,*,*
AREA # 080301,Thayet,*,*
Urban/Rural,Motorboat,*,*
*,Yes,No,Total
 Urban,23,4540,4563
 Rural,200,21209,21409
 Total,223,25749,25972
NotApp :,302,*,*
AREA # 080302,Minhla,*,*
Urban/Rural,Motorboat,*,*
*,Yes,No,Total
 Urban,11,2970,2981
 Rural,67,28574,28641
 Total,78,31544,31622
NotApp :,346,*,*
AREA # 080303,Mindon,*,*
Urban/Rural,Motorboat,*,*
*,Yes,No,Total
 Urban,8,1262,1270
 Rural,45,15494,15539
 Total,53,16756,16809
NotApp :,207,*,*
AREA # 080304,Kamma,*,*
Urban/Rural,Motorboat,*,*
*,Yes,No,Total
 Urban,21,1273,1294
 Rural,109,17740,17849
 Total,130,19013,19143
NotApp :,208,*,*
AREA # 080305,Aunglan,*,*
Urban/Rural,Motorboat,*,*
*,Yes,No,Total
 Urban,25,11600,11625
 Rural,228,45756,45984
 Total,253,57356,57609
NotApp :,479,*,*
AREA # 080306,Sinpaungwe`,*,*
Urban/Rural,Motorboat,*,*
*,Yes,No,Total
 Urban,15,1266,1281
 Rural,244,27159,27403
 Total,259,28425,28684
NotApp :,290,*,*
AREA # 080401,Pakokku,*,*
Urban/Rural,Motorboat,*,*
*,Yes,No,Total
 Urban,29,19040,19069
 Rural,589,46682,47271
 Total,618,65722,66340
NotApp :,723,*,*
AREA # 080402,Yesagyo,*,*
Urban/Rural,Motorboat,*,*
*,Yes,No,Total
 Urban,45,4854,4899
 Rural,678,41755,42433
 Total,723,46609,47332
NotApp :,485,*,*
AREA # 080403,Myaing,*,*
Urban/Rural,Motorboat,*,*
*,Yes,No,Total
 Urban,-,1801,1801
 Rural,17,51823,51840
 Total,17,53624,53641
NotApp :,502,*,*
AREA # 080404,Pauk,*,*
Urban/Rural,Motorboat,*,*
*,Yes,No,Total
 Urban,-,1701,1701
 Rural,39,37225,37264
 Total,39,38926,38965
NotApp :,326,*,*
AREA # 080405,Seikphyu,*,*
Urban/Rural,Motorboat,*,*
*,Yes,No,Total
 Urban,26,2103,2129
 Rural,37,21261,21298
 Total,63,23364,23427
NotApp :,208,*,*
AREA # 080501,Gangaw,*,*
Urban/Rural,Motorboat,*,*
*,Yes,No,Total
 Urban,2,3256,3258
 Rural,78,26576,26654
 Total,80,29832,29912
NotApp :,303,*,*
AREA # 080502,Htilin,*,*
Urban/Rural,Motorboat,*,*
*,Yes,No,Total
 Urban,-,1123,1123
 Rural,2,9407,9409
 Total,2,10530,10532
NotApp :,182,*,*
AREA # 080503,Saw,*,*
Urban/Rural,Motorboat,*,*
*,Yes,No,Total
 Urban,2,1259,1261
 Rural,11,7053,7064
 Total,13,8312,8325
NotApp :,212,*,*
AREA # 080551,Kyaukhtu(ST),*,*
Urban/Rural,Motorboat,*,*
*,Yes,No,Total
 Urban,-,1140,1140
 Rural,1,6468,6469
 Total,1,7608,7609
NotApp :,103,*,*
AREA # 090101,Aungmyetharzan,*,*
Urban/Rural,Motorboat,*,*
*,Yes,No,Total
 Urban,54,49677,49731
 Total,54,49677,49731
NotApp :,971,*,*
AREA # 090102,Chanayeharzan,*,*
Urban/Rural,Motorboat,*,*
*,Yes,No,Total
 Urban,27,33254,33281
 Total,27,33254,33281
NotApp :,1883,*,*
AREA # 090103,Mahaaungmye,*,*
Urban/Rural,Motorboat,*,*
*,Yes,No,Total
 Urban,43,41884,41927
 Total,43,41884,41927
NotApp :,754,*,*
AREA # 090104,Chanmyatharzi,*,*
Urban/Rural,Motorboat,*,*
*,Yes,No,Total
 Urban,60,52987,53047
 Total,60,52987,53047
NotApp :,901,*,*
AREA # 090105,Pyigyidagun,*,*
Urban/Rural,Motorboat,*,*
*,Yes,No,Total
 Urban,20,43855,43875
 Total,20,43855,43875
NotApp :,1032,*,*
AREA # 090106,Amarapura,*,*
Urban/Rural,Motorboat,*,*
*,Yes,No,Total
 Urban,12,16618,16630
 Rural,99,32897,32996
 Total,111,49515,49626
NotApp :,572,*,*
AREA # 090107,Patheingyi,*,*
Urban/Rural,Motorboat,*,*
*,Yes,No,Total
 Urban,3,2699,2702
 Rural,697,49591,50288
 Total,700,52290,52990
NotApp :,902,*,*
AREA # 090201,Pyin Oo Lwin,*,*
Urban/Rural,Motorboat,*,*
*,Yes,No,Total
 Urban,7,31934,31941
 Rural,18,21423,21441
 Total,25,53357,53382
NotApp :,962,*,*
AREA # 090202,Madaya,*,*
Urban/Rural,Motorboat,*,*
*,Yes,No,Total
 Urban,8,5303,5311
 Rural,1580,51754,53334
 Total,1588,57057,58645
NotApp :,508,*,*
AREA # 090203,Sinku,*,*
Urban/Rural,Motorboat,*,*
*,Yes,No,Total
 Urban,35,1697,1732
 Rural,1493,31308,32801
 Total,1528,33005,34533
NotApp :,281,*,*
AREA # 090204,Mogok,*,*
Urban/Rural,Motorboat,*,*
*,Yes,No,Total
 Urban,2,16684,16686
 Rural,1,18560,18561
 Total,3,35244,35247
NotApp :,586,*,*
AREA # 090205,Thabeikkyin,*,*
Urban/Rural,Motorboat,*,*
*,Yes,No,Total
 Urban,144,1044,1188
 Rural,464,24097,24561
 Total,608,25141,25749
NotApp :,297,*,*
AREA # 090251,Tagaung,*,*
Urban/Rural,Motorboat,*,*
*,Yes,No,Total
 Urban,147,1646,1793
 Rural,371,5228,5599
 Total,518,6874,7392
NotApp :,96,*,*
AREA # 090301,Kyaukse,*,*
Urban/Rural,Motorboat,*,*
*,Yes,No,Total
 Urban,5,8486,8491
 Rural,62,49212,49274
 Total,67,57698,57765
NotApp :,526,*,*
AREA # 090302,Singaing,*,*
Urban/Rural,Motorboat,*,*
*,Yes,No,Total
 Urban,-,1780,1780
 Rural,48,31751,31799
 Total,48,33531,33579
NotApp :,464,*,*
AREA # 090303,Myitthar,*,*
Urban/Rural,Motorboat,*,*
*,Yes,No,Total
 Urban,-,4346,4346
 Rural,31,41640,41671
 Total,31,45986,46017
NotApp :,399,*,*
AREA # 090304,Tada U,*,*
Urban/Rural,Motorboat,*,*
*,Yes,No,Total
 Urban,1,2651,2652
 Rural,116,29859,29975
 Total,117,32510,32627
NotApp :,340,*,*
AREA # 090401,Myingyan,*,*
Urban/Rural,Motorboat,*,*
*,Yes,No,Total
 Urban,9,18888,18897
 Rural,457,42986,43443
 Total,466,61874,62340
NotApp :,622,*,*
AREA # 090402,Taungtha,*,*
Urban/Rural,Motorboat,*,*
*,Yes,No,Total
 Urban,-,3863,3863
 Rural,158,45831,45989
 Total,158,49694,49852
NotApp :,425,*,*
AREA # 090403,Natogyi,*,*
Urban/Rural,Motorboat,*,*
*,Yes,No,Total
 Urban,-,2842,2842
 Rural,15,38108,38123
 Total,15,40950,40965
NotApp :,349,*,*
AREA # 090404,Kyaukpadaung,*,*
Urban/Rural,Motorboat,*,*
*,Yes,No,Total
 Urban,-,9013,9013
 Rural,16,52932,52948
 Total,16,61945,61961
NotApp :,497,*,*
AREA # 090405,Ngazun,*,*
Urban/Rural,Motorboat,*,*
*,Yes,No,Total
 Urban,60,1597,1657
 Rural,219,25962,26181
 Total,279,27559,27838
NotApp :,295,*,*
AREA # 090501,Nyaung U,*,*
Urban/Rural,Motorboat,*,*
*,Yes,No,Total
 Urban,49,9466,9515
 Rural,234,34913,35147
 Total,283,44379,44662
NotApp :,603,*,*
AREA # 090551,Ngat,*,*
Urban/Rural,Motorboat,*,*
*,Yes,No,Total
 Urban,-,1439,1439
 Rural,7,8365,8372
 Total,7,9804,9811
NotApp :,69,*,*
AREA # 090601,Yame`thin,*,*
Urban/Rural,Motorboat,*,*
*,Yes,No,Total
 Urban,2,5325,5327
 Rural,18,51914,51932
 Total,20,57239,57259
NotApp :,559,*,*
AREA # 090602,Pyawbwe,*,*
Urban/Rural,Motorboat,*,*
*,Yes,No,Total
 Urban,-,6874,6874
 Rural,17,51972,51989
 Total,17,58846,58863
NotApp :,497,*,*
AREA # 090701,Meiktila,*,*
Urban/Rural,Motorboat,*,*
*,Yes,No,Total
 Urban,12,23951,23963
 Rural,18,44458,44476
 Total,30,68409,68439
NotApp :,998,*,*
AREA # 090702,MahlYaing,*,*
Urban/Rural,Motorboat,*,*
*,Yes,No,Total
 Urban,2,3109,3111
 Rural,141,30075,30216
 Total,143,33184,33327
NotApp :,382,*,*
AREA # 090703,Thazi,*,*
Urban/Rural,Motorboat,*,*
*,Yes,No,Total
 Urban,-,4720,4720
 Rural,102,40070,40172
 Total,102,44790,44892
NotApp :,484,*,*
AREA # 090704,Wundwin,*,*
Urban/Rural,Motorboat,*,*
*,Yes,No,Total
 Urban,-,7300,7300
 Rural,13,46256,46269
 Total,13,53556,53569
NotApp :,474,*,*
AREA # 100101,Mawlamyine,*,*
Urban/Rural,Motorboat,*,*
*,Yes,No,Total
 Urban,201,49533,49734
 Rural,689,7034,7723
 Total,890,56567,57457
NotApp :,954,*,*
AREA # 100102,Kyaikemaraw,*,*
Urban/Rural,Motorboat,*,*
*,Yes,No,Total
 Urban,53,2123,2176
 Rural,1513,35199,36712
 Total,1566,37322,38888
NotApp :,478,*,*
AREA # 100103,Chaungzon,*,*
Urban/Rural,Motorboat,*,*
*,Yes,No,Total
 Urban,1,1743,1744
 Rural,736,25464,26200
 Total,737,27207,27944
NotApp :,292,*,*
AREA # 100104,Thanbyuzayat,*,*
Urban/Rural,Motorboat,*,*
*,Yes,No,Total
 Urban,142,11573,11715
 Rural,243,24276,24519
 Total,385,35849,36234
NotApp :,470,*,*
AREA # 100105,Mudon,*,*
Urban/Rural,Motorboat,*,*
*,Yes,No,Total
 Urban,23,10769,10792
 Rural,494,28026,28520
 Total,517,38795,39312
NotApp :,541,*,*
AREA # 100106,Ye,*,*
Urban/Rural,Motorboat,*,*
*,Yes,No,Total
 Urban,24,6089,6113
 Rural,749,23129,23878
 Total,773,29218,29991
NotApp :,508,*,*
AREA # 100151,Lamine,*,*
Urban/Rural,Motorboat,*,*
*,Yes,No,Total
 Urban,7,2960,2967
 Rural,203,15469,15672
 Total,210,18429,18639
NotApp :,149,*,*
AREA # 100152,Khawzar,*,*
Urban/Rural,Motorboat,*,*
*,Yes,No,Total
 Urban,6,772,778
 Rural,98,3942,4040
 Total,104,4714,4818
NotApp :,70,*,*
AREA # 100201,Thaton,*,*
Urban/Rural,Motorboat,*,*
*,Yes,No,Total
 Urban,51,10655,10706
 Rural,794,36784,37578
 Total,845,47439,48284
NotApp :,603,*,*
AREA # 100202,Paung,*,*
Urban/Rural,Motorboat,*,*
*,Yes,No,Total
 Urban,21,5881,5902
 Rural,1208,36616,37824
 Total,1229,42497,43726
NotApp :,460,*,*
AREA # 100203,Kyaikto,*,*
Urban/Rural,Motorboat,*,*
*,Yes,No,Total
 Urban,152,7364,7516
 Rural,588,29984,30572
 Total,740,37348,38088
NotApp :,848,*,*
AREA # 100204,Bilin,*,*
Urban/Rural,Motorboat,*,*
*,Yes,No,Total
 Urban,27,4017,4044
 Rural,343,34844,35187
 Total,370,38861,39231
NotApp :,544,*,*
AREA # 110101,Sittway,*,*
Urban/Rural,Motorboat,*,*
*,Yes,No,Total
 Urban,109,18797,18906
 Rural,291,9839,10130
 Total,400,28636,29036
NotApp :,377,*,*
AREA # 110102,Ponnagyun,*,*
Urban/Rural,Motorboat,*,*
*,Yes,No,Total
 Urban,63,2403,2466
 Rural,656,22213,22869
 Total,719,24616,25335
NotApp :,246,*,*
AREA # 110103,Pauktaw,*,*
Urban/Rural,Motorboat,*,*
*,Yes,No,Total
 Urban,71,2399,2470
 Rural,2309,25765,28074
 Total,2380,28164,30544
NotApp :,349,*,*
AREA # 110104,Yethedaung,*,*
Urban/Rural,Motorboat,*,*
*,Yes,No,Total
 Urban,61,1449,1510
 Rural,635,22196,22831
 Total,696,23645,24341
NotApp :,255,*,*
AREA # 110201,Myauk U,*,*
Urban/Rural,Motorboat,*,*
*,Yes,No,Total
 Urban,202,7072,7274
 Rural,2548,31703,34251
 Total,2750,38775,41525
NotApp :,517,*,*
AREA # 110202,Kyauktaw,*,*
Urban/Rural,Motorboat,*,*
*,Yes,No,Total
 Urban,59,3780,3839
 Rural,655,32001,32656
 Total,714,35781,36495
NotApp :,327,*,*
AREA # 110203,Minbya,*,*
Urban/Rural,Motorboat,*,*
*,Yes,No,Total
 Urban,132,4483,4615
 Rural,1507,30506,32013
 Total,1639,34989,36628
NotApp :,359,*,*
AREA # 110204,Myebon,*,*
Urban/Rural,Motorboat,*,*
*,Yes,No,Total
 Urban,108,2510,2618
 Rural,4382,24339,28721
 Total,4490,26849,31339
NotApp :,244,*,*
AREA # 110301,Maungtaw,*,*
Urban/Rural,Motorboat,*,*
*,Yes,No,Total
 Urban,4,2310,2314
 Rural,13,5063,5076
 Total,17,7373,7390
NotApp :,142,*,*
AREA # 110302,Buthidaung,*,*
Urban/Rural,Motorboat,*,*
*,Yes,No,Total
 Urban,14,2048,2062
 Rural,114,9088,9202
 Total,128,11136,11264
NotApp :,178,*,*
AREA # 110351,Taungpyoletwe(ST),*,*
Urban/Rural,Motorboat,*,*
*,Yes,No,Total
 Urban,-,158,158
 Rural,-,348,348
 Total,-,506,506
NotApp :,17,*,*
AREA # 110401,Kyaukpyu,*,*
Urban/Rural,Motorboat,*,*
*,Yes,No,Total
 Urban,111,4143,4254
 Rural,2282,30728,33010
 Total,2393,34871,37264
NotApp :,491,*,*
AREA # 110402,Mannaung,*,*
Urban/Rural,Motorboat,*,*
*,Yes,No,Total
 Urban,13,1293,1306
 Rural,449,12980,13429
 Total,462,14273,14735
NotApp :,186,*,*
AREA # 110403,Yanbye,*,*
Urban/Rural,Motorboat,*,*
*,Yes,No,Total
 Urban,39,2209,2248
 Rural,1112,19058,20170
 Total,1151,21267,22418
NotApp :,325,*,*
AREA # 110404,An,*,*
Urban/Rural,Motorboat,*,*
*,Yes,No,Total
 Urban,15,1863,1878
 Rural,1666,23815,25481
 Total,1681,25678,27359
NotApp :,324,*,*
AREA # 110501,Thandwe,*,*
Urban/Rural,Motorboat,*,*
*,Yes,No,Total
 Urban,18,3332,3350
 Rural,1397,26328,27725
 Total,1415,29660,31075
NotApp :,580,*,*
AREA # 110502,Toungup,*,*
Urban/Rural,Motorboat,*,*
*,Yes,No,Total
 Urban,150,6028,6178
 Rural,1956,17105,19061
 Total,2106,23133,25239
NotApp :,343,*,*
AREA # 110503,Gwa,*,*
Urban/Rural,Motorboat,*,*
*,Yes,No,Total
 Urban,115,2373,2488
 Rural,600,8157,8757
 Total,715,10530,11245
NotApp :,115,*,*
AREA # 110551,Maei(ST),*,*
Urban/Rural,Motorboat,*,*
*,Yes,No,Total
 Urban,109,1106,1215
 Rural,890,7848,8738
 Total,999,8954,9953
NotApp :,96,*,*
AREA # 110552,Kyeintali(ST),*,*
Urban/Rural,Motorboat,*,*
*,Yes,No,Total
 Urban,72,1403,1475
 Rural,156,4450,4606
 Total,228,5853,6081
NotApp :,76,*,*
AREA # 120101,Insein,*,*
Urban/Rural,Motorboat,*,*
*,Yes,No,Total
 Urban,75,61601,61676
 Total,75,61601,61676
NotApp :,993,*,*
AREA # 120102,Mingaladon,*,*
Urban/Rural,Motorboat,*,*
*,Yes,No,Total
 Urban,57,41584,41641
 Rural,36,24626,24662
 Total,93,66210,66303
NotApp :,1749,*,*
AREA # 120103,Hmawby,*,*
Urban/Rural,Motorboat,*,*
*,Yes,No,Total
 Urban,2,5940,5942
 Rural,383,50144,50527
 Total,385,56084,56469
NotApp :,902,*,*
AREA # 120104,Hlegu,*,*
Urban/Rural,Motorboat,*,*
*,Yes,No,Total
 Urban,27,8722,8749
 Rural,632,48642,49274
 Total,659,57364,58023
NotApp :,1175,*,*
AREA # 120105,Taikkyi,*,*
Urban/Rural,Motorboat,*,*
*,Yes,No,Total
 Urban,101,20258,20359
 Rural,728,45912,46640
 Total,829,66170,66999
NotApp :,614,*,*
AREA # 120106,Htantabin,*,*
Urban/Rural,Motorboat,*,*
*,Yes,No,Total
 Urban,24,2032,2056
 Rural,1659,30496,32155
 Total,1683,32528,34211
NotApp :,229,*,*
AREA # 120107,Shwepyitha,*,*
Urban/Rural,Motorboat,*,*
*,Yes,No,Total
 Urban,156,58355,58511
 Rural,2,15262,15264
 Total,158,73617,73775
NotApp :,834,*,*
AREA # 120108,Hlinethaya,*,*
Urban/Rural,Motorboat,*,*
*,Yes,No,Total
 Urban,68,103739,103807
 Rural,82,44822,44904
 Total,150,148561,148711
NotApp :,1246,*,*
AREA # 120201,Thingangyun,*,*
Urban/Rural,Motorboat,*,*
*,Yes,No,Total
 Urban,10,43310,43320
 Total,10,43310,43320
NotApp :,265,*,*
AREA # 120202,Yankin,*,*
Urban/Rural,Motorboat,*,*
*,Yes,No,Total
 Urban,1,14636,14637
 Total,1,14636,14637
NotApp :,149,*,*
AREA # 120203,South Okkalapa,*,*
Urban/Rural,Motorboat,*,*
*,Yes,No,Total
 Urban,10,32715,32725
 Total,10,32715,32725
NotApp :,418,*,*
AREA # 120204,North Okkalapa,*,*
Urban/Rural,Motorboat,*,*
*,Yes,No,Total
 Urban,37,64719,64756
 Total,37,64719,64756
NotApp :,946,*,*
AREA # 120205,Thakayta,*,*
Urban/Rural,Motorboat,*,*
*,Yes,No,Total
 Urban,29,45427,45456
 Total,29,45427,45456
NotApp :,451,*,*
AREA # 120206,Dawbon,*,*
Urban/Rural,Motorboat,*,*
*,Yes,No,Total
 Urban,73,14336,14409
 Total,73,14336,14409
NotApp :,154,*,*
AREA # 120207,Tamway,*,*
Urban/Rural,Motorboat,*,*
*,Yes,No,Total
 Urban,46,35314,35360
 Total,46,35314,35360
NotApp :,633,*,*
AREA # 120208,Pazuntaung,*,*
Urban/Rural,Motorboat,*,*
*,Yes,No,Total
 Urban,11,10295,10306
 Total,11,10295,10306
NotApp :,215,*,*
AREA # 120209,Botahtaung,*,*
Urban/Rural,Motorboat,*,*
*,Yes,No,Total
 Urban,19,8378,8397
 Total,19,8378,8397
NotApp :,295,*,*
AREA # 120210,Dagon Myothit(South),*,*
Urban/Rural,Motorboat,*,*
*,Yes,No,Total
 Urban,252,76732,76984
 Total,252,76732,76984
NotApp :,751,*,*
AREA # 120211,Dagon Myothit(North),*,*
Urban/Rural,Motorboat,*,*
*,Yes,No,Total
 Urban,37,42667,42704
 Total,37,42667,42704
NotApp :,126,*,*
AREA # 120212,Dagon Myothit(East),*,*
Urban/Rural,Motorboat,*,*
*,Yes,No,Total
 Urban,7,31888,31895
 Rural,54,1964,2018
 Total,61,33852,33913
NotApp :,814,*,*
AREA # 120213,Dagon Myothit(Seik),*,*
Urban/Rural,Motorboat,*,*
*,Yes,No,Total
 Urban,57,34115,34172
 Rural,36,3697,3733
 Total,93,37812,37905
NotApp :,383,*,*
AREA # 120214,Mingala Taungnyunt,*,*
Urban/Rural,Motorboat,*,*
*,Yes,No,Total
 Urban,18,25900,25918
 Total,18,25900,25918
NotApp :,325,*,*
AREA # 120301,Thanlyin,*,*
Urban/Rural,Motorboat,*,*
*,Yes,No,Total
 Urban,55,18654,18709
 Rural,403,42485,42888
 Total,458,61139,61597
NotApp :,594,*,*
AREA # 120302,Kyauktan,*,*
Urban/Rural,Motorboat,*,*
*,Yes,No,Total
 Urban,139,9725,9864
 Rural,950,22162,23112
 Total,1089,31887,32976
NotApp :,324,*,*
AREA # 120303,Thongwa,*,*
Urban/Rural,Motorboat,*,*
*,Yes,No,Total
 Urban,27,6729,6756
 Rural,796,32535,33331
 Total,823,39264,40087
NotApp :,287,*,*
AREA # 120304,Khayan,*,*
Urban/Rural,Motorboat,*,*
*,Yes,No,Total
 Urban,35,7843,7878
 Rural,792,30644,31436
 Total,827,38487,39314
NotApp :,203,*,*
AREA # 120305,Twantay,*,*
Urban/Rural,Motorboat,*,*
*,Yes,No,Total
 Urban,230,8967,9197
 Rural,3188,39217,42405
 Total,3418,48184,51602
NotApp :,365,*,*
AREA # 120306,Kawhmu,*,*
Urban/Rural,Motorboat,*,*
*,Yes,No,Total
 Urban,24,2207,2231
 Rural,1400,26161,27561
 Total,1424,28368,29792
NotApp :,220,*,*
AREA # 120307,Kungyangon,*,*
Urban/Rural,Motorboat,*,*
*,Yes,No,Total
 Urban,157,3801,3958
 Rural,1353,23041,24394
 Total,1510,26842,28352
NotApp :,207,*,*
AREA # 120308,Dala,*,*
Urban/Rural,Motorboat,*,*
*,Yes,No,Total
 Urban,68,25263,25331
 Rural,587,11994,12581
 Total,655,37257,37912
NotApp :,211,*,*
AREA # 120309,Seikkyi/Khanaungto,*,*
Urban/Rural,Motorboat,*,*
*,Yes,No,Total
 Urban,36,7693,7729
 Total,36,7693,7729
NotApp :,39,*,*
AREA # 120310,Cocogyun,*,*
Urban/Rural,Motorboat,*,*
*,Yes,No,Total
 Urban,10,341,351
 Total,10,341,351
NotApp :,8,*,*
AREA # 120351,Tada(ST),*,*
Urban/Rural,Motorboat,*,*
*,Yes,No,Total
 Urban,66,2424,2490
 Rural,357,6646,7003
 Total,423,9070,9493
NotApp :,57,*,*
AREA # 120401,Kyauktada,*,*
Urban/Rural,Motorboat,*,*
*,Yes,No,Total
 Urban,4,6116,6120
 Total,4,6116,6120
NotApp :,412,*,*
AREA # 120402,Pabedan,*,*
Urban/Rural,Motorboat,*,*
*,Yes,No,Total
 Urban,9,6554,6563
 Total,9,6554,6563
NotApp :,145,*,*
AREA # 120403,Lanmadaw,*,*
Urban/Rural,Motorboat,*,*
*,Yes,No,Total
 Urban,35,8564,8599
 Total,35,8564,8599
NotApp :,607,*,*
AREA # 120404,Latha,*,*
Urban/Rural,Motorboat,*,*
*,Yes,No,Total
 Urban,7,4466,4473
 Total,7,4466,4473
NotApp :,510,*,*
AREA # 120405,Ahlon,*,*
Urban/Rural,Motorboat,*,*
*,Yes,No,Total
 Urban,22,10921,10943
 Total,22,10921,10943
NotApp :,503,*,*
AREA # 120406,Kyimyindine,*,*
Urban/Rural,Motorboat,*,*
*,Yes,No,Total
 Urban,115,22947,23062
 Total,115,22947,23062
NotApp :,182,*,*
AREA # 120407,Sangyoung,*,*
Urban/Rural,Motorboat,*,*
*,Yes,No,Total
 Urban,20,20615,20635
 Total,20,20615,20635
NotApp :,1228,*,*
AREA # 120408,Hline,*,*
Urban/Rural,Motorboat,*,*
*,Yes,No,Total
 Urban,102,32735,32837
 Total,102,32735,32837
NotApp :,851,*,*
AREA # 120409,Kamayut,*,*
Urban/Rural,Motorboat,*,*
*,Yes,No,Total
 Urban,23,16276,16299
 Total,23,16276,16299
NotApp :,1002,*,*
AREA # 120410,Mayangon,*,*
Urban/Rural,Motorboat,*,*
*,Yes,No,Total
 Urban,30,38777,38807
 Total,30,38777,38807
NotApp :,891,*,*
AREA # 120411,Dagon,*,*
Urban/Rural,Motorboat,*,*
*,Yes,No,Total
 Urban,9,4599,4608
 Total,9,4599,4608
NotApp :,176,*,*
AREA # 120412,Bahan,*,*
Urban/Rural,Motorboat,*,*
*,Yes,No,Total
 Urban,12,17414,17426
 Total,12,17414,17426
NotApp :,1076,*,*
AREA # 120413,Seikkan,*,*
Urban/Rural,Motorboat,*,*
*,Yes,No,Total
 Urban,-,410,410
 Total,-,410,410
NotApp :,67,*,*
AREA # 130101,Taunggyi,*,*
Urban/Rural,Motorboat,*,*
*,Yes,No,Total
 Urban,44,56604,56648
 Rural,7,25949,25956
 Total,51,82553,82604
NotApp :,922,*,*
AREA # 130102,Nyaungshwe,*,*
Urban/Rural,Motorboat,*,*
*,Yes,No,Total
 Urban,119,2940,3059
 Rural,5222,34353,39575
 Total,5341,37293,42634
NotApp :,550,*,*
AREA # 130103,Hopon,*,*
Urban/Rural,Motorboat,*,*
*,Yes,No,Total
 Urban,1,4535,4536
 Rural,38,20154,20192
 Total,39,24689,24728
NotApp :,246,*,*
AREA # 130104,Hsihseng,*,*
Urban/Rural,Motorboat,*,*
*,Yes,No,Total
 Urban,-,2649,2649
 Rural,273,29849,30122
 Total,273,32498,32771
NotApp :,323,*,*
AREA # 130105,Kalaw,*,*
Urban/Rural,Motorboat,*,*
*,Yes,No,Total
 Urban,4,12594,12598
 Rural,15,28728,28743
 Total,19,41322,41341
NotApp :,409,*,*
AREA # 130106,Pindaya,*,*
Urban/Rural,Motorboat,*,*
*,Yes,No,Total
 Urban,-,2259,2259
 Rural,2,15283,15285
 Total,2,17542,17544
NotApp :,214,*,*
AREA # 130107,Ywarngan,*,*
Urban/Rural,Motorboat,*,*
*,Yes,No,Total
 Urban,-,1155,1155
 Rural,4,17189,17193
 Total,4,18344,18348
NotApp :,248,*,*
AREA # 130108,Yatsauk,*,*
Urban/Rural,Motorboat,*,*
*,Yes,No,Total
 Urban,-,5677,5677
 Rural,17,20263,20280
 Total,17,25940,25957
NotApp :,294,*,*
AREA # 130109,Pinlaung,*,*
Urban/Rural,Motorboat,*,*
*,Yes,No,Total
 Urban,-,2770,2770
 Rural,120,22614,22734
 Total,120,25384,25504
NotApp :,214,*,*
AREA # 130110,Phekon,*,*
Urban/Rural,Motorboat,*,*
*,Yes,No,Total
 Urban,50,3381,3431
 Rural,101,16552,16653
 Total,151,19933,20084
NotApp :,187,*,*
AREA # 130151,Kyauktalongyi(ST),*,*
Urban/Rural,Motorboat,*,*
*,Yes,No,Total
 Urban,-,602,602
 Rural,144,11519,11663
 Total,144,12121,12265
NotApp :,78,*,*
AREA # 130152,Indaw(ST),*,*
Urban/Rural,Motorboat,*,*
*,Yes,No,Total
 Urban,-,1836,1836
 Rural,2,6312,6314
 Total,2,8148,8150
NotApp :,120,*,*
AREA # 130153,Naungtayar(ST),*,*
Urban/Rural,Motorboat,*,*
*,Yes,No,Total
 Urban,-,979,979
 Rural,3,15597,15600
 Total,3,16576,16579
NotApp :,149,*,*
AREA # 130201,Loilem,*,*
Urban/Rural,Motorboat,*,*
*,Yes,No,Total
 Urban,-,2853,2853
 Rural,-,8048,8048
 Total,-,10901,10901
NotApp :,112,*,*
AREA # 130202,Le`char,*,*
Urban/Rural,Motorboat,*,*
*,Yes,No,Total
 Urban,-,1330,1330
 Rural,2,7458,7460
 Total,2,8788,8790
NotApp :,101,*,*
AREA # 130203,Nanhsam(South),*,*
Urban/Rural,Motorboat,*,*
*,Yes,No,Total
 Urban,1,4840,4841
 Rural,9,14013,14022
 Total,10,18853,18863
NotApp :,264,*,*
AREA # 130204,Kunhing,*,*
Urban/Rural,Motorboat,*,*
*,Yes,No,Total
 Urban,-,1542,1542
 Rural,5,3023,3028
 Total,5,4565,4570
NotApp :,122,*,*
AREA # 130205,Kehsi,*,*
Urban/Rural,Motorboat,*,*
*,Yes,No,Total
 Urban,1,841,842
 Rural,3,8056,8059
 Total,4,8897,8901
NotApp :,109,*,*
AREA # 130206,Mongkai,*,*
Urban/Rural,Motorboat,*,*
*,Yes,No,Total
 Urban,1,2218,2219
 Rural,2,14111,14113
 Total,3,16329,16332
NotApp :,213,*,*
AREA # 130207,Mineshu,*,*
Urban/Rural,Motorboat,*,*
*,Yes,No,Total
 Urban,1,2082,2083
 Rural,2,7116,7118
 Total,3,9198,9201
NotApp :,161,*,*
AREA # 130251,Panglong(ST),*,*
Urban/Rural,Motorboat,*,*
*,Yes,No,Total
 Urban,-,5224,5224
 Rural,-,9292,9292
 Total,-,14516,14516
NotApp :,104,*,*
AREA # 130252,Kholan(ST),*,*
Urban/Rural,Motorboat,*,*
*,Yes,No,Total
 Urban,1,1747,1748
 Rural,-,2616,2616
 Total,1,4363,4364
NotApp :,145,*,*
AREA # 130253,Karli(ST),*,*
Urban/Rural,Motorboat,*,*
*,Yes,No,Total
 Urban,-,1665,1665
 Rural,14,4888,4902
 Total,14,6553,6567
NotApp :,80,*,*
AREA # 130254,Minenaung(ST),*,*
Urban/Rural,Motorboat,*,*
*,Yes,No,Total
 Urban,-,752,752
 Rural,7,5052,5059
 Total,7,5804,5811
NotApp :,69,*,*
AREA # 130255,Minesan(Monsan)(ST),*,*
Urban/Rural,Motorboat,*,*
*,Yes,No,Total
 Urban,1,506,507
 Rural,2,6157,6159
 Total,3,6663,6666
NotApp :,259,*,*
AREA # 130301,Linkhe`,*,*
Urban/Rural,Motorboat,*,*
*,Yes,No,Total
 Urban,7,1711,1718
 Rural,22,6648,6670
 Total,29,8359,8388
NotApp :,100,*,*
AREA # 130302,Mone`,*,*
Urban/Rural,Motorboat,*,*
*,Yes,No,Total
 Urban,1,2102,2103
 Rural,-,4121,4121
 Total,1,6223,6224
NotApp :,66,*,*
AREA # 130303,Maukme`,*,*
Urban/Rural,Motorboat,*,*
*,Yes,No,Total
 Urban,1,1191,1192
 Rural,-,6002,6002
 Total,1,7193,7194
NotApp :,191,*,*
AREA # 130304,Minepan,*,*
Urban/Rural,Motorboat,*,*
*,Yes,No,Total
 Urban,-,1959,1959
 Rural,1,3461,3462
 Total,1,5420,5421
NotApp :,165,*,*
AREA # 130351,Homane(ST),*,*
Urban/Rural,Motorboat,*,*
*,Yes,No,Total
 Urban,1,673,674
 Rural,-,486,486
 Total,1,1159,1160
NotApp :,17,*,*
AREA # 130352,Kengtaung(ST),*,*
Urban/Rural,Motorboat,*,*
*,Yes,No,Total
 Urban,-,2097,2097
 Rural,-,164,164
 Total,-,2261,2261
NotApp :,46,*,*
AREA # 130401,Lashio,*,*
Urban/Rural,Motorboat,*,*
*,Yes,No,Total
 Urban,5,34094,34099
 Rural,12,30821,30833
 Total,17,64915,64932
NotApp :,881,*,*
AREA # 130402,Theinni,*,*
Urban/Rural,Motorboat,*,*
*,Yes,No,Total
 Urban,2,1921,1923
 Rural,2,9854,9856
 Total,4,11775,11779
NotApp :,116,*,*
AREA # 130403,Mineye`,*,*
Urban/Rural,Motorboat,*,*
*,Yes,No,Total
 Urban,-,1470,1470
 Rural,34,11824,11858
 Total,34,13294,13328
NotApp :,139,*,*
AREA # 130404,Tantyan,*,*
Urban/Rural,Motorboat,*,*
*,Yes,No,Total
 Urban,-,6808,6808
 Rural,11,28323,28334
 Total,11,35131,35142
NotApp :,291,*,*
AREA # 130501,MuSe,*,*
Urban/Rural,Motorboat,*,*
*,Yes,No,Total
 Urban,5,13329,13334
 Rural,25,8855,8880
 Total,30,22184,22214
NotApp :,873,*,*
AREA # 130502,Namkham,*,*
Urban/Rural,Motorboat,*,*
*,Yes,No,Total
 Urban,6,6126,6132
 Rural,9,15276,15285
 Total,15,21402,21417
NotApp :,200,*,*
AREA # 130503,Kukai,*,*
Urban/Rural,Motorboat,*,*
*,Yes,No,Total
 Urban,1,4682,4683
 Rural,4,14344,14348
 Total,5,19026,19031
NotApp :,175,*,*
AREA # 130551,Monekoe(ST),*,*
Urban/Rural,Motorboat,*,*
*,Yes,No,Total
 Urban,-,1469,1469
 Rural,-,2889,2889
 Total,-,4358,4358
NotApp :,29,*,*
AREA # 130552,Manhero(ST),*,*
Urban/Rural,Motorboat,*,*
*,Yes,No,Total
 Urban,-,346,346
 Rural,2,1295,1297
 Total,2,1641,1643
NotApp :,30,*,*
AREA # 130553,Pansai(KyuKute)(ST),*,*
Urban/Rural,Motorboat,*,*
*,Yes,No,Total
 Urban,-,1768,1768
 Rural,-,2775,2775
 Total,-,4543,4543
NotApp :,51,*,*
AREA # 130554,Tamoenye(ST),*,*
Urban/Rural,Motorboat,*,*
*,Yes,No,Total
 Urban,-,2487,2487
 Rural,4,10558,10562
 Total,4,13045,13049
NotApp :,45,*,*
AREA # 130601,Kyukme,*,*
Urban/Rural,Motorboat,*,*
*,Yes,No,Total
 Urban,-,8653,8653
 Rural,12,19706,19718
 Total,12,28359,28371
NotApp :,367,*,*
AREA # 130602,Naungkhio,*,*
Urban/Rural,Motorboat,*,*
*,Yes,No,Total
 Urban,-,4171,4171
 Rural,77,27976,28053
 Total,77,32147,32224
NotApp :,365,*,*
AREA # 130603,Hsipaw,*,*
Urban/Rural,Motorboat,*,*
*,Yes,No,Total
 Urban,22,3987,4009
 Rural,104,33793,33897
 Total,126,37780,37906
NotApp :,454,*,*
AREA # 130604,Namtu,*,*
Urban/Rural,Motorboat,*,*
*,Yes,No,Total
 Urban,1,3256,3257
 Rural,-,8384,8384
 Total,1,11640,11641
NotApp :,153,*,*
AREA # 130605,Namsan(North),*,*
Urban/Rural,Motorboat,*,*
*,Yes,No,Total
 Urban,-,935,935
 Rural,4,12746,12750
 Total,4,13681,13685
NotApp :,265,*,*
AREA # 130606,Momeik,*,*
Urban/Rural,Motorboat,*,*
*,Yes,No,Total
 Urban,5,2228,2233
 Rural,193,11226,11419
 Total,198,13454,13652
NotApp :,177,*,*
AREA # 130607,Mabane,*,*
Urban/Rural,Motorboat,*,*
*,Yes,No,Total
 Urban,24,690,714
 Rural,471,7447,7918
 Total,495,8137,8632
NotApp :,266,*,*
AREA # 130608,Manton,*,*
Urban/Rural,Motorboat,*,*
*,Yes,No,Total
 Urban,-,779,779
 Rural,3,6901,6904
 Total,3,7680,7683
NotApp :,136,*,*
AREA # 130651,Minengaw(ST),*,*
Urban/Rural,Motorboat,*,*
*,Yes,No,Total
 Urban,-,613,613
 Rural,1,3415,3416
 Total,1,4028,4029
NotApp :,98,*,*
AREA # 130652,Minelon(ST),*,*
Urban/Rural,Motorboat,*,*
*,Yes,No,Total
 Urban,1,585,586
 Rural,1,5269,5270
 Total,2,5854,5856
NotApp :,201,*,*
AREA # 130701,Kunlon,*,*
Urban/Rural,Motorboat,*,*
*,Yes,No,Total
 Urban,2,1156,1158
 Rural,6,9228,9234
 Total,8,10384,10392
NotApp :,158,*,*
AREA # 130801,Laukine,*,*
Urban/Rural,Motorboat,*,*
*,Yes,No,Total
 Urban,1,2940,2941
 Rural,5,11285,11290
 Total,6,14225,14231
NotApp :,557,*,*
AREA # 130802,Kongyan,*,*
Urban/Rural,Motorboat,*,*
*,Yes,No,Total
 Urban,-,194,194
 Rural,-,5268,5268
 Total,-,5462,5462
NotApp :,14,*,*
AREA # 130851,Chinshwehaw(ST),*,*
Urban/Rural,Motorboat,*,*
*,Yes,No,Total
 Urban,-,619,619
 Rural,-,331,331
 Total,-,950,950
NotApp :,28,*,*
AREA # 130852,Mawhtike(ST),*,*
Urban/Rural,Motorboat,*,*
*,Yes,No,Total
 Urban,-,85,85
 Rural,1,4117,4118
 Total,1,4202,4203
NotApp :,14,*,*
AREA # 130901,Hopan,*,*
Urban/Rural,Motorboat,*,*
*,Yes,No,Total
 Urban,2,3376,3378
 Rural,16,6637,6653
 Total,18,10013,10031
NotApp :,72,*,*
AREA # 130902,Minemaw,*,*
Urban/Rural,Motorboat,*,*
*,Yes,No,Total
 Urban,10,843,853
 Rural,21,9571,9592
 Total,31,10414,10445
NotApp :,71,*,*
AREA # 130903,Panwine,*,*
Urban/Rural,Motorboat,*,*
*,Yes,No,Total
 Urban,3,466,469
 Rural,35,13465,13500
 Total,38,13931,13969
NotApp :,8,*,*
AREA # 130952,Panlon(ST),*,*
Urban/Rural,Motorboat,*,*
*,Yes,No,Total
 Urban,-,661,661
 Rural,-,524,524
 Total,-,1185,1185
NotApp :,26,*,*
AREA # 131001,Makman,*,*
Urban/Rural,Motorboat,*,*
*,Yes,No,Total
 Urban,-,67,67
 Rural,5,3246,3251
 Total,5,3313,3318
NotApp :,55,*,*
AREA # 131002,Pan San(Pan Kham),*,*
Urban/Rural,Motorboat,*,*
*,Yes,No,Total
 Urban,4,2018,2022
 Rural,14,14106,14120
 Total,18,16124,16142
NotApp :,744,*,*
AREA # 131003,Naphang,*,*
Urban/Rural,Motorboat,*,*
*,Yes,No,Total
 Urban,-,155,155
 Rural,36,16283,16319
 Total,36,16438,16474
NotApp :,40,*,*
AREA # 131051,ManKan(ST),*,*
Urban/Rural,Motorboat,*,*
*,Yes,No,Total
 Urban,-,81,81
 Rural,-,234,234
 Total,-,315,315
NotApp :,19,*,*
AREA # 131101,Kengtung,*,*
Urban/Rural,Motorboat,*,*
*,Yes,No,Total
 Urban,23,9079,9102
 Rural,11,24983,24994
 Total,34,34062,34096
NotApp :,512,*,*
AREA # 131102,Minekat,*,*
Urban/Rural,Motorboat,*,*
*,Yes,No,Total
 Urban,-,558,558
 Rural,17,7450,7467
 Total,17,8008,8025
NotApp :,133,*,*
AREA # 131103,Mineyan,*,*
Urban/Rural,Motorboat,*,*
*,Yes,No,Total
 Urban,-,989,989
 Rural,9,9121,9130
 Total,9,10110,10119
NotApp :,153,*,*
AREA # 131104,Minelar,*,*
Urban/Rural,Motorboat,*,*
*,Yes,No,Total
 Urban,3,1557,1560
 Rural,2,3646,3648
 Total,5,5203,5208
NotApp :,231,*,*
AREA # 131151,Mine Pauk(ST),*,*
Urban/Rural,Motorboat,*,*
*,Yes,No,Total
 Rural,72,9213,9285
 Total,72,9213,9285
NotApp :,65,*,*
AREA # 131201,Minesat,*,*
Urban/Rural,Motorboat,*,*
*,Yes,No,Total
 Urban,2,1559,1561
 Rural,40,14308,14348
 Total,42,15867,15909
NotApp :,313,*,*
AREA # 131202,Minepyin,*,*
Urban/Rural,Motorboat,*,*
*,Yes,No,Total
 Urban,-,1333,1333
 Rural,21,9251,9272
 Total,21,10584,10605
NotApp :,144,*,*
AREA # 131203,Minetung,*,*
Urban/Rural,Motorboat,*,*
*,Yes,No,Total
 Urban,-,1119,1119
 Rural,3,3136,3139
 Total,3,4255,4258
NotApp :,57,*,*
AREA # 131251,Minekoke(ST),*,*
Urban/Rural,Motorboat,*,*
*,Yes,No,Total
 Urban,-,284,284
 Rural,1,2917,2918
 Total,1,3201,3202
NotApp :,77,*,*
AREA # 131252,Tontar(ST),*,*
Urban/Rural,Motorboat,*,*
*,Yes,No,Total
 Urban,-,427,427
 Rural,-,2267,2267
 Total,-,2694,2694
NotApp :,33,*,*
AREA # 131253,Ponparkyin(ST),*,*
Urban/Rural,Motorboat,*,*
*,Yes,No,Total
 Urban,-,721,721
 Rural,5,6608,6613
 Total,5,7329,7334
NotApp :,83,*,*
AREA # 131254,Monehta(ST),*,*
Urban/Rural,Motorboat,*,*
*,Yes,No,Total
 Urban,-,91,91
 Rural,-,838,838
 Total,-,929,929
NotApp :,3,*,*
AREA # 131301,Tachileik,*,*
Urban/Rural,Motorboat,*,*
*,Yes,No,Total
 Urban,1,11093,11094
 Rural,19,20066,20085
 Total,20,31159,31179
NotApp :,515,*,*
AREA # 131351,Talay(ST),*,*
Urban/Rural,Motorboat,*,*
*,Yes,No,Total
 Urban,1,872,873
 Rural,2,3143,3145
 Total,3,4015,4018
NotApp :,85,*,*
AREA # 131352,Kenglat(ST),*,*
Urban/Rural,Motorboat,*,*
*,Yes,No,Total
 Urban,58,704,762
 Rural,10,1704,1714
 Total,68,2408,2476
NotApp :,39,*,*
AREA # 131401,Minephyat,*,*
Urban/Rural,Motorboat,*,*
*,Yes,No,Total
 Urban,1,1322,1323
 Rural,-,4842,4842
 Total,1,6164,6165
NotApp :,161,*,*
AREA # 131402,Mineyaung,*,*
Urban/Rural,Motorboat,*,*
*,Yes,No,Total
 Urban,1,1189,1190
 Rural,1,5138,5139
 Total,2,6327,6329
NotApp :,131,*,*
AREA # 131451,Mineyu(ST),*,*
Urban/Rural,Motorboat,*,*
*,Yes,No,Total
 Urban,10,221,231
 Rural,47,10589,10636
 Total,57,10810,10867
NotApp :,165,*,*
AREA # 140101,Kangyidaunt,*,*
Urban/Rural,Motorboat,*,*
*,Yes,No,Total
 Urban,38,2636,2674
 Rural,2299,37993,40292
 Total,2337,40629,42966
NotApp :,345,*,*
AREA # 140102,Kyaungon,*,*
Urban/Rural,Motorboat,*,*
*,Yes,No,Total
 Urban,30,3920,3950
 Rural,384,37068,37452
 Total,414,40988,41402
NotApp :,278,*,*
AREA # 140103,Kyonpyaw,*,*
Urban/Rural,Motorboat,*,*
*,Yes,No,Total
 Urban,32,5967,5999
 Rural,679,52810,53489
 Total,711,58777,59488
NotApp :,394,*,*
AREA # 140104,Ngaputaw,*,*
Urban/Rural,Motorboat,*,*
*,Yes,No,Total
 Urban,118,2423,2541
 Rural,3909,30926,34835
 Total,4027,33349,37376
NotApp :,231,*,*
AREA # 140105,Pathein,*,*
Urban/Rural,Motorboat,*,*
*,Yes,No,Total
 Urban,421,37020,37441
 Rural,1537,27058,28595
 Total,1958,64078,66036
NotApp :,851,*,*
AREA # 140106,Yekyi,*,*
Urban/Rural,Motorboat,*,*
*,Yes,No,Total
 Urban,1,2765,2766
 Rural,520,24516,25036
 Total,521,27281,27802
NotApp :,199,*,*
AREA # 140107,Thapaung,*,*
Urban/Rural,Motorboat,*,*
*,Yes,No,Total
 Urban,31,1709,1740
 Rural,2565,32932,35497
 Total,2596,34641,37237
NotApp :,376,*,*
AREA # 140151,Ngayokaung(ST),*,*
Urban/Rural,Motorboat,*,*
*,Yes,No,Total
 Urban,108,725,833
 Rural,749,8619,9368
 Total,857,9344,10201
NotApp :,68,*,*
AREA # 140152,Hainggyikyun(ST),*,*
Urban/Rural,Motorboat,*,*
*,Yes,No,Total
 Urban,238,3311,3549
 Rural,2617,22909,25526
 Total,2855,26220,29075
NotApp :,204,*,*
AREA # 140153,Shwethaungyan(ST),*,*
Urban/Rural,Motorboat,*,*
*,Yes,No,Total
 Urban,77,742,819
 Rural,904,8458,9362
 Total,981,9200,10181
NotApp :,202,*,*
AREA # 140154,Ngwehsaung(ST),*,*
Urban/Rural,Motorboat,*,*
*,Yes,No,Total
 Urban,72,2603,2675
 Rural,240,6555,6795
 Total,312,9158,9470
NotApp :,180,*,*
AREA # 140155,Ngathaingchaung(ST),*,*
Urban/Rural,Motorboat,*,*
*,Yes,No,Total
 Urban,45,4552,4597
 Rural,857,17459,18316
 Total,902,22011,22913
NotApp :,199,*,*
AREA # 140201,Kyaiklatt,*,*
Urban/Rural,Motorboat,*,*
*,Yes,No,Total
 Urban,120,5297,5417
 Rural,6152,32179,38331
 Total,6272,37476,43748
NotApp :,526,*,*
AREA # 140202,Daydaye,*,*
Urban/Rural,Motorboat,*,*
*,Yes,No,Total
 Urban,135,3431,3566
 Rural,7919,37125,45044
 Total,8054,40556,48610
NotApp :,479,*,*
AREA # 140203,Phyapon,*,*
Urban/Rural,Motorboat,*,*
*,Yes,No,Total
 Urban,206,9848,10054
 Rural,3679,27897,31576
 Total,3885,37745,41630
NotApp :,366,*,*
AREA # 140204,Bogale,*,*
Urban/Rural,Motorboat,*,*
*,Yes,No,Total
 Urban,214,9901,10115
 Rural,9582,56290,65872
 Total,9796,66191,75987
NotApp :,607,*,*
AREA # 140251,Ahmar(ST),*,*
Urban/Rural,Motorboat,*,*
*,Yes,No,Total
 Urban,100,677,777
 Rural,2805,24204,27009
 Total,2905,24881,27786
NotApp :,383,*,*
AREA # 140301,Nyaungdon,*,*
Urban/Rural,Motorboat,*,*
*,Yes,No,Total
 Urban,40,5860,5900
 Rural,2850,42451,45301
 Total,2890,48311,51201
NotApp :,457,*,*
AREA # 140302,Danubyu,*,*
Urban/Rural,Motorboat,*,*
*,Yes,No,Total
 Urban,25,5155,5180
 Rural,1479,38138,39617
 Total,1504,43293,44797
NotApp :,310,*,*
AREA # 140303,Pantanaw,*,*
Urban/Rural,Motorboat,*,*
*,Yes,No,Total
 Urban,82,4210,4292
 Rural,3382,52603,55985
 Total,3464,56813,60277
NotApp :,434,*,*
AREA # 140304,Maubin,*,*
Urban/Rural,Motorboat,*,*
*,Yes,No,Total
 Urban,75,9062,9137
 Rural,6089,56578,62667
 Total,6164,65640,71804
NotApp :,629,*,*
AREA # 140401,Myaungmya,*,*
Urban/Rural,Motorboat,*,*
*,Yes,No,Total
 Urban,176,12337,12513
 Rural,4552,49107,53659
 Total,4728,61444,66172
NotApp :,571,*,*
AREA # 140402,Wakema,*,*
Urban/Rural,Motorboat,*,*
*,Yes,No,Total
 Urban,109,5196,5305
 Rural,6608,55535,62143
 Total,6717,60731,67448
NotApp :,575,*,*
AREA # 140403,Einme,*,*
Urban/Rural,Motorboat,*,*
*,Yes,No,Total
 Urban,99,2947,3046
 Rural,1956,41453,43409
 Total,2055,44400,46455
NotApp :,362,*,*
AREA # 140501,Mawlamyinegyun,*,*
Urban/Rural,Motorboat,*,*
*,Yes,No,Total
 Urban,332,7251,7583
 Rural,10780,56523,67303
 Total,11112,63774,74886
NotApp :,436,*,*
AREA # 140502,Labutta,*,*
Urban/Rural,Motorboat,*,*
*,Yes,No,Total
 Urban,197,7006,7203
 Rural,5564,42379,47943
 Total,5761,49385,55146
NotApp :,425,*,*
AREA # 140551,Pyinsalu(ST),*,*
Urban/Rural,Motorboat,*,*
*,Yes,No,Total
 Urban,72,429,501
 Rural,2899,17037,19936
 Total,2971,17466,20437
NotApp :,161,*,*
AREA # 140601,Kyangin,*,*
Urban/Rural,Motorboat,*,*
*,Yes,No,Total
 Urban,28,5278,5306
 Rural,155,21396,21551
 Total,183,26674,26857
NotApp :,241,*,*
AREA # 140602,Zalun,*,*
Urban/Rural,Motorboat,*,*
*,Yes,No,Total
 Urban,58,5199,5257
 Rural,1009,35807,36816
 Total,1067,41006,42073
NotApp :,220,*,*
AREA # 140603,Myanaung,*,*
Urban/Rural,Motorboat,*,*
*,Yes,No,Total
 Urban,92,5957,6049
 Rural,367,53504,53871
 Total,459,59461,59920
NotApp :,437,*,*
AREA # 140604,Laymyethna,*,*
Urban/Rural,Motorboat,*,*
*,Yes,No,Total
 Urban,4,766,770
 Rural,251,25223,25474
 Total,255,25989,26244
NotApp :,310,*,*
AREA # 140605,Hinthada,*,*
Urban/Rural,Motorboat,*,*
*,Yes,No,Total
 Urban,81,19748,19829
 Rural,934,65366,66300
 Total,1015,85114,86129
NotApp :,639,*,*
AREA # 140606,Ingapu,*,*
Urban/Rural,Motorboat,*,*
*,Yes,No,Total
 Urban,1,3577,3578
 Rural,377,53274,53651
 Total,378,56851,57229
NotApp :,515,*,*
AREA # 150101,Tatkon,*,*
Urban/Rural,Motorboat,*,*
*,Yes,No,Total
 Urban,2,9144,9146
 Rural,14,42587,42601
 Total,16,51731,51747
NotApp :,415,*,*
AREA # 150102,Zeyarthiri,*,*
Urban/Rural,Motorboat,*,*
*,Yes,No,Total
 Urban,2,8244,8246
 Rural,15,17814,17829
 Total,17,26058,26075
NotApp :,326,*,*
AREA # 150103,Ottarathiri,*,*
Urban/Rural,Motorboat,*,*
*,Yes,No,Total
 Urban,-,4895,4895
 Rural,12,13754,13766
 Total,12,18649,18661
NotApp :,325,*,*
AREA # 150104,Pobbathiri,*,*
Urban/Rural,Motorboat,*,*
*,Yes,No,Total
 Urban,5,10243,10248
 Rural,1,17367,17368
 Total,6,27610,27616
NotApp :,382,*,*
AREA # 150201,Pyinmana,*,*
Urban/Rural,Motorboat,*,*
*,Yes,No,Total
 Urban,8,14448,14456
 Rural,13,25194,25207
 Total,21,39642,39663
NotApp :,695,*,*
AREA # 150202,Lewe,*,*
Urban/Rural,Motorboat,*,*
*,Yes,No,Total
 Urban,2,6121,6123
 Rural,42,59009,59051
 Total,44,65130,65174
NotApp :,584,*,*
AREA # 150203,Zabuthiri,*,*
Urban/Rural,Motorboat,*,*
*,Yes,No,Total
 Urban,14,24708,24722
 Rural,1,1597,1598
 Total,15,26305,26320
NotApp :,869,*,*
AREA # 150204,Dekkhinathiri,*,*
Urban/Rural,Motorboat,*,*
*,Yes,No,Total
 Urban,-,908,908
 Rural,11,6078,6089
 Total,11,6986,6997
NotApp :,205,*,*
SUMMARY,*,*,*
Urban/Rural,Motorboat,*,*
*,Yes,No,Total
 Urban,15190,3034243,3049433
 Rural,221400,7606999,7828399
 Total,236590,10641242,10877832
NotApp :,137752,*,*
