Urban_Rural,Radio_Yes,Radio_No,Radio_Total
AREA # 010101,Myitkyina,*,*
Urban/Rural,Radio,*,*
*,Yes,No,Total
 Urban,21678,17990,39668
 Rural,5880,5035,10915
 Total,27558,23025,50583
NotApp :,1258,*,*
AREA # 010102,Waingmaw,*,*
Urban/Rural,Radio,*,*
*,Yes,No,Total
 Urban,2058,1762,3820
 Rural,7270,8690,15960
 Total,9328,10452,19780
NotApp :,241,*,*
AREA # 010103,Ingyanyan,*,*
Urban/Rural,Radio,*,*
*,Yes,No,Total
 Urban,39,39,78
 Rural,76,131,207
 Total,115,170,285
NotApp :,35,*,*
AREA # 010104,Tanaing,*,*
Urban/Rural,Radio,*,*
*,Yes,No,Total
 Urban,1614,2080,3694
 Rural,1096,1608,2704
 Total,2710,3688,6398
NotApp :,303,*,*
AREA # 010105,Chiphwe,*,*
Urban/Rural,Radio,*,*
*,Yes,No,Total
 Urban,135,194,329
 Rural,370,1232,1602
 Total,505,1426,1931
NotApp :,11,*,*
AREA # 010106,Hsotlaw,*,*
Urban/Rural,Radio,*,*
*,Yes,No,Total
 Urban,34,32,66
 Rural,356,651,1007
 Total,390,683,1073
NotApp :,4,*,*
AREA # 010151,Hsinbo(ST),*,*
Urban/Rural,Radio,*,*
*,Yes,No,Total
 Urban,349,355,704
 Rural,496,808,1304
 Total,845,1163,2008
NotApp :,80,*,*
AREA # 010152,Hsadone(ST),*,*
Urban/Rural,Radio,*,*
*,Yes,No,Total
 Urban,145,365,510
 Rural,280,820,1100
 Total,425,1185,1610
NotApp :,9,*,*
AREA # 010153,Kanpaikti(ST),*,*
Urban/Rural,Radio,*,*
*,Yes,No,Total
 Urban,30,144,174
 Rural,268,1028,1296
 Total,298,1172,1470
NotApp :,20,*,*
AREA # 010154,Shinbwayyan(ST),*,*
Urban/Rural,Radio,*,*
*,Yes,No,Total
 Urban,393,632,1025
 Rural,413,692,1105
 Total,806,1324,2130
NotApp :,15,*,*
AREA # 010155,Panwa(ST),*,*
Urban/Rural,Radio,*,*
*,Yes,No,Total
 Urban,55,141,196
 Rural,149,1030,1179
 Total,204,1171,1375
NotApp :,41,*,*
AREA # 010201,Mohnyin,*,*
Urban/Rural,Radio,*,*
*,Yes,No,Total
 Urban,2558,3795,6353
 Rural,12246,11591,23837
 Total,14804,15386,30190
NotApp :,542,*,*
AREA # 010202,Mogaung,*,*
Urban/Rural,Radio,*,*
*,Yes,No,Total
 Urban,1604,2844,4448
 Rural,8573,11877,20450
 Total,10177,14721,24898
NotApp :,208,*,*
AREA # 010203,Phakant,*,*
Urban/Rural,Radio,*,*
*,Yes,No,Total
 Urban,2042,4814,6856
 Rural,7846,18432,26278
 Total,9888,23246,33134
NotApp :,1665,*,*
AREA # 010251,Hopin(ST),*,*
Urban/Rural,Radio,*,*
*,Yes,No,Total
 Urban,2420,2121,4541
 Rural,2895,1996,4891
 Total,5315,4117,9432
NotApp :,114,*,*
AREA # 010252,Kamine(ST),*,*
Urban/Rural,Radio,*,*
*,Yes,No,Total
 Urban,477,553,1030
 Rural,1319,1149,2468
 Total,1796,1702,3498
NotApp :,131,*,*
AREA # 010301,Bhamo,*,*
Urban/Rural,Radio,*,*
*,Yes,No,Total
 Urban,4924,4591,9515
 Rural,7493,7153,14646
 Total,12417,11744,24161
NotApp :,571,*,*
AREA # 010302,Shwegu,*,*
Urban/Rural,Radio,*,*
*,Yes,No,Total
 Urban,796,2606,3402
 Rural,4753,7673,12426
 Total,5549,10279,15828
NotApp :,336,*,*
AREA # 010303,Momauk,*,*
Urban/Rural,Radio,*,*
*,Yes,No,Total
 Urban,825,1265,2090
 Rural,1910,4634,6544
 Total,2735,5899,8634
NotApp :,144,*,*
AREA # 010304,Mansi,*,*
Urban/Rural,Radio,*,*
*,Yes,No,Total
 Urban,595,1023,1618
 Rural,3409,5527,8936
 Total,4004,6550,10554
NotApp :,82,*,*
AREA # 010351,Myohla(ST),*,*
Urban/Rural,Radio,*,*
*,Yes,No,Total
 Urban,138,223,361
 Rural,215,217,432
 Total,353,440,793
NotApp :,11,*,*
AREA # 010352,Lwe`ge`(ST),*,*
Urban/Rural,Radio,*,*
*,Yes,No,Total
 Urban,128,1097,1225
 Rural,72,206,278
 Total,200,1303,1503
NotApp :,24,*,*
AREA # 010353,Dotphoneyan(ST),*,*
Urban/Rural,Radio,*,*
*,Yes,No,Total
 Urban,192,119,311
 Rural,583,1339,1922
 Total,775,1458,2233
NotApp :,65,*,*
AREA # 010401,Putao,*,*
Urban/Rural,Radio,*,*
*,Yes,No,Total
 Urban,948,1863,2811
 Rural,1675,6257,7932
 Total,2623,8120,10743
NotApp :,94,*,*
AREA # 010402,Sumprabum,*,*
Urban/Rural,Radio,*,*
*,Yes,No,Total
 Urban,131,41,172
 Rural,202,105,307
 Total,333,146,479
NotApp :,18,*,*
AREA # 010403,Machanbaw,*,*
Urban/Rural,Radio,*,*
*,Yes,No,Total
 Urban,189,219,408
 Rural,328,983,1311
 Total,517,1202,1719
NotApp :,31,*,*
AREA # 010404,Khaunglanphoo,*,*
Urban/Rural,Radio,*,*
*,Yes,No,Total
 Urban,54,16,70
 Rural,949,692,1641
 Total,1003,708,1711
NotApp :,2,*,*
AREA # 010405,Naungmoon,*,*
Urban/Rural,Radio,*,*
*,Yes,No,Total
 Urban,142,218,360
 Rural,127,456,583
 Total,269,674,943
NotApp :,4,*,*
AREA # 010451,Pannandin(ST),*,*
Urban/Rural,Radio,*,*
*,Yes,No,Total
 Urban,9,15,24
 Rural,100,145,245
 Total,109,160,269
NotApp :,1,*,*
AREA # 020101,Loikaw,*,*
Urban/Rural,Radio,*,*
*,Yes,No,Total
 Urban,3564,6858,10422
 Rural,4708,11365,16073
 Total,8272,18223,26495
NotApp :,304,*,*
AREA # 020102,Dimawso,*,*
Urban/Rural,Radio,*,*
*,Yes,No,Total
 Urban,426,711,1137
 Rural,3858,10352,14210
 Total,4284,11063,15347
NotApp :,105,*,*
AREA # 020103,Phruso,*,*
Urban/Rural,Radio,*,*
*,Yes,No,Total
 Urban,310,543,853
 Rural,1235,3822,5057
 Total,1545,4365,5910
NotApp :,78,*,*
AREA # 020104,Shardaw,*,*
Urban/Rural,Radio,*,*
*,Yes,No,Total
 Urban,90,246,336
 Rural,127,943,1070
 Total,217,1189,1406
NotApp :,28,*,*
AREA # 020201,Bawlakhe,*,*
Urban/Rural,Radio,*,*
*,Yes,No,Total
 Urban,222,617,839
 Rural,208,542,750
 Total,430,1159,1589
NotApp :,81,*,*
AREA # 020202,Parsaung,*,*
Urban/Rural,Radio,*,*
*,Yes,No,Total
 Urban,158,436,594
 Rural,1003,3136,4139
 Total,1161,3572,4733
NotApp :,302,*,*
AREA # 020203,Meisi,*,*
Urban/Rural,Radio,*,*
*,Yes,No,Total
 Urban,98,97,195
 Rural,395,712,1107
 Total,493,809,1302
NotApp :,55,*,*
AREA # 020251,Ywathit(ST),*,*
Urban/Rural,Radio,*,*
*,Yes,No,Total
 Urban,158,134,292
 Rural,119,81,200
 Total,277,215,492
NotApp :,30,*,*
AREA # 030101,Hpa-an,*,*
Urban/Rural,Radio,*,*
*,Yes,No,Total
 Urban,3607,11161,14768
 Rural,19736,54693,74429
 Total,23343,65854,89197
NotApp :,1176,*,*
AREA # 030102,Hlaingbwe,*,*
Urban/Rural,Radio,*,*
*,Yes,No,Total
 Urban,392,1887,2279
 Rural,4823,24484,29307
 Total,5215,26371,31586
NotApp :,379,*,*
AREA # 030103,Thandaunggyi,*,*
Urban/Rural,Radio,*,*
*,Yes,No,Total
 Urban,987,2075,3062
 Rural,809,1938,2747
 Total,1796,4013,5809
NotApp :,36,*,*
AREA # 030151,Paingkyon(ST),*,*
Urban/Rural,Radio,*,*
*,Yes,No,Total
 Urban,166,641,807
 Rural,2886,14085,16971
 Total,3052,14726,17778
NotApp :,210,*,*
AREA # 030152,Shan Ywathit(ST),*,*
Urban/Rural,Radio,*,*
*,Yes,No,Total
 Urban,5,78,83
 Rural,279,3394,3673
 Total,284,3472,3756
NotApp :,29,*,*
AREA # 030153,Leiktho(ST),*,*
Urban/Rural,Radio,*,*
*,Yes,No,Total
 Urban,240,367,607
 Rural,2497,6822,9319
 Total,2737,7189,9926
NotApp :,73,*,*
AREA # 030154,Bawgali(ST),*,*
Urban/Rural,Radio,*,*
*,Yes,No,Total
 Urban,171,265,436
 Rural,1162,1807,2969
 Total,1333,2072,3405
NotApp :,7,*,*
AREA # 030201,Pharpon,*,*
Urban/Rural,Radio,*,*
*,Yes,No,Total
 Urban,218,415,633
 Rural,479,1432,1911
 Total,697,1847,2544
NotApp :,108,*,*
AREA # 030251,Kamamaung(ST},*,*
Urban/Rural,Radio,*,*
*,Yes,No,Total
 Urban,757,1992,2749
 Rural,172,1037,1209
 Total,929,3029,3958
NotApp :,52,*,*
AREA # 030301,Myawady,*,*
Urban/Rural,Radio,*,*
*,Yes,No,Total
 Urban,3419,20597,24016
 Rural,3691,13551,17242
 Total,7110,34148,41258
NotApp :,937,*,*
AREA # 030351,Sugali(ST),*,*
Urban/Rural,Radio,*,*
*,Yes,No,Total
 Urban,16,59,75
 Rural,55,931,986
 Total,71,990,1061
NotApp :,24,*,*
AREA # 030352,Wawlaymyaing(ST),*,*
Urban/Rural,Radio,*,*
*,Yes,No,Total
 Urban,56,521,577
 Rural,146,974,1120
 Total,202,1495,1697
NotApp :,44,*,*
AREA # 030401,Kawkareik,*,*
Urban/Rural,Radio,*,*
*,Yes,No,Total
 Urban,2987,5495,8482
 Rural,9927,27089,37016
 Total,12914,32584,45498
NotApp :,393,*,*
AREA # 030402,Kyarinseikkyi,*,*
Urban/Rural,Radio,*,*
*,Yes,No,Total
 Urban,611,1206,1817
 Rural,6132,14091,20223
 Total,6743,15297,22040
NotApp :,270,*,*
AREA # 030451,Payarthonezu(ST),*,*
Urban/Rural,Radio,*,*
*,Yes,No,Total
 Urban,286,5810,6096
 Rural,1752,9947,11699
 Total,2038,15757,17795
NotApp :,271,*,*
AREA # 030452,Kyaidon(ST),*,*
Urban/Rural,Radio,*,*
*,Yes,No,Total
 Urban,176,504,680
 Rural,1047,9006,10053
 Total,1223,9510,10733
NotApp :,114,*,*
AREA # 040101,HaKa,*,*
Urban/Rural,Radio,*,*
*,Yes,No,Total
 Urban,1205,4016,5221
 Rural,622,4074,4696
 Total,1827,8090,9917
NotApp :,107,*,*
AREA # 040102,Thantlang,*,*
Urban/Rural,Radio,*,*
*,Yes,No,Total
 Urban,379,1128,1507
 Rural,1399,6876,8275
 Total,1778,8004,9782
NotApp :,38,*,*
AREA # 040201,Falam,*,*
Urban/Rural,Radio,*,*
*,Yes,No,Total
 Urban,498,1504,2002
 Rural,1020,5406,6426
 Total,1518,6910,8428
NotApp :,60,*,*
AREA # 040202,Tedim,*,*
Urban/Rural,Radio,*,*
*,Yes,No,Total
 Urban,549,1701,2250
 Rural,2018,10415,12433
 Total,2567,12116,14683
NotApp :,65,*,*
AREA # 040203,Tonzaung,*,*
Urban/Rural,Radio,*,*
*,Yes,No,Total
 Urban,115,525,640
 Rural,331,2440,2771
 Total,446,2965,3411
NotApp :,37,*,*
AREA # 040251,Rihkhuadal(ST),*,*
Urban/Rural,Radio,*,*
*,Yes,No,Total
 Urban,45,625,670
 Rural,98,430,528
 Total,143,1055,1198
NotApp :,12,*,*
AREA # 040252,Cikha(ST),*,*
Urban/Rural,Radio,*,*
*,Yes,No,Total
 Urban,30,185,215
 Rural,120,1195,1315
 Total,150,1380,1530
NotApp :,6,*,*
AREA # 040301,Mindat,*,*
Urban/Rural,Radio,*,*
*,Yes,No,Total
 Urban,1168,1175,2343
 Rural,1771,4408,6179
 Total,2939,5583,8522
NotApp :,95,*,*
AREA # 040302,Matupi,*,*
Urban/Rural,Radio,*,*
*,Yes,No,Total
 Urban,390,1280,1670
 Rural,712,5254,5966
 Total,1102,6534,7636
NotApp :,43,*,*
AREA # 040303,Kanpalet,*,*
Urban/Rural,Radio,*,*
*,Yes,No,Total
 Urban,437,370,807
 Rural,1013,2157,3170
 Total,1450,2527,3977
NotApp :,66,*,*
AREA # 040304,Paletwat,*,*
Urban/Rural,Radio,*,*
*,Yes,No,Total
 Urban,535,815,1350
 Rural,2514,9429,11943
 Total,3049,10244,13293
NotApp :,86,*,*
AREA # 040351,Reazu(ST),*,*
Urban/Rural,Radio,*,*
*,Yes,No,Total
 Urban,118,344,462
 Rural,306,1753,2059
 Total,424,2097,2521
NotApp :,14,*,*
AREA # 040352,Sami(ST),*,*
Urban/Rural,Radio,*,*
*,Yes,No,Total
 Urban,112,521,633
 Rural,1030,4560,5590
 Total,1142,5081,6223
NotApp :,100,*,*
AREA # 050101,Sagaing,*,*
Urban/Rural,Radio,*,*
*,Yes,No,Total
 Urban,4278,12218,16496
 Rural,20579,28068,48647
 Total,24857,40286,65143
NotApp :,1842,*,*
AREA # 050102,Myinmu,*,*
Urban/Rural,Radio,*,*
*,Yes,No,Total
 Urban,1174,2457,3631
 Rural,11795,9878,21673
 Total,12969,12335,25304
NotApp :,264,*,*
AREA # 050103,Myaung,*,*
Urban/Rural,Radio,*,*
*,Yes,No,Total
 Urban,637,1316,1953
 Rural,14098,8211,22309
 Total,14735,9527,24262
NotApp :,350,*,*
AREA # 050201,Shwebo,*,*
Urban/Rural,Radio,*,*
*,Yes,No,Total
 Urban,3188,10343,13531
 Rural,14647,22069,36716
 Total,17835,32412,50247
NotApp :,467,*,*
AREA # 050202,Khin U,*,*
Urban/Rural,Radio,*,*
*,Yes,No,Total
 Urban,647,1644,2291
 Rural,13595,16738,30333
 Total,14242,18382,32624
NotApp :,271,*,*
AREA # 050203,Wetlet,*,*
Urban/Rural,Radio,*,*
*,Yes,No,Total
 Urban,831,1475,2306
 Rural,23679,20727,44406
 Total,24510,22202,46712
NotApp :,437,*,*
AREA # 050204,Kambalu,*,*
Urban/Rural,Radio,*,*
*,Yes,No,Total
 Urban,2064,3119,5183
 Rural,24592,31551,56143
 Total,26656,34670,61326
NotApp :,537,*,*
AREA # 050205,Kyunhlau,*,*
Urban/Rural,Radio,*,*
*,Yes,No,Total
 Urban,733,1766,2499
 Rural,7898,10466,18364
 Total,8631,12232,20863
NotApp :,224,*,*
AREA # 050206,Ye U,*,*
Urban/Rural,Radio,*,*
*,Yes,No,Total
 Urban,1105,2860,3965
 Rural,10805,11603,22408
 Total,11910,14463,26373
NotApp :,308,*,*
AREA # 050207,Depayin,*,*
Urban/Rural,Radio,*,*
*,Yes,No,Total
 Urban,258,697,955
 Rural,13594,15796,29390
 Total,13852,16493,30345
NotApp :,367,*,*
AREA # 050208,Tasei,*,*
Urban/Rural,Radio,*,*
*,Yes,No,Total
 Urban,979,1993,2972
 Rural,15878,17087,32965
 Total,16857,19080,35937
NotApp :,328,*,*
AREA # 050251,Kyaukmyaung(ST),*,*
Urban/Rural,Radio,*,*
*,Yes,No,Total
 Urban,530,1776,2306
 Rural,1822,2922,4744
 Total,2352,4698,7050
NotApp :,65,*,*
AREA # 050301,Monywa,*,*
Urban/Rural,Radio,*,*
*,Yes,No,Total
 Urban,14681,25725,40406
 Rural,16516,19040,35556
 Total,31197,44765,75962
NotApp :,1167,*,*
AREA # 050302,Butalin,*,*
Urban/Rural,Radio,*,*
*,Yes,No,Total
 Urban,563,630,1193
 Rural,14571,12852,27423
 Total,15134,13482,28616
NotApp :,389,*,*
AREA # 050303,Ayartaw,*,*
Urban/Rural,Radio,*,*
*,Yes,No,Total
 Urban,687,1468,2155
 Rural,17120,16316,33436
 Total,17807,17784,35591
NotApp :,378,*,*
AREA # 050304,Chaung Oo,*,*
Urban/Rural,Radio,*,*
*,Yes,No,Total
 Urban,2025,3056,5081
 Rural,10256,8039,18295
 Total,12281,11095,23376
NotApp :,254,*,*
AREA # 050401,Katha,*,*
Urban/Rural,Radio,*,*
*,Yes,No,Total
 Urban,2179,3084,5263
 Rural,14236,12462,26698
 Total,16415,15546,31961
NotApp :,447,*,*
AREA # 050402,Indaw,*,*
Urban/Rural,Radio,*,*
*,Yes,No,Total
 Urban,413,1429,1842
 Rural,7186,14202,21388
 Total,7599,15631,23230
NotApp :,320,*,*
AREA # 050403,Tigyaing,*,*
Urban/Rural,Radio,*,*
*,Yes,No,Total
 Urban,475,2595,3070
 Rural,7524,15795,23319
 Total,7999,18390,26389
NotApp :,279,*,*
AREA # 050404,Banmauk,*,*
Urban/Rural,Radio,*,*
*,Yes,No,Total
 Urban,286,926,1212
 Rural,5071,12585,17656
 Total,5357,13511,18868
NotApp :,678,*,*
AREA # 050405,Kawlin,*,*
Urban/Rural,Radio,*,*
*,Yes,No,Total
 Urban,647,3922,4569
 Rural,8332,18502,26834
 Total,8979,22424,31403
NotApp :,408,*,*
AREA # 050406,Wuntho,*,*
Urban/Rural,Radio,*,*
*,Yes,No,Total
 Urban,434,2156,2590
 Rural,3104,8511,11615
 Total,3538,10667,14205
NotApp :,321,*,*
AREA # 050407,Pinlebu,*,*
Urban/Rural,Radio,*,*
*,Yes,No,Total
 Urban,389,1080,1469
 Rural,5934,14497,20431
 Total,6323,15577,21900
NotApp :,382,*,*
AREA # 050501,Kalay,*,*
Urban/Rural,Radio,*,*
*,Yes,No,Total
 Urban,7347,18374,25721
 Rural,14370,32678,47048
 Total,21717,51052,72769
NotApp :,551,*,*
AREA # 050502,Kalewa,*,*
Urban/Rural,Radio,*,*
*,Yes,No,Total
 Urban,778,1175,1953
 Rural,4627,5155,9782
 Total,5405,6330,11735
NotApp :,183,*,*
AREA # 050503,Mingin,*,*
Urban/Rural,Radio,*,*
*,Yes,No,Total
 Urban,446,390,836
 Rural,11719,9503,21222
 Total,12165,9893,22058
NotApp :,359,*,*
AREA # 050601,Tamu,*,*
Urban/Rural,Radio,*,*
*,Yes,No,Total
 Urban,2832,6157,8989
 Rural,1008,1989,2997
 Total,3840,8146,11986
NotApp :,97,*,*
AREA # 050651,Myothit(ST),*,*
Urban/Rural,Radio,*,*
*,Yes,No,Total
 Urban,108,200,308
 Rural,806,1983,2789
 Total,914,2183,3097
NotApp :,38,*,*
AREA # 050652,Khampat(ST),*,*
Urban/Rural,Radio,*,*
*,Yes,No,Total
 Urban,600,2238,2838
 Rural,1160,3510,4670
 Total,1760,5748,7508
NotApp :,25,*,*
AREA # 050701,Mawlaik,*,*
Urban/Rural,Radio,*,*
*,Yes,No,Total
 Urban,845,979,1824
 Rural,4366,4155,8521
 Total,5211,5134,10345
NotApp :,173,*,*
AREA # 050702,Phaungpyin,*,*
Urban/Rural,Radio,*,*
*,Yes,No,Total
 Urban,852,1090,1942
 Rural,8415,9889,18304
 Total,9267,10979,20246
NotApp :,277,*,*
AREA # 050801,Hkamti,*,*
Urban/Rural,Radio,*,*
*,Yes,No,Total
 Urban,818,1365,2183
 Rural,1464,3714,5178
 Total,2282,5079,7361
NotApp :,521,*,*
AREA # 050802,Homalin,*,*
Urban/Rural,Radio,*,*
*,Yes,No,Total
 Urban,1312,2263,3575
 Rural,10939,21229,32168
 Total,12251,23492,35743
NotApp :,1266,*,*
AREA # 050803,Leshi,*,*
Urban/Rural,Radio,*,*
*,Yes,No,Total
 Urban,126,127,253
 Rural,395,1008,1403
 Total,521,1135,1656
NotApp :,53,*,*
AREA # 050804,Lahe,*,*
Urban/Rural,Radio,*,*
*,Yes,No,Total
 Urban,211,327,538
 Rural,598,5841,6439
 Total,809,6168,6977
NotApp :,37,*,*
AREA # 050805,Nanyun,*,*
Urban/Rural,Radio,*,*
*,Yes,No,Total
 Urban,194,181,375
 Rural,303,890,1193
 Total,497,1071,1568
NotApp :,17,*,*
AREA # 050851,Mobaingluk(ST),*,*
Urban/Rural,Radio,*,*
*,Yes,No,Total
 Urban,63,147,210
 Rural,23,77,100
 Total,86,224,310
NotApp :,2,*,*
AREA # 050852,Sonemara(ST),*,*
Urban/Rural,Radio,*,*
*,Yes,No,Total
 Urban,101,185,286
 Rural,255,653,908
 Total,356,838,1194
NotApp :,10,*,*
AREA # 050853,Htanparkway(ST),*,*
Urban/Rural,Radio,*,*
*,Yes,No,Total
 Urban,15,113,128
 Rural,35,598,633
 Total,50,711,761
NotApp :,9,*,*
AREA # 050854,Pansaung(ST),*,*
Urban/Rural,Radio,*,*
*,Yes,No,Total
 Urban,129,209,338
 Rural,205,1806,2011
 Total,334,2015,2349
NotApp :,5,*,*
AREA # 050855,Donhee(ST),*,*
Urban/Rural,Radio,*,*
*,Yes,No,Total
 Urban,24,145,169
 Rural,146,3608,3754
 Total,170,3753,3923
NotApp :,10,*,*
AREA # 050901,Yinmarpin,*,*
Urban/Rural,Radio,*,*
*,Yes,No,Total
 Urban,501,576,1077
 Rural,18127,10328,28455
 Total,18628,10904,29532
NotApp :,265,*,*
AREA # 050902,Salingyi,*,*
Urban/Rural,Radio,*,*
*,Yes,No,Total
 Urban,567,655,1222
 Rural,13807,11438,25245
 Total,14374,12093,26467
NotApp :,384,*,*
AREA # 050903,Palae,*,*
Urban/Rural,Radio,*,*
*,Yes,No,Total
 Urban,335,596,931
 Rural,17883,13548,31431
 Total,18218,14144,32362
NotApp :,338,*,*
AREA # 050904,Kani,*,*
Urban/Rural,Radio,*,*
*,Yes,No,Total
 Urban,882,256,1138
 Rural,18174,9911,28085
 Total,19056,10167,29223
NotApp :,351,*,*
AREA # 060101,Dawei,*,*
Urban/Rural,Radio,*,*
*,Yes,No,Total
 Urban,5839,9543,15382
 Rural,4386,5175,9561
 Total,10225,14718,24943
NotApp :,551,*,*
AREA # 060102,Lounglon,*,*
Urban/Rural,Radio,*,*
*,Yes,No,Total
 Urban,396,844,1240
 Rural,10204,14291,24495
 Total,10600,15135,25735
NotApp :,291,*,*
AREA # 060103,Thayetchaung,*,*
Urban/Rural,Radio,*,*
*,Yes,No,Total
 Urban,1116,1291,2407
 Rural,7380,13087,20467
 Total,8496,14378,22874
NotApp :,255,*,*
AREA # 060104,Yebyu,*,*
Urban/Rural,Radio,*,*
*,Yes,No,Total
 Urban,606,471,1077
 Rural,8345,12651,20996
 Total,8951,13122,22073
NotApp :,316,*,*
AREA # 060151,Myitta(ST),*,*
Urban/Rural,Radio,*,*
*,Yes,No,Total
 Urban,113,383,496
 Rural,1102,2592,3694
 Total,1215,2975,4190
NotApp :,72,*,*
AREA # 060152,Kaleinaung(ST),*,*
Urban/Rural,Radio,*,*
*,Yes,No,Total
 Urban,234,390,624
 Rural,985,2668,3653
 Total,1219,3058,4277
NotApp :,141,*,*
AREA # 060201,Myeik,*,*
Urban/Rural,Radio,*,*
*,Yes,No,Total
 Urban,7545,14003,21548
 Rural,12178,20623,32801
 Total,19723,34626,54349
NotApp :,763,*,*
AREA # 060202,Kyunsu,*,*
Urban/Rural,Radio,*,*
*,Yes,No,Total
 Urban,525,617,1142
 Rural,11422,20424,31846
 Total,11947,21041,32988
NotApp :,330,*,*
AREA # 060203,Palaw,*,*
Urban/Rural,Radio,*,*
*,Yes,No,Total
 Urban,779,2792,3571
 Rural,4361,10593,14954
 Total,5140,13385,18525
NotApp :,178,*,*
AREA # 060204,Tanintharyi,*,*
Urban/Rural,Radio,*,*
*,Yes,No,Total
 Urban,248,878,1126
 Rural,5572,13231,18803
 Total,5820,14109,19929
NotApp :,325,*,*
AREA # 060251,Palauk(ST),*,*
Urban/Rural,Radio,*,*
*,Yes,No,Total
 Urban,218,993,1211
 Rural,1528,4389,5917
 Total,1746,5382,7128
NotApp :,45,*,*
AREA # 060301,Kawthoung,*,*
Urban/Rural,Radio,*,*
*,Yes,No,Total
 Urban,2372,10208,12580
 Rural,3086,9815,12901
 Total,5458,20023,25481
NotApp :,367,*,*
AREA # 060302,Bokepyin,*,*
Urban/Rural,Radio,*,*
*,Yes,No,Total
 Urban,229,818,1047
 Rural,1776,6053,7829
 Total,2005,6871,8876
NotApp :,187,*,*
AREA # 060351,Khamaukgyi,*,*
Urban/Rural,Radio,*,*
*,Yes,No,Total
 Urban,442,1913,2355
 Rural,563,1947,2510
 Total,1005,3860,4865
NotApp :,126,*,*
AREA # 060352,Pyigyimandaing,*,*
Urban/Rural,Radio,*,*
*,Yes,No,Total
 Urban,196,519,715
 Rural,585,1804,2389
 Total,781,2323,3104
NotApp :,91,*,*
AREA # 060353,Karathuri(ST),*,*
Urban/Rural,Radio,*,*
*,Yes,No,Total
 Urban,132,154,286
 Rural,990,2486,3476
 Total,1122,2640,3762
NotApp :,102,*,*
AREA # 070101,Bago,*,*
Urban/Rural,Radio,*,*
*,Yes,No,Total
 Urban,13022,41870,54892
 Rural,18010,34230,52240
 Total,31032,76100,107132
NotApp :,1161,*,*
AREA # 070102,Tanatpin,*,*
Urban/Rural,Radio,*,*
*,Yes,No,Total
 Urban,1091,2538,3629
 Rural,11409,17489,28898
 Total,12500,20027,32527
NotApp :,222,*,*
AREA # 070103,Kawa,*,*
Urban/Rural,Radio,*,*
*,Yes,No,Total
 Urban,1015,3239,4254
 Rural,18116,23705,41821
 Total,19131,26944,46075
NotApp :,248,*,*
AREA # 070104,Waw,*,*
Urban/Rural,Radio,*,*
*,Yes,No,Total
 Urban,1390,3656,5046
 Rural,13993,18044,32037
 Total,15383,21700,37083
NotApp :,296,*,*
AREA # 070105,Nyaunglebin,*,*
Urban/Rural,Radio,*,*
*,Yes,No,Total
 Urban,3909,9153,13062
 Rural,14339,17361,31700
 Total,18248,26514,44762
NotApp :,311,*,*
AREA # 070106,Kyauktaga,*,*
Urban/Rural,Radio,*,*
*,Yes,No,Total
 Urban,1707,5166,6873
 Rural,15440,29335,44775
 Total,17147,34501,51648
NotApp :,363,*,*
AREA # 070107,Daik U,*,*
Urban/Rural,Radio,*,*
*,Yes,No,Total
 Urban,2322,6418,8740
 Rural,14773,22240,37013
 Total,17095,28658,45753
NotApp :,339,*,*
AREA # 070108,Shwegyin,*,*
Urban/Rural,Radio,*,*
*,Yes,No,Total
 Urban,1506,3359,4865
 Rural,7253,9664,16917
 Total,8759,13023,21782
NotApp :,240,*,*
AREA # 070201,Toungoo,*,*
Urban/Rural,Radio,*,*
*,Yes,No,Total
 Urban,6096,15804,21900
 Rural,11067,24493,35560
 Total,17163,40297,57460
NotApp :,871,*,*
AREA # 070202,Yaedashe,*,*
Urban/Rural,Radio,*,*
*,Yes,No,Total
 Urban,1326,4629,5955
 Rural,15024,29548,44572
 Total,16350,34177,50527
NotApp :,460,*,*
AREA # 070203,Kyaukkyi,*,*
Urban/Rural,Radio,*,*
*,Yes,No,Total
 Urban,658,1600,2258
 Rural,6411,14214,20625
 Total,7069,15814,22883
NotApp :,203,*,*
AREA # 070204,Pyu,*,*
Urban/Rural,Radio,*,*
*,Yes,No,Total
 Urban,2597,11230,13827
 Rural,13265,27839,41104
 Total,15862,39069,54931
NotApp :,386,*,*
AREA # 070205,Oatwin,*,*
Urban/Rural,Radio,*,*
*,Yes,No,Total
 Urban,710,2499,3209
 Rural,11389,22272,33661
 Total,12099,24771,36870
NotApp :,276,*,*
AREA # 070206,Htantapin,*,*
Urban/Rural,Radio,*,*
*,Yes,No,Total
 Urban,709,1667,2376
 Rural,7884,16521,24405
 Total,8593,18188,26781
NotApp :,169,*,*
AREA # 070301,Pyay,*,*
Urban/Rural,Radio,*,*
*,Yes,No,Total
 Urban,8258,20557,28815
 Rural,14199,15543,29742
 Total,22457,36100,58557
NotApp :,1014,*,*
AREA # 070302,Paukkhaung,*,*
Urban/Rural,Radio,*,*
*,Yes,No,Total
 Urban,1497,2109,3606
 Rural,15114,13627,28741
 Total,16611,15736,32347
NotApp :,302,*,*
AREA # 070303,Padaung,*,*
Urban/Rural,Radio,*,*
*,Yes,No,Total
 Urban,1500,2968,4468
 Rural,17803,16621,34424
 Total,19303,19589,38892
NotApp :,412,*,*
AREA # 070304,Paunde,*,*
Urban/Rural,Radio,*,*
*,Yes,No,Total
 Urban,1967,4514,6481
 Rural,14684,15535,30219
 Total,16651,20049,36700
NotApp :,296,*,*
AREA # 070305,Thegon,*,*
Urban/Rural,Radio,*,*
*,Yes,No,Total
 Urban,1520,2746,4266
 Rural,15458,16226,31684
 Total,16978,18972,35950
NotApp :,304,*,*
AREA # 070306,Shwedaung,*,*
Urban/Rural,Radio,*,*
*,Yes,No,Total
 Urban,1712,2806,4518
 Rural,14199,14847,29046
 Total,15911,17653,33564
NotApp :,368,*,*
AREA # 070401,Tharyarwaddy,*,*
Urban/Rural,Radio,*,*
*,Yes,No,Total
 Urban,2260,5904,8164
 Rural,11821,16641,28462
 Total,14081,22545,36626
NotApp :,285,*,*
AREA # 070402,Letpadan,*,*
Urban/Rural,Radio,*,*
*,Yes,No,Total
 Urban,1471,4264,5735
 Rural,16625,21124,37749
 Total,18096,25388,43484
NotApp :,336,*,*
AREA # 070403,Minhla,*,*
Urban/Rural,Radio,*,*
*,Yes,No,Total
 Urban,735,1967,2702
 Rural,11726,16466,28192
 Total,12461,18433,30894
NotApp :,231,*,*
AREA # 070404,Okpo,*,*
Urban/Rural,Radio,*,*
*,Yes,No,Total
 Urban,741,2059,2800
 Rural,11020,18074,29094
 Total,11761,20133,31894
NotApp :,283,*,*
AREA # 070405,Zigon,*,*
Urban/Rural,Radio,*,*
*,Yes,No,Total
 Urban,1043,2924,3967
 Rural,5331,8912,14243
 Total,6374,11836,18210
NotApp :,160,*,*
AREA # 070406,Nattalin,*,*
Urban/Rural,Radio,*,*
*,Yes,No,Total
 Urban,1587,3055,4642
 Rural,19106,22021,41127
 Total,20693,25076,45769
NotApp :,317,*,*
AREA # 070407,Monyo,*,*
Urban/Rural,Radio,*,*
*,Yes,No,Total
 Urban,914,1466,2380
 Rural,14737,16170,30907
 Total,15651,17636,33287
NotApp :,232,*,*
AREA # 070408,Gyobingauk,*,*
Urban/Rural,Radio,*,*
*,Yes,No,Total
 Urban,1222,4362,5584
 Rural,10149,14853,25002
 Total,11371,19215,30586
NotApp :,233,*,*
AREA # 080101,Magway,*,*
Urban/Rural,Radio,*,*
*,Yes,No,Total
 Urban,3953,15917,19870
 Rural,21476,27331,48807
 Total,25429,43248,68677
NotApp :,1053,*,*
AREA # 080102,Yenangyoung,*,*
Urban/Rural,Radio,*,*
*,Yes,No,Total
 Urban,2710,7966,10676
 Rural,10420,11404,21824
 Total,13130,19370,32500
NotApp :,490,*,*
AREA # 080103,Chauk,*,*
Urban/Rural,Radio,*,*
*,Yes,No,Total
 Urban,2667,7734,10401
 Rural,16605,17612,34217
 Total,19272,25346,44618
NotApp :,539,*,*
AREA # 080104,Taungdwingyi,*,*
Urban/Rural,Radio,*,*
*,Yes,No,Total
 Urban,3146,6909,10055
 Rural,28183,22025,50208
 Total,31329,28934,60263
NotApp :,426,*,*
AREA # 080105,Myothit,*,*
Urban/Rural,Radio,*,*
*,Yes,No,Total
 Urban,881,865,1746
 Rural,19889,15313,35202
 Total,20770,16178,36948
NotApp :,339,*,*
AREA # 080106,Natmauk,*,*
Urban/Rural,Radio,*,*
*,Yes,No,Total
 Urban,1476,1698,3174
 Rural,27230,18022,45252
 Total,28706,19720,48426
NotApp :,396,*,*
AREA # 080201,Minbu,*,*
Urban/Rural,Radio,*,*
*,Yes,No,Total
 Urban,2110,7080,9190
 Rural,14540,20087,34627
 Total,16650,27167,43817
NotApp :,551,*,*
AREA # 080202,Pwint Phyu,*,*
Urban/Rural,Radio,*,*
*,Yes,No,Total
 Urban,491,963,1454
 Rural,16855,21455,38310
 Total,17346,22418,39764
NotApp :,475,*,*
AREA # 080203,Ngape,*,*
Urban/Rural,Radio,*,*
*,Yes,No,Total
 Urban,319,660,979
 Rural,5499,5979,11478
 Total,5818,6639,12457
NotApp :,159,*,*
AREA # 080204,Salin,*,*
Urban/Rural,Radio,*,*
*,Yes,No,Total
 Urban,1070,1716,2786
 Rural,29102,23717,52819
 Total,30172,25433,55605
NotApp :,631,*,*
AREA # 080205,Saytottara,*,*
Urban/Rural,Radio,*,*
*,Yes,No,Total
 Urban,434,1091,1525
 Rural,4760,4495,9255
 Total,5194,5586,10780
NotApp :,279,*,*
AREA # 080301,Thayet,*,*
Urban/Rural,Radio,*,*
*,Yes,No,Total
 Urban,970,3593,4563
 Rural,10639,10770,21409
 Total,11609,14363,25972
NotApp :,302,*,*
AREA # 080302,Minhla,*,*
Urban/Rural,Radio,*,*
*,Yes,No,Total
 Urban,707,2274,2981
 Rural,13301,15340,28641
 Total,14008,17614,31622
NotApp :,346,*,*
AREA # 080303,Mindon,*,*
Urban/Rural,Radio,*,*
*,Yes,No,Total
 Urban,607,663,1270
 Rural,7842,7697,15539
 Total,8449,8360,16809
NotApp :,207,*,*
AREA # 080304,Kamma,*,*
Urban/Rural,Radio,*,*
*,Yes,No,Total
 Urban,795,499,1294
 Rural,10486,7363,17849
 Total,11281,7862,19143
NotApp :,208,*,*
AREA # 080305,Aunglan,*,*
Urban/Rural,Radio,*,*
*,Yes,No,Total
 Urban,1899,9726,11625
 Rural,18673,27311,45984
 Total,20572,37037,57609
NotApp :,479,*,*
AREA # 080306,Sinpaungwe`,*,*
Urban/Rural,Radio,*,*
*,Yes,No,Total
 Urban,456,825,1281
 Rural,13785,13618,27403
 Total,14241,14443,28684
NotApp :,290,*,*
AREA # 080401,Pakokku,*,*
Urban/Rural,Radio,*,*
*,Yes,No,Total
 Urban,5648,13421,19069
 Rural,21551,25720,47271
 Total,27199,39141,66340
NotApp :,723,*,*
AREA # 080402,Yesagyo,*,*
Urban/Rural,Radio,*,*
*,Yes,No,Total
 Urban,1918,2981,4899
 Rural,25359,17074,42433
 Total,27277,20055,47332
NotApp :,485,*,*
AREA # 080403,Myaing,*,*
Urban/Rural,Radio,*,*
*,Yes,No,Total
 Urban,651,1150,1801
 Rural,30146,21694,51840
 Total,30797,22844,53641
NotApp :,502,*,*
AREA # 080404,Pauk,*,*
Urban/Rural,Radio,*,*
*,Yes,No,Total
 Urban,710,991,1701
 Rural,20416,16848,37264
 Total,21126,17839,38965
NotApp :,326,*,*
AREA # 080405,Seikphyu,*,*
Urban/Rural,Radio,*,*
*,Yes,No,Total
 Urban,857,1272,2129
 Rural,10657,10641,21298
 Total,11514,11913,23427
NotApp :,208,*,*
AREA # 080501,Gangaw,*,*
Urban/Rural,Radio,*,*
*,Yes,No,Total
 Urban,1186,2072,3258
 Rural,11642,15012,26654
 Total,12828,17084,29912
NotApp :,303,*,*
AREA # 080502,Htilin,*,*
Urban/Rural,Radio,*,*
*,Yes,No,Total
 Urban,515,608,1123
 Rural,5637,3772,9409
 Total,6152,4380,10532
NotApp :,182,*,*
AREA # 080503,Saw,*,*
Urban/Rural,Radio,*,*
*,Yes,No,Total
 Urban,628,633,1261
 Rural,4347,2717,7064
 Total,4975,3350,8325
NotApp :,212,*,*
AREA # 080551,Kyaukhtu(ST),*,*
Urban/Rural,Radio,*,*
*,Yes,No,Total
 Urban,656,484,1140
 Rural,4204,2265,6469
 Total,4860,2749,7609
NotApp :,103,*,*
AREA # 090101,Aungmyetharzan,*,*
Urban/Rural,Radio,*,*
*,Yes,No,Total
 Urban,11630,38101,49731
 Total,11630,38101,49731
NotApp :,971,*,*
AREA # 090102,Chanayeharzan,*,*
Urban/Rural,Radio,*,*
*,Yes,No,Total
 Urban,8165,25116,33281
 Total,8165,25116,33281
NotApp :,1883,*,*
AREA # 090103,Mahaaungmye,*,*
Urban/Rural,Radio,*,*
*,Yes,No,Total
 Urban,9164,32763,41927
 Total,9164,32763,41927
NotApp :,754,*,*
AREA # 090104,Chanmyatharzi,*,*
Urban/Rural,Radio,*,*
*,Yes,No,Total
 Urban,12187,40860,53047
 Total,12187,40860,53047
NotApp :,901,*,*
AREA # 090105,Pyigyidagun,*,*
Urban/Rural,Radio,*,*
*,Yes,No,Total
 Urban,9954,33921,43875
 Total,9954,33921,43875
NotApp :,1032,*,*
AREA # 090106,Amarapura,*,*
Urban/Rural,Radio,*,*
*,Yes,No,Total
 Urban,3821,12809,16630
 Rural,11575,21421,32996
 Total,15396,34230,49626
NotApp :,572,*,*
AREA # 090107,Patheingyi,*,*
Urban/Rural,Radio,*,*
*,Yes,No,Total
 Urban,911,1791,2702
 Rural,17420,32868,50288
 Total,18331,34659,52990
NotApp :,902,*,*
AREA # 090201,Pyin Oo Lwin,*,*
Urban/Rural,Radio,*,*
*,Yes,No,Total
 Urban,9242,22699,31941
 Rural,8958,12483,21441
 Total,18200,35182,53382
NotApp :,962,*,*
AREA # 090202,Madaya,*,*
Urban/Rural,Radio,*,*
*,Yes,No,Total
 Urban,1529,3782,5311
 Rural,22409,30925,53334
 Total,23938,34707,58645
NotApp :,508,*,*
AREA # 090203,Sinku,*,*
Urban/Rural,Radio,*,*
*,Yes,No,Total
 Urban,419,1313,1732
 Rural,12154,20647,32801
 Total,12573,21960,34533
NotApp :,281,*,*
AREA # 090204,Mogok,*,*
Urban/Rural,Radio,*,*
*,Yes,No,Total
 Urban,3807,12879,16686
 Rural,5412,13149,18561
 Total,9219,26028,35247
NotApp :,586,*,*
AREA # 090205,Thabeikkyin,*,*
Urban/Rural,Radio,*,*
*,Yes,No,Total
 Urban,308,880,1188
 Rural,7580,16981,24561
 Total,7888,17861,25749
NotApp :,297,*,*
AREA # 090251,Tagaung,*,*
Urban/Rural,Radio,*,*
*,Yes,No,Total
 Urban,485,1308,1793
 Rural,1631,3968,5599
 Total,2116,5276,7392
NotApp :,96,*,*
AREA # 090301,Kyaukse,*,*
Urban/Rural,Radio,*,*
*,Yes,No,Total
 Urban,2072,6419,8491
 Rural,18714,30560,49274
 Total,20786,36979,57765
NotApp :,526,*,*
AREA # 090302,Singaing,*,*
Urban/Rural,Radio,*,*
*,Yes,No,Total
 Urban,566,1214,1780
 Rural,12084,19715,31799
 Total,12650,20929,33579
NotApp :,464,*,*
AREA # 090303,Myitthar,*,*
Urban/Rural,Radio,*,*
*,Yes,No,Total
 Urban,1350,2996,4346
 Rural,16497,25174,41671
 Total,17847,28170,46017
NotApp :,399,*,*
AREA # 090304,Tada U,*,*
Urban/Rural,Radio,*,*
*,Yes,No,Total
 Urban,846,1806,2652
 Rural,14600,15375,29975
 Total,15446,17181,32627
NotApp :,340,*,*
AREA # 090401,Myingyan,*,*
Urban/Rural,Radio,*,*
*,Yes,No,Total
 Urban,4731,14166,18897
 Rural,22070,21373,43443
 Total,26801,35539,62340
NotApp :,622,*,*
AREA # 090402,Taungtha,*,*
Urban/Rural,Radio,*,*
*,Yes,No,Total
 Urban,1583,2280,3863
 Rural,25074,20915,45989
 Total,26657,23195,49852
NotApp :,425,*,*
AREA # 090403,Natogyi,*,*
Urban/Rural,Radio,*,*
*,Yes,No,Total
 Urban,890,1952,2842
 Rural,19335,18788,38123
 Total,20225,20740,40965
NotApp :,349,*,*
AREA # 090404,Kyaukpadaung,*,*
Urban/Rural,Radio,*,*
*,Yes,No,Total
 Urban,3678,5335,9013
 Rural,28431,24517,52948
 Total,32109,29852,61961
NotApp :,497,*,*
AREA # 090405,Ngazun,*,*
Urban/Rural,Radio,*,*
*,Yes,No,Total
 Urban,528,1129,1657
 Rural,13354,12827,26181
 Total,13882,13956,27838
NotApp :,295,*,*
AREA # 090501,Nyaung U,*,*
Urban/Rural,Radio,*,*
*,Yes,No,Total
 Urban,2812,6703,9515
 Rural,18499,16648,35147
 Total,21311,23351,44662
NotApp :,603,*,*
AREA # 090551,Ngat,*,*
Urban/Rural,Radio,*,*
*,Yes,No,Total
 Urban,571,868,1439
 Rural,4862,3510,8372
 Total,5433,4378,9811
NotApp :,69,*,*
AREA # 090601,Yame`thin,*,*
Urban/Rural,Radio,*,*
*,Yes,No,Total
 Urban,1933,3394,5327
 Rural,27835,24097,51932
 Total,29768,27491,57259
NotApp :,559,*,*
AREA # 090602,Pyawbwe,*,*
Urban/Rural,Radio,*,*
*,Yes,No,Total
 Urban,2034,4840,6874
 Rural,26602,25387,51989
 Total,28636,30227,58863
NotApp :,497,*,*
AREA # 090701,Meiktila,*,*
Urban/Rural,Radio,*,*
*,Yes,No,Total
 Urban,7892,16071,23963
 Rural,22355,22121,44476
 Total,30247,38192,68439
NotApp :,998,*,*
AREA # 090702,MahlYaing,*,*
Urban/Rural,Radio,*,*
*,Yes,No,Total
 Urban,1005,2106,3111
 Rural,16935,13281,30216
 Total,17940,15387,33327
NotApp :,382,*,*
AREA # 090703,Thazi,*,*
Urban/Rural,Radio,*,*
*,Yes,No,Total
 Urban,1266,3454,4720
 Rural,19153,21019,40172
 Total,20419,24473,44892
NotApp :,484,*,*
AREA # 090704,Wundwin,*,*
Urban/Rural,Radio,*,*
*,Yes,No,Total
 Urban,2117,5183,7300
 Rural,22823,23446,46269
 Total,24940,28629,53569
NotApp :,474,*,*
AREA # 100101,Mawlamyine,*,*
Urban/Rural,Radio,*,*
*,Yes,No,Total
 Urban,12578,37156,49734
 Rural,2734,4989,7723
 Total,15312,42145,57457
NotApp :,954,*,*
AREA # 100102,Kyaikemaraw,*,*
Urban/Rural,Radio,*,*
*,Yes,No,Total
 Urban,475,1701,2176
 Rural,10055,26657,36712
 Total,10530,28358,38888
NotApp :,478,*,*
AREA # 100103,Chaungzon,*,*
Urban/Rural,Radio,*,*
*,Yes,No,Total
 Urban,930,814,1744
 Rural,12796,13404,26200
 Total,13726,14218,27944
NotApp :,292,*,*
AREA # 100104,Thanbyuzayat,*,*
Urban/Rural,Radio,*,*
*,Yes,No,Total
 Urban,3179,8536,11715
 Rural,8198,16321,24519
 Total,11377,24857,36234
NotApp :,470,*,*
AREA # 100105,Mudon,*,*
Urban/Rural,Radio,*,*
*,Yes,No,Total
 Urban,3444,7348,10792
 Rural,11394,17126,28520
 Total,14838,24474,39312
NotApp :,541,*,*
AREA # 100106,Ye,*,*
Urban/Rural,Radio,*,*
*,Yes,No,Total
 Urban,1524,4589,6113
 Rural,5761,18117,23878
 Total,7285,22706,29991
NotApp :,508,*,*
AREA # 100151,Lamine,*,*
Urban/Rural,Radio,*,*
*,Yes,No,Total
 Urban,1156,1811,2967
 Rural,5331,10341,15672
 Total,6487,12152,18639
NotApp :,149,*,*
AREA # 100152,Khawzar,*,*
Urban/Rural,Radio,*,*
*,Yes,No,Total
 Urban,162,616,778
 Rural,659,3381,4040
 Total,821,3997,4818
NotApp :,70,*,*
AREA # 100201,Thaton,*,*
Urban/Rural,Radio,*,*
*,Yes,No,Total
 Urban,2214,8492,10706
 Rural,13923,23655,37578
 Total,16137,32147,48284
NotApp :,603,*,*
AREA # 100202,Paung,*,*
Urban/Rural,Radio,*,*
*,Yes,No,Total
 Urban,1696,4206,5902
 Rural,14164,23660,37824
 Total,15860,27866,43726
NotApp :,460,*,*
AREA # 100203,Kyaikto,*,*
Urban/Rural,Radio,*,*
*,Yes,No,Total
 Urban,1471,6045,7516
 Rural,10741,19831,30572
 Total,12212,25876,38088
NotApp :,848,*,*
AREA # 100204,Bilin,*,*
Urban/Rural,Radio,*,*
*,Yes,No,Total
 Urban,948,3096,4044
 Rural,12180,23007,35187
 Total,13128,26103,39231
NotApp :,544,*,*
AREA # 110101,Sittway,*,*
Urban/Rural,Radio,*,*
*,Yes,No,Total
 Urban,6502,12404,18906
 Rural,3054,7076,10130
 Total,9556,19480,29036
NotApp :,377,*,*
AREA # 110102,Ponnagyun,*,*
Urban/Rural,Radio,*,*
*,Yes,No,Total
 Urban,863,1603,2466
 Rural,5718,17151,22869
 Total,6581,18754,25335
NotApp :,246,*,*
AREA # 110103,Pauktaw,*,*
Urban/Rural,Radio,*,*
*,Yes,No,Total
 Urban,915,1555,2470
 Rural,6426,21648,28074
 Total,7341,23203,30544
NotApp :,349,*,*
AREA # 110104,Yethedaung,*,*
Urban/Rural,Radio,*,*
*,Yes,No,Total
 Urban,560,950,1510
 Rural,6839,15992,22831
 Total,7399,16942,24341
NotApp :,255,*,*
AREA # 110201,Myauk U,*,*
Urban/Rural,Radio,*,*
*,Yes,No,Total
 Urban,2362,4912,7274
 Rural,8941,25310,34251
 Total,11303,30222,41525
NotApp :,517,*,*
AREA # 110202,Kyauktaw,*,*
Urban/Rural,Radio,*,*
*,Yes,No,Total
 Urban,1577,2262,3839
 Rural,9678,22978,32656
 Total,11255,25240,36495
NotApp :,327,*,*
AREA # 110203,Minbya,*,*
Urban/Rural,Radio,*,*
*,Yes,No,Total
 Urban,1494,3121,4615
 Rural,7433,24580,32013
 Total,8927,27701,36628
NotApp :,359,*,*
AREA # 110204,Myebon,*,*
Urban/Rural,Radio,*,*
*,Yes,No,Total
 Urban,988,1630,2618
 Rural,8624,20097,28721
 Total,9612,21727,31339
NotApp :,244,*,*
AREA # 110301,Maungtaw,*,*
Urban/Rural,Radio,*,*
*,Yes,No,Total
 Urban,853,1461,2314
 Rural,1185,3891,5076
 Total,2038,5352,7390
NotApp :,142,*,*
AREA # 110302,Buthidaung,*,*
Urban/Rural,Radio,*,*
*,Yes,No,Total
 Urban,767,1295,2062
 Rural,2330,6872,9202
 Total,3097,8167,11264
NotApp :,178,*,*
AREA # 110351,Taungpyoletwe(ST),*,*
Urban/Rural,Radio,*,*
*,Yes,No,Total
 Urban,34,124,158
 Rural,24,324,348
 Total,58,448,506
NotApp :,17,*,*
AREA # 110401,Kyaukpyu,*,*
Urban/Rural,Radio,*,*
*,Yes,No,Total
 Urban,1255,2999,4254
 Rural,8232,24778,33010
 Total,9487,27777,37264
NotApp :,491,*,*
AREA # 110402,Mannaung,*,*
Urban/Rural,Radio,*,*
*,Yes,No,Total
 Urban,462,844,1306
 Rural,4984,8445,13429
 Total,5446,9289,14735
NotApp :,186,*,*
AREA # 110403,Yanbye,*,*
Urban/Rural,Radio,*,*
*,Yes,No,Total
 Urban,1012,1236,2248
 Rural,5733,14437,20170
 Total,6745,15673,22418
NotApp :,325,*,*
AREA # 110404,An,*,*
Urban/Rural,Radio,*,*
*,Yes,No,Total
 Urban,556,1322,1878
 Rural,6452,19029,25481
 Total,7008,20351,27359
NotApp :,324,*,*
AREA # 110501,Thandwe,*,*
Urban/Rural,Radio,*,*
*,Yes,No,Total
 Urban,1531,1819,3350
 Rural,13359,14366,27725
 Total,14890,16185,31075
NotApp :,580,*,*
AREA # 110502,Toungup,*,*
Urban/Rural,Radio,*,*
*,Yes,No,Total
 Urban,2117,4061,6178
 Rural,7904,11157,19061
 Total,10021,15218,25239
NotApp :,343,*,*
AREA # 110503,Gwa,*,*
Urban/Rural,Radio,*,*
*,Yes,No,Total
 Urban,907,1581,2488
 Rural,3749,5008,8757
 Total,4656,6589,11245
NotApp :,115,*,*
AREA # 110551,Maei(ST),*,*
Urban/Rural,Radio,*,*
*,Yes,No,Total
 Urban,396,819,1215
 Rural,3300,5438,8738
 Total,3696,6257,9953
NotApp :,96,*,*
AREA # 110552,Kyeintali(ST),*,*
Urban/Rural,Radio,*,*
*,Yes,No,Total
 Urban,775,700,1475
 Rural,2326,2280,4606
 Total,3101,2980,6081
NotApp :,76,*,*
AREA # 120101,Insein,*,*
Urban/Rural,Radio,*,*
*,Yes,No,Total
 Urban,23395,38281,61676
 Total,23395,38281,61676
NotApp :,993,*,*
AREA # 120102,Mingaladon,*,*
Urban/Rural,Radio,*,*
*,Yes,No,Total
 Urban,6154,35487,41641
 Rural,3261,21401,24662
 Total,9415,56888,66303
NotApp :,1749,*,*
AREA # 120103,Hmawby,*,*
Urban/Rural,Radio,*,*
*,Yes,No,Total
 Urban,1091,4851,5942
 Rural,11738,38789,50527
 Total,12829,43640,56469
NotApp :,902,*,*
AREA # 120104,Hlegu,*,*
Urban/Rural,Radio,*,*
*,Yes,No,Total
 Urban,1788,6961,8749
 Rural,12526,36748,49274
 Total,14314,43709,58023
NotApp :,1175,*,*
AREA # 120105,Taikkyi,*,*
Urban/Rural,Radio,*,*
*,Yes,No,Total
 Urban,4027,16332,20359
 Rural,15539,31101,46640
 Total,19566,47433,66999
NotApp :,614,*,*
AREA # 120106,Htantabin,*,*
Urban/Rural,Radio,*,*
*,Yes,No,Total
 Urban,326,1730,2056
 Rural,8712,23443,32155
 Total,9038,25173,34211
NotApp :,229,*,*
AREA # 120107,Shwepyitha,*,*
Urban/Rural,Radio,*,*
*,Yes,No,Total
 Urban,13405,45106,58511
 Rural,2395,12869,15264
 Total,15800,57975,73775
NotApp :,834,*,*
AREA # 120108,Hlinethaya,*,*
Urban/Rural,Radio,*,*
*,Yes,No,Total
 Urban,10053,93754,103807
 Rural,5376,39528,44904
 Total,15429,133282,148711
NotApp :,1246,*,*
AREA # 120201,Thingangyun,*,*
Urban/Rural,Radio,*,*
*,Yes,No,Total
 Urban,8478,34842,43320
 Total,8478,34842,43320
NotApp :,265,*,*
AREA # 120202,Yankin,*,*
Urban/Rural,Radio,*,*
*,Yes,No,Total
 Urban,5542,9095,14637
 Total,5542,9095,14637
NotApp :,149,*,*
AREA # 120203,South Okkalapa,*,*
Urban/Rural,Radio,*,*
*,Yes,No,Total
 Urban,6334,26391,32725
 Total,6334,26391,32725
NotApp :,418,*,*
AREA # 120204,North Okkalapa,*,*
Urban/Rural,Radio,*,*
*,Yes,No,Total
 Urban,10320,54436,64756
 Total,10320,54436,64756
NotApp :,946,*,*
AREA # 120205,Thakayta,*,*
Urban/Rural,Radio,*,*
*,Yes,No,Total
 Urban,5523,39933,45456
 Total,5523,39933,45456
NotApp :,451,*,*
AREA # 120206,Dawbon,*,*
Urban/Rural,Radio,*,*
*,Yes,No,Total
 Urban,2060,12349,14409
 Total,2060,12349,14409
NotApp :,154,*,*
AREA # 120207,Tamway,*,*
Urban/Rural,Radio,*,*
*,Yes,No,Total
 Urban,9266,26094,35360
 Total,9266,26094,35360
NotApp :,633,*,*
AREA # 120208,Pazuntaung,*,*
Urban/Rural,Radio,*,*
*,Yes,No,Total
 Urban,2719,7587,10306
 Total,2719,7587,10306
NotApp :,215,*,*
AREA # 120209,Botahtaung,*,*
Urban/Rural,Radio,*,*
*,Yes,No,Total
 Urban,3444,4953,8397
 Total,3444,4953,8397
NotApp :,295,*,*
AREA # 120210,Dagon Myothit(South),*,*
Urban/Rural,Radio,*,*
*,Yes,No,Total
 Urban,13243,63741,76984
 Total,13243,63741,76984
NotApp :,751,*,*
AREA # 120211,Dagon Myothit(North),*,*
Urban/Rural,Radio,*,*
*,Yes,No,Total
 Urban,13417,29287,42704
 Total,13417,29287,42704
NotApp :,126,*,*
AREA # 120212,Dagon Myothit(East),*,*
Urban/Rural,Radio,*,*
*,Yes,No,Total
 Urban,10964,20931,31895
 Rural,727,1291,2018
 Total,11691,22222,33913
NotApp :,814,*,*
AREA # 120213,Dagon Myothit(Seik),*,*
Urban/Rural,Radio,*,*
*,Yes,No,Total
 Urban,7755,26417,34172
 Rural,856,2877,3733
 Total,8611,29294,37905
NotApp :,383,*,*
AREA # 120214,Mingala Taungnyunt,*,*
Urban/Rural,Radio,*,*
*,Yes,No,Total
 Urban,4362,21556,25918
 Total,4362,21556,25918
NotApp :,325,*,*
AREA # 120301,Thanlyin,*,*
Urban/Rural,Radio,*,*
*,Yes,No,Total
 Urban,2680,16029,18709
 Rural,9727,33161,42888
 Total,12407,49190,61597
NotApp :,594,*,*
AREA # 120302,Kyauktan,*,*
Urban/Rural,Radio,*,*
*,Yes,No,Total
 Urban,1716,8148,9864
 Rural,8623,14489,23112
 Total,10339,22637,32976
NotApp :,324,*,*
AREA # 120303,Thongwa,*,*
Urban/Rural,Radio,*,*
*,Yes,No,Total
 Urban,1252,5504,6756
 Rural,12698,20633,33331
 Total,13950,26137,40087
NotApp :,287,*,*
AREA # 120304,Khayan,*,*
Urban/Rural,Radio,*,*
*,Yes,No,Total
 Urban,1426,6452,7878
 Rural,13930,17506,31436
 Total,15356,23958,39314
NotApp :,203,*,*
AREA # 120305,Twantay,*,*
Urban/Rural,Radio,*,*
*,Yes,No,Total
 Urban,3770,5427,9197
 Rural,16599,25806,42405
 Total,20369,31233,51602
NotApp :,365,*,*
AREA # 120306,Kawhmu,*,*
Urban/Rural,Radio,*,*
*,Yes,No,Total
 Urban,622,1609,2231
 Rural,11133,16428,27561
 Total,11755,18037,29792
NotApp :,220,*,*
AREA # 120307,Kungyangon,*,*
Urban/Rural,Radio,*,*
*,Yes,No,Total
 Urban,912,3046,3958
 Rural,9319,15075,24394
 Total,10231,18121,28352
NotApp :,207,*,*
AREA # 120308,Dala,*,*
Urban/Rural,Radio,*,*
*,Yes,No,Total
 Urban,3036,22295,25331
 Rural,3748,8833,12581
 Total,6784,31128,37912
NotApp :,211,*,*
AREA # 120309,Seikkyi/Khanaungto,*,*
Urban/Rural,Radio,*,*
*,Yes,No,Total
 Urban,1488,6241,7729
 Total,1488,6241,7729
NotApp :,39,*,*
AREA # 120310,Cocogyun,*,*
Urban/Rural,Radio,*,*
*,Yes,No,Total
 Urban,143,208,351
 Total,143,208,351
NotApp :,8,*,*
AREA # 120351,Tada(ST),*,*
Urban/Rural,Radio,*,*
*,Yes,No,Total
 Urban,762,1728,2490
 Rural,3419,3584,7003
 Total,4181,5312,9493
NotApp :,57,*,*
AREA # 120401,Kyauktada,*,*
Urban/Rural,Radio,*,*
*,Yes,No,Total
 Urban,1396,4724,6120
 Total,1396,4724,6120
NotApp :,412,*,*
AREA # 120402,Pabedan,*,*
Urban/Rural,Radio,*,*
*,Yes,No,Total
 Urban,1282,5281,6563
 Total,1282,5281,6563
NotApp :,145,*,*
AREA # 120403,Lanmadaw,*,*
Urban/Rural,Radio,*,*
*,Yes,No,Total
 Urban,2159,6440,8599
 Total,2159,6440,8599
NotApp :,607,*,*
AREA # 120404,Latha,*,*
Urban/Rural,Radio,*,*
*,Yes,No,Total
 Urban,1211,3262,4473
 Total,1211,3262,4473
NotApp :,510,*,*
AREA # 120405,Ahlon,*,*
Urban/Rural,Radio,*,*
*,Yes,No,Total
 Urban,7173,3770,10943
 Total,7173,3770,10943
NotApp :,503,*,*
AREA # 120406,Kyimyindine,*,*
Urban/Rural,Radio,*,*
*,Yes,No,Total
 Urban,13837,9225,23062
 Total,13837,9225,23062
NotApp :,182,*,*
AREA # 120407,Sangyoung,*,*
Urban/Rural,Radio,*,*
*,Yes,No,Total
 Urban,9940,10695,20635
 Total,9940,10695,20635
NotApp :,1228,*,*
AREA # 120408,Hline,*,*
Urban/Rural,Radio,*,*
*,Yes,No,Total
 Urban,17926,14911,32837
 Total,17926,14911,32837
NotApp :,851,*,*
AREA # 120409,Kamayut,*,*
Urban/Rural,Radio,*,*
*,Yes,No,Total
 Urban,6304,9995,16299
 Total,6304,9995,16299
NotApp :,1002,*,*
AREA # 120410,Mayangon,*,*
Urban/Rural,Radio,*,*
*,Yes,No,Total
 Urban,10936,27871,38807
 Total,10936,27871,38807
NotApp :,891,*,*
AREA # 120411,Dagon,*,*
Urban/Rural,Radio,*,*
*,Yes,No,Total
 Urban,1506,3102,4608
 Total,1506,3102,4608
NotApp :,176,*,*
AREA # 120412,Bahan,*,*
Urban/Rural,Radio,*,*
*,Yes,No,Total
 Urban,5201,12225,17426
 Total,5201,12225,17426
NotApp :,1076,*,*
AREA # 120413,Seikkan,*,*
Urban/Rural,Radio,*,*
*,Yes,No,Total
 Urban,59,351,410
 Total,59,351,410
NotApp :,67,*,*
AREA # 130101,Taunggyi,*,*
Urban/Rural,Radio,*,*
*,Yes,No,Total
 Urban,22755,33893,56648
 Rural,7421,18535,25956
 Total,30176,52428,82604
NotApp :,922,*,*
AREA # 130102,Nyaungshwe,*,*
Urban/Rural,Radio,*,*
*,Yes,No,Total
 Urban,1243,1816,3059
 Rural,12558,27017,39575
 Total,13801,28833,42634
NotApp :,550,*,*
AREA # 130103,Hopon,*,*
Urban/Rural,Radio,*,*
*,Yes,No,Total
 Urban,1327,3209,4536
 Rural,3756,16436,20192
 Total,5083,19645,24728
NotApp :,246,*,*
AREA # 130104,Hsihseng,*,*
Urban/Rural,Radio,*,*
*,Yes,No,Total
 Urban,1306,1343,2649
 Rural,6781,23341,30122
 Total,8087,24684,32771
NotApp :,323,*,*
AREA # 130105,Kalaw,*,*
Urban/Rural,Radio,*,*
*,Yes,No,Total
 Urban,3428,9170,12598
 Rural,8179,20564,28743
 Total,11607,29734,41341
NotApp :,409,*,*
AREA # 130106,Pindaya,*,*
Urban/Rural,Radio,*,*
*,Yes,No,Total
 Urban,929,1330,2259
 Rural,6395,8890,15285
 Total,7324,10220,17544
NotApp :,214,*,*
AREA # 130107,Ywarngan,*,*
Urban/Rural,Radio,*,*
*,Yes,No,Total
 Urban,325,830,1155
 Rural,8565,8628,17193
 Total,8890,9458,18348
NotApp :,248,*,*
AREA # 130108,Yatsauk,*,*
Urban/Rural,Radio,*,*
*,Yes,No,Total
 Urban,1652,4025,5677
 Rural,8396,11884,20280
 Total,10048,15909,25957
NotApp :,294,*,*
AREA # 130109,Pinlaung,*,*
Urban/Rural,Radio,*,*
*,Yes,No,Total
 Urban,632,2138,2770
 Rural,5276,17458,22734
 Total,5908,19596,25504
NotApp :,214,*,*
AREA # 130110,Phekon,*,*
Urban/Rural,Radio,*,*
*,Yes,No,Total
 Urban,1091,2340,3431
 Rural,5308,11345,16653
 Total,6399,13685,20084
NotApp :,187,*,*
AREA # 130151,Kyauktalongyi(ST),*,*
Urban/Rural,Radio,*,*
*,Yes,No,Total
 Urban,99,503,602
 Rural,2026,9637,11663
 Total,2125,10140,12265
NotApp :,78,*,*
AREA # 130152,Indaw(ST),*,*
Urban/Rural,Radio,*,*
*,Yes,No,Total
 Urban,513,1323,1836
 Rural,2532,3782,6314
 Total,3045,5105,8150
NotApp :,120,*,*
AREA # 130153,Naungtayar(ST),*,*
Urban/Rural,Radio,*,*
*,Yes,No,Total
 Urban,156,823,979
 Rural,1965,13635,15600
 Total,2121,14458,16579
NotApp :,149,*,*
AREA # 130201,Loilem,*,*
Urban/Rural,Radio,*,*
*,Yes,No,Total
 Urban,649,2204,2853
 Rural,909,7139,8048
 Total,1558,9343,10901
NotApp :,112,*,*
AREA # 130202,Le`char,*,*
Urban/Rural,Radio,*,*
*,Yes,No,Total
 Urban,395,935,1330
 Rural,953,6507,7460
 Total,1348,7442,8790
NotApp :,101,*,*
AREA # 130203,Nanhsam(South),*,*
Urban/Rural,Radio,*,*
*,Yes,No,Total
 Urban,700,4141,4841
 Rural,3148,10874,14022
 Total,3848,15015,18863
NotApp :,264,*,*
AREA # 130204,Kunhing,*,*
Urban/Rural,Radio,*,*
*,Yes,No,Total
 Urban,356,1186,1542
 Rural,382,2646,3028
 Total,738,3832,4570
NotApp :,122,*,*
AREA # 130205,Kehsi,*,*
Urban/Rural,Radio,*,*
*,Yes,No,Total
 Urban,372,470,842
 Rural,2019,6040,8059
 Total,2391,6510,8901
NotApp :,109,*,*
AREA # 130206,Mongkai,*,*
Urban/Rural,Radio,*,*
*,Yes,No,Total
 Urban,600,1619,2219
 Rural,1960,12153,14113
 Total,2560,13772,16332
NotApp :,213,*,*
AREA # 130207,Mineshu,*,*
Urban/Rural,Radio,*,*
*,Yes,No,Total
 Urban,613,1470,2083
 Rural,1558,5560,7118
 Total,2171,7030,9201
NotApp :,161,*,*
AREA # 130251,Panglong(ST),*,*
Urban/Rural,Radio,*,*
*,Yes,No,Total
 Urban,806,4418,5224
 Rural,994,8298,9292
 Total,1800,12716,14516
NotApp :,104,*,*
AREA # 130252,Kholan(ST),*,*
Urban/Rural,Radio,*,*
*,Yes,No,Total
 Urban,304,1444,1748
 Rural,492,2124,2616
 Total,796,3568,4364
NotApp :,145,*,*
AREA # 130253,Karli(ST),*,*
Urban/Rural,Radio,*,*
*,Yes,No,Total
 Urban,269,1396,1665
 Rural,859,4043,4902
 Total,1128,5439,6567
NotApp :,80,*,*
AREA # 130254,Minenaung(ST),*,*
Urban/Rural,Radio,*,*
*,Yes,No,Total
 Urban,115,637,752
 Rural,881,4178,5059
 Total,996,4815,5811
NotApp :,69,*,*
AREA # 130255,Minesan(Monsan)(ST),*,*
Urban/Rural,Radio,*,*
*,Yes,No,Total
 Urban,122,385,507
 Rural,1512,4647,6159
 Total,1634,5032,6666
NotApp :,259,*,*
AREA # 130301,Linkhe`,*,*
Urban/Rural,Radio,*,*
*,Yes,No,Total
 Urban,368,1350,1718
 Rural,1540,5130,6670
 Total,1908,6480,8388
NotApp :,100,*,*
AREA # 130302,Mone`,*,*
Urban/Rural,Radio,*,*
*,Yes,No,Total
 Urban,336,1767,2103
 Rural,800,3321,4121
 Total,1136,5088,6224
NotApp :,66,*,*
AREA # 130303,Maukme`,*,*
Urban/Rural,Radio,*,*
*,Yes,No,Total
 Urban,213,979,1192
 Rural,488,5514,6002
 Total,701,6493,7194
NotApp :,191,*,*
AREA # 130304,Minepan,*,*
Urban/Rural,Radio,*,*
*,Yes,No,Total
 Urban,360,1599,1959
 Rural,880,2582,3462
 Total,1240,4181,5421
NotApp :,165,*,*
AREA # 130351,Homane(ST),*,*
Urban/Rural,Radio,*,*
*,Yes,No,Total
 Urban,357,317,674
 Rural,215,271,486
 Total,572,588,1160
NotApp :,17,*,*
AREA # 130352,Kengtaung(ST),*,*
Urban/Rural,Radio,*,*
*,Yes,No,Total
 Urban,387,1710,2097
 Rural,17,147,164
 Total,404,1857,2261
NotApp :,46,*,*
AREA # 130401,Lashio,*,*
Urban/Rural,Radio,*,*
*,Yes,No,Total
 Urban,8944,25155,34099
 Rural,6363,24470,30833
 Total,15307,49625,64932
NotApp :,881,*,*
AREA # 130402,Theinni,*,*
Urban/Rural,Radio,*,*
*,Yes,No,Total
 Urban,394,1529,1923
 Rural,2637,7219,9856
 Total,3031,8748,11779
NotApp :,116,*,*
AREA # 130403,Mineye`,*,*
Urban/Rural,Radio,*,*
*,Yes,No,Total
 Urban,397,1073,1470
 Rural,1848,10010,11858
 Total,2245,11083,13328
NotApp :,139,*,*
AREA # 130404,Tantyan,*,*
Urban/Rural,Radio,*,*
*,Yes,No,Total
 Urban,1594,5214,6808
 Rural,6273,22061,28334
 Total,7867,27275,35142
NotApp :,291,*,*
AREA # 130501,MuSe,*,*
Urban/Rural,Radio,*,*
*,Yes,No,Total
 Urban,2437,10897,13334
 Rural,1470,7410,8880
 Total,3907,18307,22214
NotApp :,873,*,*
AREA # 130502,Namkham,*,*
Urban/Rural,Radio,*,*
*,Yes,No,Total
 Urban,1017,5115,6132
 Rural,1874,13411,15285
 Total,2891,18526,21417
NotApp :,200,*,*
AREA # 130503,Kukai,*,*
Urban/Rural,Radio,*,*
*,Yes,No,Total
 Urban,1074,3609,4683
 Rural,3469,10879,14348
 Total,4543,14488,19031
NotApp :,175,*,*
AREA # 130551,Monekoe(ST),*,*
Urban/Rural,Radio,*,*
*,Yes,No,Total
 Urban,74,1395,1469
 Rural,312,2577,2889
 Total,386,3972,4358
NotApp :,29,*,*
AREA # 130552,Manhero(ST),*,*
Urban/Rural,Radio,*,*
*,Yes,No,Total
 Urban,14,332,346
 Rural,72,1225,1297
 Total,86,1557,1643
NotApp :,30,*,*
AREA # 130553,Pansai(KyuKute)(ST),*,*
Urban/Rural,Radio,*,*
*,Yes,No,Total
 Urban,96,1672,1768
 Rural,444,2331,2775
 Total,540,4003,4543
NotApp :,51,*,*
AREA # 130554,Tamoenye(ST),*,*
Urban/Rural,Radio,*,*
*,Yes,No,Total
 Urban,273,2214,2487
 Rural,1943,8619,10562
 Total,2216,10833,13049
NotApp :,45,*,*
AREA # 130601,Kyukme,*,*
Urban/Rural,Radio,*,*
*,Yes,No,Total
 Urban,1284,7369,8653
 Rural,4701,15017,19718
 Total,5985,22386,28371
NotApp :,367,*,*
AREA # 130602,Naungkhio,*,*
Urban/Rural,Radio,*,*
*,Yes,No,Total
 Urban,1269,2902,4171
 Rural,9988,18065,28053
 Total,11257,20967,32224
NotApp :,365,*,*
AREA # 130603,Hsipaw,*,*
Urban/Rural,Radio,*,*
*,Yes,No,Total
 Urban,1090,2919,4009
 Rural,6420,27477,33897
 Total,7510,30396,37906
NotApp :,454,*,*
AREA # 130604,Namtu,*,*
Urban/Rural,Radio,*,*
*,Yes,No,Total
 Urban,789,2468,3257
 Rural,2005,6379,8384
 Total,2794,8847,11641
NotApp :,153,*,*
AREA # 130605,Namsan(North),*,*
Urban/Rural,Radio,*,*
*,Yes,No,Total
 Urban,208,727,935
 Rural,2951,9799,12750
 Total,3159,10526,13685
NotApp :,265,*,*
AREA # 130606,Momeik,*,*
Urban/Rural,Radio,*,*
*,Yes,No,Total
 Urban,564,1669,2233
 Rural,3343,8076,11419
 Total,3907,9745,13652
NotApp :,177,*,*
AREA # 130607,Mabane,*,*
Urban/Rural,Radio,*,*
*,Yes,No,Total
 Urban,247,467,714
 Rural,3633,4285,7918
 Total,3880,4752,8632
NotApp :,266,*,*
AREA # 130608,Manton,*,*
Urban/Rural,Radio,*,*
*,Yes,No,Total
 Urban,98,681,779
 Rural,1395,5509,6904
 Total,1493,6190,7683
NotApp :,136,*,*
AREA # 130651,Minengaw(ST),*,*
Urban/Rural,Radio,*,*
*,Yes,No,Total
 Urban,112,501,613
 Rural,606,2810,3416
 Total,718,3311,4029
NotApp :,98,*,*
AREA # 130652,Minelon(ST),*,*
Urban/Rural,Radio,*,*
*,Yes,No,Total
 Urban,181,405,586
 Rural,1136,4134,5270
 Total,1317,4539,5856
NotApp :,201,*,*
AREA # 130701,Kunlon,*,*
Urban/Rural,Radio,*,*
*,Yes,No,Total
 Urban,280,878,1158
 Rural,987,8247,9234
 Total,1267,9125,10392
NotApp :,158,*,*
AREA # 130801,Laukine,*,*
Urban/Rural,Radio,*,*
*,Yes,No,Total
 Urban,378,2563,2941
 Rural,380,10910,11290
 Total,758,13473,14231
NotApp :,557,*,*
AREA # 130802,Kongyan,*,*
Urban/Rural,Radio,*,*
*,Yes,No,Total
 Urban,69,125,194
 Rural,46,5222,5268
 Total,115,5347,5462
NotApp :,14,*,*
AREA # 130851,Chinshwehaw(ST),*,*
Urban/Rural,Radio,*,*
*,Yes,No,Total
 Urban,33,586,619
 Rural,1,330,331
 Total,34,916,950
NotApp :,28,*,*
AREA # 130852,Mawhtike(ST),*,*
Urban/Rural,Radio,*,*
*,Yes,No,Total
 Urban,9,76,85
 Rural,24,4094,4118
 Total,33,4170,4203
NotApp :,14,*,*
AREA # 130901,Hopan,*,*
Urban/Rural,Radio,*,*
*,Yes,No,Total
 Urban,527,2851,3378
 Rural,753,5900,6653
 Total,1280,8751,10031
NotApp :,72,*,*
AREA # 130902,Minemaw,*,*
Urban/Rural,Radio,*,*
*,Yes,No,Total
 Urban,231,622,853
 Rural,1023,8569,9592
 Total,1254,9191,10445
NotApp :,71,*,*
AREA # 130903,Panwine,*,*
Urban/Rural,Radio,*,*
*,Yes,No,Total
 Urban,82,387,469
 Rural,983,12517,13500
 Total,1065,12904,13969
NotApp :,8,*,*
AREA # 130952,Panlon(ST),*,*
Urban/Rural,Radio,*,*
*,Yes,No,Total
 Urban,78,583,661
 Rural,74,450,524
 Total,152,1033,1185
NotApp :,26,*,*
AREA # 131001,Makman,*,*
Urban/Rural,Radio,*,*
*,Yes,No,Total
 Urban,33,34,67
 Rural,777,2474,3251
 Total,810,2508,3318
NotApp :,55,*,*
AREA # 131002,Pan San(Pan Kham),*,*
Urban/Rural,Radio,*,*
*,Yes,No,Total
 Urban,215,1807,2022
 Rural,1358,12762,14120
 Total,1573,14569,16142
NotApp :,744,*,*
AREA # 131003,Naphang,*,*
Urban/Rural,Radio,*,*
*,Yes,No,Total
 Urban,30,125,155
 Rural,1210,15109,16319
 Total,1240,15234,16474
NotApp :,40,*,*
AREA # 131051,ManKan(ST),*,*
Urban/Rural,Radio,*,*
*,Yes,No,Total
 Urban,16,65,81
 Rural,9,225,234
 Total,25,290,315
NotApp :,19,*,*
AREA # 131101,Kengtung,*,*
Urban/Rural,Radio,*,*
*,Yes,No,Total
 Urban,3363,5739,9102
 Rural,5758,19236,24994
 Total,9121,24975,34096
NotApp :,512,*,*
AREA # 131102,Minekat,*,*
Urban/Rural,Radio,*,*
*,Yes,No,Total
 Urban,217,341,558
 Rural,420,7047,7467
 Total,637,7388,8025
NotApp :,133,*,*
AREA # 131103,Mineyan,*,*
Urban/Rural,Radio,*,*
*,Yes,No,Total
 Urban,170,819,989
 Rural,556,8574,9130
 Total,726,9393,10119
NotApp :,153,*,*
AREA # 131104,Minelar,*,*
Urban/Rural,Radio,*,*
*,Yes,No,Total
 Urban,174,1386,1560
 Rural,254,3394,3648
 Total,428,4780,5208
NotApp :,231,*,*
AREA # 131151,Mine Pauk(ST),*,*
Urban/Rural,Radio,*,*
*,Yes,No,Total
 Rural,675,8610,9285
 Total,675,8610,9285
NotApp :,65,*,*
AREA # 131201,Minesat,*,*
Urban/Rural,Radio,*,*
*,Yes,No,Total
 Urban,340,1221,1561
 Rural,1373,12975,14348
 Total,1713,14196,15909
NotApp :,313,*,*
AREA # 131202,Minepyin,*,*
Urban/Rural,Radio,*,*
*,Yes,No,Total
 Urban,350,983,1333
 Rural,1367,7905,9272
 Total,1717,8888,10605
NotApp :,144,*,*
AREA # 131203,Minetung,*,*
Urban/Rural,Radio,*,*
*,Yes,No,Total
 Urban,299,820,1119
 Rural,525,2614,3139
 Total,824,3434,4258
NotApp :,57,*,*
AREA # 131251,Minekoke(ST),*,*
Urban/Rural,Radio,*,*
*,Yes,No,Total
 Urban,134,150,284
 Rural,432,2486,2918
 Total,566,2636,3202
NotApp :,77,*,*
AREA # 131252,Tontar(ST),*,*
Urban/Rural,Radio,*,*
*,Yes,No,Total
 Urban,166,261,427
 Rural,229,2038,2267
 Total,395,2299,2694
NotApp :,33,*,*
AREA # 131253,Ponparkyin(ST),*,*
Urban/Rural,Radio,*,*
*,Yes,No,Total
 Urban,114,607,721
 Rural,605,6008,6613
 Total,719,6615,7334
NotApp :,83,*,*
AREA # 131254,Monehta(ST),*,*
Urban/Rural,Radio,*,*
*,Yes,No,Total
 Urban,31,60,91
 Rural,60,778,838
 Total,91,838,929
NotApp :,3,*,*
AREA # 131301,Tachileik,*,*
Urban/Rural,Radio,*,*
*,Yes,No,Total
 Urban,3623,7471,11094
 Rural,7706,12379,20085
 Total,11329,19850,31179
NotApp :,515,*,*
AREA # 131351,Talay(ST),*,*
Urban/Rural,Radio,*,*
*,Yes,No,Total
 Urban,505,368,873
 Rural,1374,1771,3145
 Total,1879,2139,4018
NotApp :,85,*,*
AREA # 131352,Kenglat(ST),*,*
Urban/Rural,Radio,*,*
*,Yes,No,Total
 Urban,80,682,762
 Rural,491,1223,1714
 Total,571,1905,2476
NotApp :,39,*,*
AREA # 131401,Minephyat,*,*
Urban/Rural,Radio,*,*
*,Yes,No,Total
 Urban,693,630,1323
 Rural,1804,3038,4842
 Total,2497,3668,6165
NotApp :,161,*,*
AREA # 131402,Mineyaung,*,*
Urban/Rural,Radio,*,*
*,Yes,No,Total
 Urban,281,909,1190
 Rural,1479,3660,5139
 Total,1760,4569,6329
NotApp :,131,*,*
AREA # 131451,Mineyu(ST),*,*
Urban/Rural,Radio,*,*
*,Yes,No,Total
 Urban,36,195,231
 Rural,625,10011,10636
 Total,661,10206,10867
NotApp :,165,*,*
AREA # 140101,Kangyidaunt,*,*
Urban/Rural,Radio,*,*
*,Yes,No,Total
 Urban,811,1863,2674
 Rural,15480,24812,40292
 Total,16291,26675,42966
NotApp :,345,*,*
AREA # 140102,Kyaungon,*,*
Urban/Rural,Radio,*,*
*,Yes,No,Total
 Urban,1106,2844,3950
 Rural,14521,22931,37452
 Total,15627,25775,41402
NotApp :,278,*,*
AREA # 140103,Kyonpyaw,*,*
Urban/Rural,Radio,*,*
*,Yes,No,Total
 Urban,1684,4315,5999
 Rural,22848,30641,53489
 Total,24532,34956,59488
NotApp :,394,*,*
AREA # 140104,Ngaputaw,*,*
Urban/Rural,Radio,*,*
*,Yes,No,Total
 Urban,963,1578,2541
 Rural,15632,19203,34835
 Total,16595,20781,37376
NotApp :,231,*,*
AREA # 140105,Pathein,*,*
Urban/Rural,Radio,*,*
*,Yes,No,Total
 Urban,9449,27992,37441
 Rural,11448,17147,28595
 Total,20897,45139,66036
NotApp :,851,*,*
AREA # 140106,Yekyi,*,*
Urban/Rural,Radio,*,*
*,Yes,No,Total
 Urban,865,1901,2766
 Rural,10411,14625,25036
 Total,11276,16526,27802
NotApp :,199,*,*
AREA # 140107,Thapaung,*,*
Urban/Rural,Radio,*,*
*,Yes,No,Total
 Urban,526,1214,1740
 Rural,14508,20989,35497
 Total,15034,22203,37237
NotApp :,376,*,*
AREA # 140151,Ngayokaung(ST),*,*
Urban/Rural,Radio,*,*
*,Yes,No,Total
 Urban,419,414,833
 Rural,4080,5288,9368
 Total,4499,5702,10201
NotApp :,68,*,*
AREA # 140152,Hainggyikyun(ST),*,*
Urban/Rural,Radio,*,*
*,Yes,No,Total
 Urban,1701,1848,3549
 Rural,11847,13679,25526
 Total,13548,15527,29075
NotApp :,204,*,*
AREA # 140153,Shwethaungyan(ST),*,*
Urban/Rural,Radio,*,*
*,Yes,No,Total
 Urban,405,414,819
 Rural,3878,5484,9362
 Total,4283,5898,10181
NotApp :,202,*,*
AREA # 140154,Ngwehsaung(ST),*,*
Urban/Rural,Radio,*,*
*,Yes,No,Total
 Urban,1023,1652,2675
 Rural,2884,3911,6795
 Total,3907,5563,9470
NotApp :,180,*,*
AREA # 140155,Ngathaingchaung(ST),*,*
Urban/Rural,Radio,*,*
*,Yes,No,Total
 Urban,1280,3317,4597
 Rural,8198,10118,18316
 Total,9478,13435,22913
NotApp :,199,*,*
AREA # 140201,Kyaiklatt,*,*
Urban/Rural,Radio,*,*
*,Yes,No,Total
 Urban,1352,4065,5417
 Rural,17302,21029,38331
 Total,18654,25094,43748
NotApp :,526,*,*
AREA # 140202,Daydaye,*,*
Urban/Rural,Radio,*,*
*,Yes,No,Total
 Urban,1028,2538,3566
 Rural,20972,24072,45044
 Total,22000,26610,48610
NotApp :,479,*,*
AREA # 140203,Phyapon,*,*
Urban/Rural,Radio,*,*
*,Yes,No,Total
 Urban,2607,7447,10054
 Rural,13651,17925,31576
 Total,16258,25372,41630
NotApp :,366,*,*
AREA # 140204,Bogale,*,*
Urban/Rural,Radio,*,*
*,Yes,No,Total
 Urban,2589,7526,10115
 Rural,26235,39637,65872
 Total,28824,47163,75987
NotApp :,607,*,*
AREA # 140251,Ahmar(ST),*,*
Urban/Rural,Radio,*,*
*,Yes,No,Total
 Urban,357,420,777
 Rural,8861,18148,27009
 Total,9218,18568,27786
NotApp :,383,*,*
AREA # 140301,Nyaungdon,*,*
Urban/Rural,Radio,*,*
*,Yes,No,Total
 Urban,1682,4218,5900
 Rural,19024,26277,45301
 Total,20706,30495,51201
NotApp :,457,*,*
AREA # 140302,Danubyu,*,*
Urban/Rural,Radio,*,*
*,Yes,No,Total
 Urban,1513,3667,5180
 Rural,18610,21007,39617
 Total,20123,24674,44797
NotApp :,310,*,*
AREA # 140303,Pantanaw,*,*
Urban/Rural,Radio,*,*
*,Yes,No,Total
 Urban,1694,2598,4292
 Rural,28797,27188,55985
 Total,30491,29786,60277
NotApp :,434,*,*
AREA # 140304,Maubin,*,*
Urban/Rural,Radio,*,*
*,Yes,No,Total
 Urban,2437,6700,9137
 Rural,30089,32578,62667
 Total,32526,39278,71804
NotApp :,629,*,*
AREA # 140401,Myaungmya,*,*
Urban/Rural,Radio,*,*
*,Yes,No,Total
 Urban,3405,9108,12513
 Rural,21754,31905,53659
 Total,25159,41013,66172
NotApp :,571,*,*
AREA # 140402,Wakema,*,*
Urban/Rural,Radio,*,*
*,Yes,No,Total
 Urban,1398,3907,5305
 Rural,30352,31791,62143
 Total,31750,35698,67448
NotApp :,575,*,*
AREA # 140403,Einme,*,*
Urban/Rural,Radio,*,*
*,Yes,No,Total
 Urban,994,2052,3046
 Rural,19982,23427,43409
 Total,20976,25479,46455
NotApp :,362,*,*
AREA # 140501,Mawlamyinegyun,*,*
Urban/Rural,Radio,*,*
*,Yes,No,Total
 Urban,2651,4932,7583
 Rural,30178,37125,67303
 Total,32829,42057,74886
NotApp :,436,*,*
AREA # 140502,Labutta,*,*
Urban/Rural,Radio,*,*
*,Yes,No,Total
 Urban,1861,5342,7203
 Rural,18113,29830,47943
 Total,19974,35172,55146
NotApp :,425,*,*
AREA # 140551,Pyinsalu(ST),*,*
Urban/Rural,Radio,*,*
*,Yes,No,Total
 Urban,222,279,501
 Rural,8100,11836,19936
 Total,8322,12115,20437
NotApp :,161,*,*
AREA # 140601,Kyangin,*,*
Urban/Rural,Radio,*,*
*,Yes,No,Total
 Urban,1702,3604,5306
 Rural,11786,9765,21551
 Total,13488,13369,26857
NotApp :,241,*,*
AREA # 140602,Zalun,*,*
Urban/Rural,Radio,*,*
*,Yes,No,Total
 Urban,1523,3734,5257
 Rural,16177,20639,36816
 Total,17700,24373,42073
NotApp :,220,*,*
AREA # 140603,Myanaung,*,*
Urban/Rural,Radio,*,*
*,Yes,No,Total
 Urban,1304,4745,6049
 Rural,24868,29003,53871
 Total,26172,33748,59920
NotApp :,437,*,*
AREA # 140604,Laymyethna,*,*
Urban/Rural,Radio,*,*
*,Yes,No,Total
 Urban,260,510,770
 Rural,10943,14531,25474
 Total,11203,15041,26244
NotApp :,310,*,*
AREA # 140605,Hinthada,*,*
Urban/Rural,Radio,*,*
*,Yes,No,Total
 Urban,4045,15784,19829
 Rural,26952,39348,66300
 Total,30997,55132,86129
NotApp :,639,*,*
AREA # 140606,Ingapu,*,*
Urban/Rural,Radio,*,*
*,Yes,No,Total
 Urban,1185,2393,3578
 Rural,22386,31265,53651
 Total,23571,33658,57229
NotApp :,515,*,*
AREA # 150101,Tatkon,*,*
Urban/Rural,Radio,*,*
*,Yes,No,Total
 Urban,2656,6490,9146
 Rural,19970,22631,42601
 Total,22626,29121,51747
NotApp :,415,*,*
AREA # 150102,Zeyarthiri,*,*
Urban/Rural,Radio,*,*
*,Yes,No,Total
 Urban,1987,6259,8246
 Rural,6608,11221,17829
 Total,8595,17480,26075
NotApp :,326,*,*
AREA # 150103,Ottarathiri,*,*
Urban/Rural,Radio,*,*
*,Yes,No,Total
 Urban,1326,3569,4895
 Rural,6617,7149,13766
 Total,7943,10718,18661
NotApp :,325,*,*
AREA # 150104,Pobbathiri,*,*
Urban/Rural,Radio,*,*
*,Yes,No,Total
 Urban,2771,7477,10248
 Rural,6152,11216,17368
 Total,8923,18693,27616
NotApp :,382,*,*
AREA # 150201,Pyinmana,*,*
Urban/Rural,Radio,*,*
*,Yes,No,Total
 Urban,4013,10443,14456
 Rural,8490,16717,25207
 Total,12503,27160,39663
NotApp :,695,*,*
AREA # 150202,Lewe,*,*
Urban/Rural,Radio,*,*
*,Yes,No,Total
 Urban,2031,4092,6123
 Rural,26991,32060,59051
 Total,29022,36152,65174
NotApp :,584,*,*
AREA # 150203,Zabuthiri,*,*
Urban/Rural,Radio,*,*
*,Yes,No,Total
 Urban,7322,17400,24722
 Rural,492,1106,1598
 Total,7814,18506,26320
NotApp :,869,*,*
AREA # 150204,Dekkhinathiri,*,*
Urban/Rural,Radio,*,*
*,Yes,No,Total
 Urban,275,633,908
 Rural,2673,3416,6089
 Total,2948,4049,6997
NotApp :,205,*,*
SUMMARY,*,*,*
Urban/Rural,Radio,*,*
*,Yes,No,Total
 Urban,830142,2219291,3049433
 Rural,3036039,4792360,7828399
 Total,3866181,7011651,10877832
NotApp :,137752,*,*
