Urban_Rural,Sex_Male,Sex_Female,Sex_Total
AREA # 010101,Myitkyina,*,*
Urban/Rural,Sex,*,*
*,Male,Female,Total
 Urban,116083,126948,243031
 Rural,32402,31516,63918
 Total,148485,158464,306949
AREA # 010102,Waingmaw,*,*
Urban/Rural,Sex,*,*
*,Male,Female,Total
 Urban,10827,11142,21969
 Rural,41871,42526,84397
 Total,52698,53668,106366
AREA # 010103,Ingyanyan,*,*
Urban/Rural,Sex,*,*
*,Male,Female,Total
 Urban,244,201,445
 Rural,702,585,1287
 Total,946,786,1732
AREA # 010104,Tanaing,*,*
Urban/Rural,Sex,*,*
*,Male,Female,Total
 Urban,17007,14991,31998
 Rural,8766,7802,16568
 Total,25773,22793,48566
AREA # 010105,Chiphwe,*,*
Urban/Rural,Sex,*,*
*,Male,Female,Total
 Urban,768,799,1567
 Rural,5063,4673,9736
 Total,5831,5472,11303
AREA # 010106,Hsotlaw,*,*
Urban/Rural,Sex,*,*
*,Male,Female,Total
 Urban,193,175,368
 Rural,3158,2992,6150
 Total,3351,3167,6518
AREA # 010151,Hsinbo(ST),*,*
Urban/Rural,Sex,*,*
*,Male,Female,Total
 Urban,1828,1647,3475
 Rural,3734,3446,7180
 Total,5562,5093,10655
AREA # 010152,Hsadone(ST),*,*
Urban/Rural,Sex,*,*
*,Male,Female,Total
 Urban,1789,1745,3534
 Rural,3450,3512,6962
 Total,5239,5257,10496
AREA # 010153,Kanpaikti(ST),*,*
Urban/Rural,Sex,*,*
*,Male,Female,Total
 Urban,608,545,1153
 Rural,3920,3609,7529
 Total,4528,4154,8682
AREA # 010154,Shinbwayyan(ST),*,*
Urban/Rural,Sex,*,*
*,Male,Female,Total
 Urban,3073,2344,5417
 Rural,3133,2903,6036
 Total,6206,5247,11453
AREA # 010155,Panwa(ST),*,*
Urban/Rural,Sex,*,*
*,Male,Female,Total
 Urban,623,600,1223
 Rural,3846,3667,7513
 Total,4469,4267,8736
AREA # 010201,Mohnyin,*,*
Urban/Rural,Sex,*,*
*,Male,Female,Total
 Urban,15910,17380,33290
 Rural,62885,64423,127308
 Total,78795,81803,160598
AREA # 010202,Mogaung,*,*
Urban/Rural,Sex,*,*
*,Male,Female,Total
 Urban,11604,13408,25012
 Rural,51897,55699,107596
 Total,63501,69107,132608
AREA # 010203,Phakant,*,*
Urban/Rural,Sex,*,*
*,Male,Female,Total
 Urban,39992,20131,60123
 Rural,161041,91114,252155
 Total,201033,111245,312278
AREA # 010251,Hopin(ST),*,*
Urban/Rural,Sex,*,*
*,Male,Female,Total
 Urban,10742,12610,23352
 Rural,12061,13281,25342
 Total,22803,25891,48694
AREA # 010252,Kamine(ST),*,*
Urban/Rural,Sex,*,*
*,Male,Female,Total
 Urban,2826,2908,5734
 Rural,6864,6832,13696
 Total,9690,9740,19430
AREA # 010301,Bhamo,*,*
Urban/Rural,Sex,*,*
*,Male,Female,Total
 Urban,28492,30204,58696
 Rural,38226,38955,77181
 Total,66718,69159,135877
AREA # 010302,Shwegu,*,*
Urban/Rural,Sex,*,*
*,Male,Female,Total
 Urban,9028,9866,18894
 Rural,36034,35763,71797
 Total,45062,45629,90691
AREA # 010303,Momauk,*,*
Urban/Rural,Sex,*,*
*,Male,Female,Total
 Urban,5039,5702,10741
 Rural,15209,15612,30821
 Total,20248,21314,41562
AREA # 010304,Mansi,*,*
Urban/Rural,Sex,*,*
*,Male,Female,Total
 Urban,4087,4059,8146
 Rural,22069,22730,44799
 Total,26156,26789,52945
AREA # 010351,Myohla(ST),*,*
Urban/Rural,Sex,*,*
*,Male,Female,Total
 Urban,951,877,1828
 Rural,1161,1104,2265
 Total,2112,1981,4093
AREA # 010352,Lwe`ge`(ST),*,*
Urban/Rural,Sex,*,*
*,Male,Female,Total
 Urban,4112,4263,8375
 Rural,853,811,1664
 Total,4965,5074,10039
AREA # 010353,Dotphoneyan(ST),*,*
Urban/Rural,Sex,*,*
*,Male,Female,Total
 Urban,981,900,1881
 Rural,4835,4597,9432
 Total,5816,5497,11313
AREA # 010401,Putao,*,*
Urban/Rural,Sex,*,*
*,Male,Female,Total
 Urban,7706,8272,15978
 Rural,22456,22641,45097
 Total,30162,30913,61075
AREA # 010402,Sumprabum,*,*
Urban/Rural,Sex,*,*
*,Male,Female,Total
 Urban,606,531,1137
 Rural,685,724,1409
 Total,1291,1255,2546
AREA # 010403,Machanbaw,*,*
Urban/Rural,Sex,*,*
*,Male,Female,Total
 Urban,1181,1134,2315
 Rural,3274,3269,6543
 Total,4455,4403,8858
AREA # 010404,Khaunglanphoo,*,*
Urban/Rural,Sex,*,*
*,Male,Female,Total
 Urban,237,213,450
 Rural,5618,5587,11205
 Total,5855,5800,11655
AREA # 010405,Naungmoon,*,*
Urban/Rural,Sex,*,*
*,Male,Female,Total
 Urban,1039,1072,2111
 Rural,1650,1604,3254
 Total,2689,2676,5365
AREA # 010451,Pannandin(ST),*,*
Urban/Rural,Sex,*,*
*,Male,Female,Total
 Urban,67,58,125
 Rural,847,786,1633
 Total,914,844,1758
AREA # 020101,Loikaw,*,*
Urban/Rural,Sex,*,*
*,Male,Female,Total
 Urban,24732,26617,51349
 Rural,38377,38675,77052
 Total,63109,65292,128401
AREA # 020102,Dimawso,*,*
Urban/Rural,Sex,*,*
*,Male,Female,Total
 Urban,2716,2905,5621
 Rural,36220,37360,73580
 Total,38936,40265,79201
AREA # 020103,Phruso,*,*
Urban/Rural,Sex,*,*
*,Male,Female,Total
 Urban,2144,2096,4240
 Rural,12293,12841,25134
 Total,14437,14937,29374
AREA # 020104,Shardaw,*,*
Urban/Rural,Sex,*,*
*,Male,Female,Total
 Urban,786,787,1573
 Rural,2565,2604,5169
 Total,3351,3391,6742
AREA # 020201,Bawlakhe,*,*
Urban/Rural,Sex,*,*
*,Male,Female,Total
 Urban,2318,1828,4146
 Rural,2333,2001,4334
 Total,4651,3829,8480
AREA # 020202,Parsaung,*,*
Urban/Rural,Sex,*,*
*,Male,Female,Total
 Urban,1676,1472,3148
 Rural,12230,10216,22446
 Total,13906,11688,25594
AREA # 020203,Meisi,*,*
Urban/Rural,Sex,*,*
*,Male,Female,Total
 Urban,574,439,1013
 Rural,2828,2478,5306
 Total,3402,2917,6319
AREA # 020251,Ywathit(ST),*,*
Urban/Rural,Sex,*,*
*,Male,Female,Total
 Urban,733,595,1328
 Rural,688,500,1188
 Total,1421,1095,2516
AREA # 030101,Hpa-an,*,*
Urban/Rural,Sex,*,*
*,Male,Female,Total
 Urban,36921,38220,75141
 Rural,166989,179445,346434
 Total,203910,217665,421575
AREA # 030102,Hlaingbwe,*,*
Urban/Rural,Sex,*,*
*,Male,Female,Total
 Urban,5622,5889,11511
 Rural,70338,73695,144033
 Total,75960,79584,155544
AREA # 030103,Thandaunggyi,*,*
Urban/Rural,Sex,*,*
*,Male,Female,Total
 Urban,8148,7908,16056
 Rural,7149,7004,14153
 Total,15297,14912,30209
AREA # 030151,Paingkyon(ST),*,*
Urban/Rural,Sex,*,*
*,Male,Female,Total
 Urban,1935,2139,4074
 Rural,41042,43488,84530
 Total,42977,45627,88604
AREA # 030152,Shan Ywathit(ST),*,*
Urban/Rural,Sex,*,*
*,Male,Female,Total
 Urban,290,241,531
 Rural,10673,10531,21204
 Total,10963,10772,21735
AREA # 030153,Leiktho(ST),*,*
Urban/Rural,Sex,*,*
*,Male,Female,Total
 Urban,1628,1465,3093
 Rural,23075,22438,45513
 Total,24703,23903,48606
AREA # 030154,Bawgali(ST),*,*
Urban/Rural,Sex,*,*
*,Male,Female,Total
 Urban,989,1010,1999
 Rural,7528,7710,15238
 Total,8517,8720,17237
AREA # 030201,Pharpon,*,*
Urban/Rural,Sex,*,*
*,Male,Female,Total
 Urban,1720,1608,3328
 Rural,5879,4983,10862
 Total,7599,6591,14190
AREA # 030251,Kamamaung(ST},*,*
Urban/Rural,Sex,*,*
*,Male,Female,Total
 Urban,6752,7240,13992
 Rural,3632,3271,6903
 Total,10384,10511,20895
AREA # 030301,Myawady,*,*
Urban/Rural,Sex,*,*
*,Male,Female,Total
 Urban,57399,55756,113155
 Rural,42372,40097,82469
 Total,99771,95853,195624
AREA # 030351,Sugali(ST),*,*
Urban/Rural,Sex,*,*
*,Male,Female,Total
 Urban,185,157,342
 Rural,2802,2559,5361
 Total,2987,2716,5703
AREA # 030352,Wawlaymyaing(ST),*,*
Urban/Rural,Sex,*,*
*,Male,Female,Total
 Urban,1591,1492,3083
 Rural,3258,2872,6130
 Total,4849,4364,9213
AREA # 030401,Kawkareik,*,*
Urban/Rural,Sex,*,*
*,Male,Female,Total
 Urban,20764,22186,42950
 Rural,84760,92632,177392
 Total,105524,114818,220342
AREA # 030402,Kyarinseikkyi,*,*
Urban/Rural,Sex,*,*
*,Male,Female,Total
 Urban,4428,4657,9085
 Rural,47378,49964,97342
 Total,51806,54621,106427
AREA # 030451,Payarthonezu(ST),*,*
Urban/Rural,Sex,*,*
*,Male,Female,Total
 Urban,13092,14219,27311
 Rural,31508,31665,63173
 Total,44600,45884,90484
AREA # 030452,Kyaidon(ST),*,*
Urban/Rural,Sex,*,*
*,Male,Female,Total
 Urban,1816,1699,3515
 Rural,27464,26959,54423
 Total,29280,28658,57938
AREA # 040101,HaKa,*,*
Urban/Rural,Sex,*,*
*,Male,Female,Total
 Urban,11759,13167,24926
 Rural,11263,12163,23426
 Total,23022,25330,48352
AREA # 040102,Thantlang,*,*
Urban/Rural,Sex,*,*
*,Male,Female,Total
 Urban,3583,4004,7587
 Rural,20796,21991,42787
 Total,24379,25995,50374
AREA # 040201,Falam,*,*
Urban/Rural,Sex,*,*
*,Male,Female,Total
 Urban,4266,4826,9092
 Rural,16084,16281,32365
 Total,20350,21107,41457
AREA # 040202,Tedim,*,*
Urban/Rural,Sex,*,*
*,Male,Female,Total
 Urban,6289,7163,13452
 Rural,35638,38533,74171
 Total,41927,45696,87623
AREA # 040203,Tonzaung,*,*
Urban/Rural,Sex,*,*
*,Male,Female,Total
 Urban,1786,1991,3777
 Rural,8321,8624,16945
 Total,10107,10615,20722
AREA # 040251,Rihkhuadal(ST),*,*
Urban/Rural,Sex,*,*
*,Male,Female,Total
 Urban,1741,1863,3604
 Rural,1532,1484,3016
 Total,3273,3347,6620
AREA # 040252,Cikha(ST),*,*
Urban/Rural,Sex,*,*
*,Male,Female,Total
 Urban,732,718,1450
 Rural,4853,4853,9706
 Total,5585,5571,11156
AREA # 040301,Mindat,*,*
Urban/Rural,Sex,*,*
*,Male,Female,Total
 Urban,5267,6238,11505
 Rural,14460,16635,31095
 Total,19727,22873,42600
AREA # 040302,Matupi,*,*
Urban/Rural,Sex,*,*
*,Male,Female,Total
 Urban,4229,4393,8622
 Rural,14451,16013,30464
 Total,18680,20406,39086
AREA # 040303,Kanpalet,*,*
Urban/Rural,Sex,*,*
*,Male,Female,Total
 Urban,2028,2131,4159
 Rural,8285,9049,17334
 Total,10313,11180,21493
AREA # 040304,Paletwat,*,*
Urban/Rural,Sex,*,*
*,Male,Female,Total
 Urban,3064,3310,6374
 Rural,28040,30557,58597
 Total,31104,33867,64971
AREA # 040351,Reazu(ST),*,*
Urban/Rural,Sex,*,*
*,Male,Female,Total
 Urban,986,1243,2229
 Rural,4485,5551,10036
 Total,5471,6794,12265
AREA # 040352,Sami(ST),*,*
Urban/Rural,Sex,*,*
*,Male,Female,Total
 Urban,1468,1564,3032
 Rural,14198,14852,29050
 Total,15666,16416,32082
AREA # 050101,Sagaing,*,*
Urban/Rural,Sex,*,*
*,Male,Female,Total
 Urban,38551,42881,81432
 Rural,104869,120893,225762
 Total,143420,163774,307194
AREA # 050102,Myinmu,*,*
Urban/Rural,Sex,*,*
*,Male,Female,Total
 Urban,7719,8839,16558
 Rural,41230,49198,90428
 Total,48949,58037,106986
AREA # 050103,Myaung,*,*
Urban/Rural,Sex,*,*
*,Male,Female,Total
 Urban,3523,4272,7795
 Rural,44154,54462,98616
 Total,47677,58734,106411
AREA # 050201,Shwebo,*,*
Urban/Rural,Sex,*,*
*,Male,Female,Total
 Urban,32425,36611,69036
 Rural,76530,89976,166506
 Total,108955,126587,235542
AREA # 050202,Khin U,*,*
Urban/Rural,Sex,*,*
*,Male,Female,Total
 Urban,5194,6140,11334
 Rural,62735,72388,135123
 Total,67929,78528,146457
AREA # 050203,Wetlet,*,*
Urban/Rural,Sex,*,*
*,Male,Female,Total
 Urban,4931,5883,10814
 Rural,85158,100244,185402
 Total,90089,106127,196216
AREA # 050204,Kambalu,*,*
Urban/Rural,Sex,*,*
*,Male,Female,Total
 Urban,11976,13046,25022
 Rural,127968,142571,270539
 Total,139944,155617,295561
AREA # 050205,Kyunhlau,*,*
Urban/Rural,Sex,*,*
*,Male,Female,Total
 Urban,5621,6527,12148
 Rural,45504,46435,91939
 Total,51125,52962,104087
AREA # 050206,Ye U,*,*
Urban/Rural,Sex,*,*
*,Male,Female,Total
 Urban,9580,10878,20458
 Rural,41842,55990,97832
 Total,51422,66868,118290
AREA # 050207,Depayin,*,*
Urban/Rural,Sex,*,*
*,Male,Female,Total
 Urban,2001,2307,4308
 Rural,62395,74112,136507
 Total,64396,76419,140815
AREA # 050208,Tasei,*,*
Urban/Rural,Sex,*,*
*,Male,Female,Total
 Urban,6472,7889,14361
 Rural,66003,84746,150749
 Total,72475,92635,165110
AREA # 050251,Kyaukmyaung(ST),*,*
Urban/Rural,Sex,*,*
*,Male,Female,Total
 Urban,5056,5647,10703
 Rural,9625,10937,20562
 Total,14681,16584,31265
AREA # 050301,Monywa,*,*
Urban/Rural,Sex,*,*
*,Male,Female,Total
 Urban,97076,110413,207489
 Rural,74875,89731,164606
 Total,171951,200144,372095
AREA # 050302,Butalin,*,*
Urban/Rural,Sex,*,*
*,Male,Female,Total
 Urban,2399,2811,5210
 Rural,52707,65622,118329
 Total,55106,68433,123539
AREA # 050303,Ayartaw,*,*
Urban/Rural,Sex,*,*
*,Male,Female,Total
 Urban,4369,5147,9516
 Rural,66365,79888,146253
 Total,70734,85035,155769
AREA # 050304,Chaung Oo,*,*
Urban/Rural,Sex,*,*
*,Male,Female,Total
 Urban,10145,11784,21929
 Rural,38311,45715,84026
 Total,48456,57499,105955
AREA # 050401,Katha,*,*
Urban/Rural,Sex,*,*
*,Male,Female,Total
 Urban,12932,13800,26732
 Rural,69393,71609,141002
 Total,82325,85409,167734
AREA # 050402,Indaw,*,*
Urban/Rural,Sex,*,*
*,Male,Female,Total
 Urban,3898,4631,8529
 Rural,52916,58821,111737
 Total,56814,63452,120266
AREA # 050403,Tigyaing,*,*
Urban/Rural,Sex,*,*
*,Male,Female,Total
 Urban,6395,7140,13535
 Rural,57341,59079,116420
 Total,63736,66219,129955
AREA # 050404,Banmauk,*,*
Urban/Rural,Sex,*,*
*,Male,Female,Total
 Urban,2883,3282,6165
 Rural,54312,52191,106503
 Total,57195,55473,112668
AREA # 050405,Kawlin,*,*
Urban/Rural,Sex,*,*
*,Male,Female,Total
 Urban,9957,11474,21431
 Rural,59825,64041,123866
 Total,69782,75515,145297
AREA # 050406,Wuntho,*,*
Urban/Rural,Sex,*,*
*,Male,Female,Total
 Urban,5598,6374,11972
 Rural,29867,31556,61423
 Total,35465,37930,73395
AREA # 050407,Pinlebu,*,*
Urban/Rural,Sex,*,*
*,Male,Female,Total
 Urban,3259,3704,6963
 Rural,49134,55871,105005
 Total,52393,59575,111968
AREA # 050501,Kalay,*,*
Urban/Rural,Sex,*,*
*,Male,Female,Total
 Urban,60657,69849,130506
 Rural,106901,111166,218067
 Total,167558,181015,348573
AREA # 050502,Kalewa,*,*
Urban/Rural,Sex,*,*
*,Male,Female,Total
 Urban,4168,4651,8819
 Rural,23547,24066,47613
 Total,27715,28717,56432
AREA # 050503,Mingin,*,*
Urban/Rural,Sex,*,*
*,Male,Female,Total
 Urban,1579,1888,3467
 Rural,48592,52304,100896
 Total,50171,54192,104363
AREA # 050601,Tamu,*,*
Urban/Rural,Sex,*,*
*,Male,Female,Total
 Urban,21295,22442,43737
 Rural,7944,7662,15606
 Total,29239,30104,59343
AREA # 050651,Myothit(ST),*,*
Urban/Rural,Sex,*,*
*,Male,Female,Total
 Urban,917,725,1642
 Rural,7843,7313,15156
 Total,8760,8038,16798
AREA # 050652,Khampat(ST),*,*
Urban/Rural,Sex,*,*
*,Male,Female,Total
 Urban,7004,7555,14559
 Rural,12004,12165,24169
 Total,19008,19720,38728
AREA # 050701,Mawlaik,*,*
Urban/Rural,Sex,*,*
*,Male,Female,Total
 Urban,4401,4155,8556
 Rural,20654,22104,42758
 Total,25055,26259,51314
AREA # 050702,Phaungpyin,*,*
Urban/Rural,Sex,*,*
*,Male,Female,Total
 Urban,4905,5144,10049
 Rural,48964,53681,102645
 Total,53869,58825,112694
AREA # 050801,Hkamti,*,*
Urban/Rural,Sex,*,*
*,Male,Female,Total
 Urban,5881,5670,11551
 Rural,21035,15072,36107
 Total,26916,20742,47658
AREA # 050802,Homalin,*,*
Urban/Rural,Sex,*,*
*,Male,Female,Total
 Urban,10958,10262,21220
 Rural,122792,114194,236986
 Total,133750,124456,258206
AREA # 050803,Leshi,*,*
Urban/Rural,Sex,*,*
*,Male,Female,Total
 Urban,885,820,1705
 Rural,3606,3750,7356
 Total,4491,4570,9061
AREA # 050804,Lahe,*,*
Urban/Rural,Sex,*,*
*,Male,Female,Total
 Urban,1700,1441,3141
 Rural,19743,20307,40050
 Total,21443,21748,43191
AREA # 050805,Nanyun,*,*
Urban/Rural,Sex,*,*
*,Male,Female,Total
 Urban,1396,1048,2444
 Rural,4398,3672,8070
 Total,5794,4720,10514
AREA # 050851,Mobaingluk(ST),*,*
Urban/Rural,Sex,*,*
*,Male,Female,Total
 Urban,497,490,987
 Rural,216,227,443
 Total,713,717,1430
AREA # 050852,Sonemara(ST),*,*
Urban/Rural,Sex,*,*
*,Male,Female,Total
 Urban,705,779,1484
 Rural,2041,2306,4347
 Total,2746,3085,5831
AREA # 050853,Htanparkway(ST),*,*
Urban/Rural,Sex,*,*
*,Male,Female,Total
 Urban,594,394,988
 Rural,2242,2105,4347
 Total,2836,2499,5335
AREA # 050854,Pansaung(ST),*,*
Urban/Rural,Sex,*,*
*,Male,Female,Total
 Urban,1094,1084,2178
 Rural,6978,6541,13519
 Total,8072,7625,15697
AREA # 050855,Donhee(ST),*,*
Urban/Rural,Sex,*,*
*,Male,Female,Total
 Urban,929,592,1521
 Rural,11888,12360,24248
 Total,12817,12952,25769
AREA # 050901,Yinmarpin,*,*
Urban/Rural,Sex,*,*
*,Male,Female,Total
 Urban,2259,2547,4806
 Rural,63715,72959,136674
 Total,65974,75506,141480
AREA # 050902,Salingyi,*,*
Urban/Rural,Sex,*,*
*,Male,Female,Total
 Urban,2465,3088,5553
 Rural,53264,62991,116255
 Total,55729,66079,121808
AREA # 050903,Palae,*,*
Urban/Rural,Sex,*,*
*,Male,Female,Total
 Urban,1943,2152,4095
 Rural,64866,75045,139911
 Total,66809,77197,144006
AREA # 050904,Kani,*,*
Urban/Rural,Sex,*,*
*,Male,Female,Total
 Urban,2216,2671,4887
 Rural,60249,69405,129654
 Total,62465,72076,134541
AREA # 060101,Dawei,*,*
Urban/Rural,Sex,*,*
*,Male,Female,Total
 Urban,38008,42109,80117
 Rural,22036,23452,45488
 Total,60044,65561,125605
AREA # 060102,Lounglon,*,*
Urban/Rural,Sex,*,*
*,Male,Female,Total
 Urban,2457,2877,5334
 Rural,53101,59882,112983
 Total,55558,62759,118317
AREA # 060103,Thayetchaung,*,*
Urban/Rural,Sex,*,*
*,Male,Female,Total
 Urban,5642,5663,11305
 Rural,44779,49578,94357
 Total,50421,55241,105662
AREA # 060104,Yebyu,*,*
Urban/Rural,Sex,*,*
*,Male,Female,Total
 Urban,2327,2417,4744
 Rural,48455,47569,96024
 Total,50782,49986,100768
AREA # 060151,Myitta(ST),*,*
Urban/Rural,Sex,*,*
*,Male,Female,Total
 Urban,1760,1582,3342
 Rural,8849,9168,18017
 Total,10609,10750,21359
AREA # 060152,Kaleinaung(ST),*,*
Urban/Rural,Sex,*,*
*,Male,Female,Total
 Urban,1621,1493,3114
 Rural,10038,8713,18751
 Total,11659,10206,21865
AREA # 060201,Myeik,*,*
Urban/Rural,Sex,*,*
*,Male,Female,Total
 Urban,55056,60085,115141
 Rural,84536,84812,169348
 Total,139592,144897,284489
AREA # 060202,Kyunsu,*,*
Urban/Rural,Sex,*,*
*,Male,Female,Total
 Urban,3054,2494,5548
 Rural,84723,81482,166205
 Total,87777,83976,171753
AREA # 060203,Palaw,*,*
Urban/Rural,Sex,*,*
*,Male,Female,Total
 Urban,9206,9730,18936
 Rural,36160,38342,74502
 Total,45366,48072,93438
AREA # 060204,Tanintharyi,*,*
Urban/Rural,Sex,*,*
*,Male,Female,Total
 Urban,2746,2768,5514
 Rural,52071,49268,101339
 Total,54817,52036,106853
AREA # 060251,Palauk(ST),*,*
Urban/Rural,Sex,*,*
*,Male,Female,Total
 Urban,3064,3112,6176
 Rural,15055,15323,30378
 Total,18119,18435,36554
AREA # 060301,Kawthoung,*,*
Urban/Rural,Sex,*,*
*,Male,Female,Total
 Urban,28657,29292,57949
 Rural,30850,28181,59031
 Total,59507,57473,116980
AREA # 060302,Bokepyin,*,*
Urban/Rural,Sex,*,*
*,Male,Female,Total
 Urban,2707,2677,5384
 Rural,22285,19152,41437
 Total,24992,21829,46821
AREA # 060351,Khamaukgyi,*,*
Urban/Rural,Sex,*,*
*,Male,Female,Total
 Urban,5924,4833,10757
 Rural,6732,5551,12283
 Total,12656,10384,23040
AREA # 060352,Pyigyimandaing,*,*
Urban/Rural,Sex,*,*
*,Male,Female,Total
 Urban,1965,1681,3646
 Rural,6833,6125,12958
 Total,8798,7806,16604
AREA # 060353,Karathuri(ST),*,*
Urban/Rural,Sex,*,*
*,Male,Female,Total
 Urban,788,624,1412
 Rural,9134,7747,16881
 Total,9922,8371,18293
AREA # 070101,Bago,*,*
Urban/Rural,Sex,*,*
*,Male,Female,Total
 Urban,119243,135181,254424
 Rural,116286,120724,237010
 Total,235529,255905,491434
AREA # 070102,Tanatpin,*,*
Urban/Rural,Sex,*,*
*,Male,Female,Total
 Urban,7381,8441,15822
 Rural,61755,67710,129465
 Total,69136,76151,145287
AREA # 070103,Kawa,*,*
Urban/Rural,Sex,*,*
*,Male,Female,Total
 Urban,8050,9346,17396
 Rural,85754,94213,179967
 Total,93804,103559,197363
AREA # 070104,Waw,*,*
Urban/Rural,Sex,*,*
*,Male,Female,Total
 Urban,10752,12391,23143
 Rural,72947,79924,152871
 Total,83699,92315,176014
AREA # 070105,Nyaunglebin,*,*
Urban/Rural,Sex,*,*
*,Male,Female,Total
 Urban,27863,31381,59244
 Rural,66601,73638,140239
 Total,94464,105019,199483
AREA # 070106,Kyauktaga,*,*
Urban/Rural,Sex,*,*
*,Male,Female,Total
 Urban,14849,16807,31656
 Rural,105175,114381,219556
 Total,120024,131188,251212
AREA # 070107,Daik U,*,*
Urban/Rural,Sex,*,*
*,Male,Female,Total
 Urban,18054,20423,38477
 Rural,78308,85745,164053
 Total,96362,106168,202530
AREA # 070108,Shwegyin,*,*
Urban/Rural,Sex,*,*
*,Male,Female,Total
 Urban,11994,12585,24579
 Rural,41098,41785,82883
 Total,53092,54370,107462
AREA # 070201,Toungoo,*,*
Urban/Rural,Sex,*,*
*,Male,Female,Total
 Urban,50614,57975,108589
 Rural,74528,78939,153467
 Total,125142,136914,262056
AREA # 070202,Yaedashe,*,*
Urban/Rural,Sex,*,*
*,Male,Female,Total
 Urban,11364,13056,24420
 Rural,91934,97239,189173
 Total,103298,110295,213593
AREA # 070203,Kyaukkyi,*,*
Urban/Rural,Sex,*,*
*,Male,Female,Total
 Urban,5051,5764,10815
 Rural,49236,53278,102514
 Total,54287,59042,113329
AREA # 070204,Pyu,*,*
Urban/Rural,Sex,*,*
*,Male,Female,Total
 Urban,29680,34200,63880
 Rural,91443,101950,193393
 Total,121123,136150,257273
AREA # 070205,Oatwin,*,*
Urban/Rural,Sex,*,*
*,Male,Female,Total
 Urban,6481,7662,14143
 Rural,68900,76785,145685
 Total,75381,84447,159828
AREA # 070206,Htantapin,*,*
Urban/Rural,Sex,*,*
*,Male,Female,Total
 Urban,4646,5243,9889
 Rural,50687,56700,107387
 Total,55333,61943,117276
AREA # 070301,Pyay,*,*
Urban/Rural,Sex,*,*
*,Male,Female,Total
 Urban,62903,71958,134861
 Rural,56767,60015,116782
 Total,119670,131973,251643
AREA # 070302,Paukkhaung,*,*
Urban/Rural,Sex,*,*
*,Male,Female,Total
 Urban,6477,7560,14037
 Rural,54464,56355,110819
 Total,60941,63915,124856
AREA # 070303,Padaung,*,*
Urban/Rural,Sex,*,*
*,Male,Female,Total
 Urban,8187,9491,17678
 Rural,61097,65439,126536
 Total,69284,74930,144214
AREA # 070304,Paunde,*,*
Urban/Rural,Sex,*,*
*,Male,Female,Total
 Urban,11974,13481,25455
 Rural,54238,57868,112106
 Total,66212,71349,137561
AREA # 070305,Thegon,*,*
Urban/Rural,Sex,*,*
*,Male,Female,Total
 Urban,7280,8472,15752
 Rural,54527,60678,115205
 Total,61807,69150,130957
AREA # 070306,Shwedaung,*,*
Urban/Rural,Sex,*,*
*,Male,Female,Total
 Urban,7956,9725,17681
 Rural,48681,55309,103990
 Total,56637,65034,121671
AREA # 070401,Tharyarwaddy,*,*
Urban/Rural,Sex,*,*
*,Male,Female,Total
 Urban,17282,18533,35815
 Rural,55490,59799,115289
 Total,72772,78332,151104
AREA # 070402,Letpadan,*,*
Urban/Rural,Sex,*,*
*,Male,Female,Total
 Urban,11638,13154,24792
 Rural,72758,79857,152615
 Total,84396,93011,177407
AREA # 070403,Minhla,*,*
Urban/Rural,Sex,*,*
*,Male,Female,Total
 Urban,5384,6313,11697
 Rural,53193,57601,110794
 Total,58577,63914,122491
AREA # 070404,Okpo,*,*
Urban/Rural,Sex,*,*
*,Male,Female,Total
 Urban,5304,6221,11525
 Rural,55401,59736,115137
 Total,60705,65957,126662
AREA # 070405,Zigon,*,*
Urban/Rural,Sex,*,*
*,Male,Female,Total
 Urban,7076,8157,15233
 Rural,25091,27199,52290
 Total,32167,35356,67523
AREA # 070406,Nattalin,*,*
Urban/Rural,Sex,*,*
*,Male,Female,Total
 Urban,8632,10297,18929
 Rural,73451,79761,153212
 Total,82083,90058,172141
AREA # 070407,Monyo,*,*
Urban/Rural,Sex,*,*
*,Male,Female,Total
 Urban,4478,4979,9457
 Rural,56186,61927,118113
 Total,60664,66906,127570
AREA # 070408,Gyobingauk,*,*
Urban/Rural,Sex,*,*
*,Male,Female,Total
 Urban,10564,12383,22947
 Rural,45185,49301,94486
 Total,55749,61684,117433
AREA # 080101,Magway,*,*
Urban/Rural,Sex,*,*
*,Male,Female,Total
 Urban,43890,50148,94038
 Rural,91213,103996,195209
 Total,135103,154144,289247
AREA # 080102,Yenangyoung,*,*
Urban/Rural,Sex,*,*
*,Male,Female,Total
 Urban,20271,24849,45120
 Rural,39957,49150,89107
 Total,60228,73999,134227
AREA # 080103,Chauk,*,*
Urban/Rural,Sex,*,*
*,Male,Female,Total
 Urban,20281,24795,45076
 Rural,62104,78009,140113
 Total,82385,102804,185189
AREA # 080104,Taungdwingyi,*,*
Urban/Rural,Sex,*,*
*,Male,Female,Total
 Urban,21742,24281,46023
 Rural,100964,112873,213837
 Total,122706,137154,259860
AREA # 080105,Myothit,*,*
Urban/Rural,Sex,*,*
*,Male,Female,Total
 Urban,3706,4374,8080
 Rural,70333,81098,151431
 Total,74039,85472,159511
AREA # 080106,Natmauk,*,*
Urban/Rural,Sex,*,*
*,Male,Female,Total
 Urban,6774,7963,14737
 Rural,86000,106259,192259
 Total,92774,114222,206996
AREA # 080201,Minbu,*,*
Urban/Rural,Sex,*,*
*,Male,Female,Total
 Urban,18140,21419,39559
 Rural,70122,78501,148623
 Total,88262,99920,188182
AREA # 080202,Pwint Phyu,*,*
Urban/Rural,Sex,*,*
*,Male,Female,Total
 Urban,2910,3440,6350
 Rural,73830,83512,157342
 Total,76740,86952,163692
AREA # 080203,Ngape,*,*
Urban/Rural,Sex,*,*
*,Male,Female,Total
 Urban,1884,2181,4065
 Rural,23191,24886,48077
 Total,25075,27067,52142
AREA # 080204,Salin,*,*
Urban/Rural,Sex,*,*
*,Male,Female,Total
 Urban,5571,6587,12158
 Rural,103154,120721,223875
 Total,108725,127308,236033
AREA # 080205,Saytottara,*,*
Urban/Rural,Sex,*,*
*,Male,Female,Total
 Urban,3222,3292,6514
 Rural,20116,20896,41012
 Total,23338,24188,47526
AREA # 080301,Thayet,*,*
Urban/Rural,Sex,*,*
*,Male,Female,Total
 Urban,9403,10848,20251
 Rural,39982,44114,84096
 Total,49385,54962,104347
AREA # 080302,Minhla,*,*
Urban/Rural,Sex,*,*
*,Male,Female,Total
 Urban,5892,6618,12510
 Rural,67241,66331,133572
 Total,73133,72949,146082
AREA # 080303,Mindon,*,*
Urban/Rural,Sex,*,*
*,Male,Female,Total
 Urban,2112,2482,4594
 Rural,25849,28914,54763
 Total,27961,31396,59357
AREA # 080304,Kamma,*,*
Urban/Rural,Sex,*,*
*,Male,Female,Total
 Urban,2417,2785,5202
 Rural,33437,36556,69993
 Total,35854,39341,75195
AREA # 080305,Aunglan,*,*
Urban/Rural,Sex,*,*
*,Male,Female,Total
 Urban,24632,27855,52487
 Rural,87133,95602,182735
 Total,111765,123457,235222
AREA # 080306,Sinpaungwe`,*,*
Urban/Rural,Sex,*,*
*,Male,Female,Total
 Urban,2354,2735,5089
 Rural,53435,59320,112755
 Total,55789,62055,117844
AREA # 080401,Pakokku,*,*
Urban/Rural,Sex,*,*
*,Male,Female,Total
 Urban,41225,49617,90842
 Rural,89516,109781,199297
 Total,130741,159398,290139
AREA # 080402,Yesagyo,*,*
Urban/Rural,Sex,*,*
*,Male,Female,Total
 Urban,10471,12858,23329
 Rural,83882,108141,192023
 Total,94353,120999,215352
AREA # 080403,Myaing,*,*
Urban/Rural,Sex,*,*
*,Male,Female,Total
 Urban,3486,4220,7706
 Rural,97368,120697,218065
 Total,100854,124917,225771
AREA # 080404,Pauk,*,*
Urban/Rural,Sex,*,*
*,Male,Female,Total
 Urban,3255,4031,7286
 Rural,75775,88453,164228
 Total,79030,92484,171514
AREA # 080405,Seikphyu,*,*
Urban/Rural,Sex,*,*
*,Male,Female,Total
 Urban,4063,5018,9081
 Rural,42846,50842,93688
 Total,46909,55860,102769
AREA # 080501,Gangaw,*,*
Urban/Rural,Sex,*,*
*,Male,Female,Total
 Urban,6449,7490,13939
 Rural,56971,62385,119356
 Total,63420,69875,133295
AREA # 080502,Htilin,*,*
Urban/Rural,Sex,*,*
*,Male,Female,Total
 Urban,2084,2438,4522
 Rural,20775,23569,44344
 Total,22859,26007,48866
AREA # 080503,Saw,*,*
Urban/Rural,Sex,*,*
*,Male,Female,Total
 Urban,2226,2636,4862
 Rural,14983,15987,30970
 Total,17209,18623,35832
AREA # 080551,Kyaukhtu(ST),*,*
Urban/Rural,Sex,*,*
*,Male,Female,Total
 Urban,2164,2447,4611
 Rural,13173,15081,28254
 Total,15337,17528,32865
AREA # 090101,Aungmyetharzan,*,*
Urban/Rural,Sex,*,*
*,Male,Female,Total
 Urban,129959,135820,265779
 Total,129959,135820,265779
AREA # 090102,Chanayeharzan,*,*
Urban/Rural,Sex,*,*
*,Male,Female,Total
 Urban,93245,103930,197175
 Total,93245,103930,197175
AREA # 090103,Mahaaungmye,*,*
Urban/Rural,Sex,*,*
*,Male,Female,Total
 Urban,116903,124210,241113
 Total,116903,124210,241113
AREA # 090104,Chanmyatharzi,*,*
Urban/Rural,Sex,*,*
*,Male,Female,Total
 Urban,137528,146253,283781
 Total,137528,146253,283781
AREA # 090105,Pyigyidagun,*,*
Urban/Rural,Sex,*,*
*,Male,Female,Total
 Urban,120794,116904,237698
 Total,120794,116904,237698
AREA # 090106,Amarapura,*,*
Urban/Rural,Sex,*,*
*,Male,Female,Total
 Urban,38959,41865,80824
 Rural,75522,81272,156794
 Total,114481,123137,237618
AREA # 090107,Patheingyi,*,*
Urban/Rural,Sex,*,*
*,Male,Female,Total
 Urban,6125,6957,13082
 Rural,122879,127764,250643
 Total,129004,134721,263725
AREA # 090201,Pyin Oo Lwin,*,*
Urban/Rural,Sex,*,*
*,Male,Female,Total
 Urban,79153,79630,158783
 Rural,48874,47851,96725
 Total,128027,127481,255508
AREA # 090202,Madaya,*,*
Urban/Rural,Sex,*,*
*,Male,Female,Total
 Urban,11473,12761,24234
 Rural,111406,122361,233767
 Total,122879,135122,258001
AREA # 090203,Sinku,*,*
Urban/Rural,Sex,*,*
*,Male,Female,Total
 Urban,3546,3847,7393
 Rural,73228,76964,150192
 Total,76774,80811,157585
AREA # 090204,Mogok,*,*
Urban/Rural,Sex,*,*
*,Male,Female,Total
 Urban,37664,39945,77609
 Rural,47228,42312,89540
 Total,84892,82257,167149
AREA # 090205,Thabeikkyin,*,*
Urban/Rural,Sex,*,*
*,Male,Female,Total
 Urban,2801,2829,5630
 Rural,62818,59384,122202
 Total,65619,62213,127832
AREA # 090251,Tagaung,*,*
Urban/Rural,Sex,*,*
*,Male,Female,Total
 Urban,3957,4178,8135
 Rural,13652,14083,27735
 Total,17609,18261,35870
AREA # 090301,Kyaukse,*,*
Urban/Rural,Sex,*,*
*,Male,Female,Total
 Urban,19775,21707,41482
 Rural,104764,111661,216425
 Total,124539,133368,257907
AREA # 090302,Singaing,*,*
Urban/Rural,Sex,*,*
*,Male,Female,Total
 Urban,3774,4516,8290
 Rural,67387,73241,140628
 Total,71161,77757,148918
AREA # 090303,Myitthar,*,*
Urban/Rural,Sex,*,*
*,Male,Female,Total
 Urban,9081,10261,19342
 Rural,83591,92696,176287
 Total,92672,102957,195629
AREA # 090304,Tada U,*,*
Urban/Rural,Sex,*,*
*,Male,Female,Total
 Urban,5800,6589,12389
 Rural,58954,67274,126228
 Total,64754,73863,138617
AREA # 090401,Myingyan,*,*
Urban/Rural,Sex,*,*
*,Male,Female,Total
 Urban,40016,47692,87708
 Rural,84084,104304,188388
 Total,124100,151996,276096
AREA # 090402,Taungtha,*,*
Urban/Rural,Sex,*,*
*,Male,Female,Total
 Urban,8107,9421,17528
 Rural,89054,110060,199114
 Total,97161,119481,216642
AREA # 090403,Natogyi,*,*
Urban/Rural,Sex,*,*
*,Male,Female,Total
 Urban,5975,6843,12818
 Rural,74873,89387,164260
 Total,80848,96230,177078
AREA # 090404,Kyaukpadaung,*,*
Urban/Rural,Sex,*,*
*,Male,Female,Total
 Urban,19939,22878,42817
 Rural,96686,122405,219091
 Total,116625,145283,261908
AREA # 090405,Ngazun,*,*
Urban/Rural,Sex,*,*
*,Male,Female,Total
 Urban,3248,3832,7080
 Rural,53421,63732,117153
 Total,56669,67564,124233
AREA # 090501,Nyaung U,*,*
Urban/Rural,Sex,*,*
*,Male,Female,Total
 Urban,23354,25174,48528
 Rural,68154,81503,149657
 Total,91508,106677,198185
AREA # 090551,Ngat,*,*
Urban/Rural,Sex,*,*
*,Male,Female,Total
 Urban,2486,3329,5815
 Rural,15482,20465,35947
 Total,17968,23794,41762
AREA # 090601,Yame`thin,*,*
Urban/Rural,Sex,*,*
*,Male,Female,Total
 Urban,13689,14009,27698
 Rural,111679,118714,230393
 Total,125368,132723,258091
AREA # 090602,Pyawbwe,*,*
Urban/Rural,Sex,*,*
*,Male,Female,Total
 Urban,14741,17473,32214
 Rural,104494,123585,228079
 Total,119235,141058,260293
AREA # 090701,Meiktila,*,*
Urban/Rural,Sex,*,*
*,Male,Female,Total
 Urban,51067,60455,111522
 Rural,91720,106421,198141
 Total,142787,166876,309663
AREA # 090702,MahlYaing,*,*
Urban/Rural,Sex,*,*
*,Male,Female,Total
 Urban,6331,7519,13850
 Rural,57250,68327,125577
 Total,63581,75846,139427
AREA # 090703,Thazi,*,*
Urban/Rural,Sex,*,*
*,Male,Female,Total
 Urban,9287,11274,20561
 Rural,86176,95943,182119
 Total,95463,107217,202680
AREA # 090704,Wundwin,*,*
Urban/Rural,Sex,*,*
*,Male,Female,Total
 Urban,14656,17902,32558
 Rural,91558,105644,197202
 Total,106214,123546,229760
AREA # 100101,Mawlamyine,*,*
Urban/Rural,Sex,*,*
*,Male,Female,Total
 Urban,122052,131682,253734
 Rural,16974,18680,35654
 Total,139026,150362,289388
AREA # 100102,Kyaikemaraw,*,*
Urban/Rural,Sex,*,*
*,Male,Female,Total
 Urban,4936,6085,11021
 Rural,87810,96979,184789
 Total,92746,103064,195810
AREA # 100103,Chaungzon,*,*
Urban/Rural,Sex,*,*
*,Male,Female,Total
 Urban,3538,4189,7727
 Rural,52058,62341,114399
 Total,55596,66530,122126
AREA # 100104,Thanbyuzayat,*,*
Urban/Rural,Sex,*,*
*,Male,Female,Total
 Urban,27345,29863,57208
 Rural,54104,59224,113328
 Total,81449,89087,170536
AREA # 100105,Mudon,*,*
Urban/Rural,Sex,*,*
*,Male,Female,Total
 Urban,24801,27713,52514
 Rural,65175,73048,138223
 Total,89976,100761,190737
AREA # 100106,Ye,*,*
Urban/Rural,Sex,*,*
*,Male,Female,Total
 Urban,16619,17811,34430
 Rural,59470,58585,118055
 Total,76089,76396,152485
AREA # 100151,Lamine,*,*
Urban/Rural,Sex,*,*
*,Male,Female,Total
 Urban,6360,7254,13614
 Rural,35274,39588,74862
 Total,41634,46842,88476
AREA # 100152,Khawzar,*,*
Urban/Rural,Sex,*,*
*,Male,Female,Total
 Urban,1924,1920,3844
 Rural,9236,9583,18819
 Total,11160,11503,22663
AREA # 100201,Thaton,*,*
Urban/Rural,Sex,*,*
*,Male,Female,Total
 Urban,26585,28462,55047
 Rural,89809,93250,183059
 Total,116394,121712,238106
AREA # 100202,Paung,*,*
Urban/Rural,Sex,*,*
*,Male,Female,Total
 Urban,13871,15563,29434
 Rural,91500,97525,189025
 Total,105371,113088,218459
AREA # 100203,Kyaikto,*,*
Urban/Rural,Sex,*,*
*,Male,Female,Total
 Urban,16622,18602,35224
 Rural,73409,75899,149308
 Total,90031,94501,184532
AREA # 100204,Bilin,*,*
Urban/Rural,Sex,*,*
*,Male,Female,Total
 Urban,8908,9484,18392
 Rural,79012,83671,162683
 Total,87920,93155,181075
AREA # 110101,Sittway,*,*
Urban/Rural,Sex,*,*
*,Male,Female,Total
 Urban,47880,52868,100748
 Rural,22590,24561,47151
 Total,70470,77429,147899
AREA # 110102,Ponnagyun,*,*
Urban/Rural,Sex,*,*
*,Male,Female,Total
 Urban,5912,6779,12691
 Rural,54067,62995,117062
 Total,59979,69774,129753
AREA # 110103,Pauktaw,*,*
Urban/Rural,Sex,*,*
*,Male,Female,Total
 Urban,5946,6768,12714
 Rural,62249,70994,133243
 Total,68195,77762,145957
AREA # 110104,Yethedaung,*,*
Urban/Rural,Sex,*,*
*,Male,Female,Total
 Urban,3409,4102,7511
 Rural,46617,57846,104463
 Total,50026,61948,111974
AREA # 110201,Myauk U,*,*
Urban/Rural,Sex,*,*
*,Male,Female,Total
 Urban,16836,19303,36139
 Rural,70838,82653,153491
 Total,87674,101956,189630
AREA # 110202,Kyauktaw,*,*
Urban/Rural,Sex,*,*
*,Male,Female,Total
 Urban,8745,10747,19492
 Rural,69296,84312,153608
 Total,78041,95059,173100
AREA # 110203,Minbya,*,*
Urban/Rural,Sex,*,*
*,Male,Female,Total
 Urban,10656,12288,22944
 Rural,68219,78045,146264
 Total,78875,90333,169208
AREA # 110204,Myebon,*,*
Urban/Rural,Sex,*,*
*,Male,Female,Total
 Urban,5387,6179,11566
 Rural,59972,65655,125627
 Total,65359,71834,137193
AREA # 110301,Maungtaw,*,*
Urban/Rural,Sex,*,*
*,Male,Female,Total
 Urban,5847,5895,11742
 Rural,13931,12526,26457
 Total,19778,18421,38199
AREA # 110302,Buthidaung,*,*
Urban/Rural,Sex,*,*
*,Male,Female,Total
 Urban,4345,5367,9712
 Rural,23373,22460,45833
 Total,27718,27827,55545
AREA # 110351,Taungpyoletwe(ST),*,*
Urban/Rural,Sex,*,*
*,Male,Female,Total
 Urban,387,340,727
 Rural,933,926,1859
 Total,1320,1266,2586
AREA # 110401,Kyaukpyu,*,*
Urban/Rural,Sex,*,*
*,Male,Female,Total
 Urban,10145,10721,20866
 Rural,68617,75869,144486
 Total,78762,86590,165352
AREA # 110402,Mannaung,*,*
Urban/Rural,Sex,*,*
*,Male,Female,Total
 Urban,2310,2936,5246
 Rural,22647,29073,51720
 Total,24957,32009,56966
AREA # 110403,Yanbye,*,*
Urban/Rural,Sex,*,*
*,Male,Female,Total
 Urban,4493,5381,9874
 Rural,40273,47744,88017
 Total,44766,53125,97891
AREA # 110404,An,*,*
Urban/Rural,Sex,*,*
*,Male,Female,Total
 Urban,4110,4404,8514
 Rural,54713,56487,111200
 Total,58823,60891,119714
AREA # 110501,Thandwe,*,*
Urban/Rural,Sex,*,*
*,Male,Female,Total
 Urban,6731,7596,14327
 Rural,58391,60766,119157
 Total,65122,68362,133484
AREA # 110502,Toungup,*,*
Urban/Rural,Sex,*,*
*,Male,Female,Total
 Urban,13562,15090,28652
 Rural,42111,43674,85785
 Total,55673,58764,114437
AREA # 110503,Gwa,*,*
Urban/Rural,Sex,*,*
*,Male,Female,Total
 Urban,4680,4830,9510
 Rural,16478,16446,32924
 Total,21158,21276,42434
AREA # 110551,Maei(ST),*,*
Urban/Rural,Sex,*,*
*,Male,Female,Total
 Urban,2655,2780,5435
 Rural,18929,19540,38469
 Total,21584,22320,43904
AREA # 110552,Kyeintali(ST),*,*
Urban/Rural,Sex,*,*
*,Male,Female,Total
 Urban,2821,3057,5878
 Rural,8601,9102,17703
 Total,11422,12159,23581
AREA # 120101,Insein,*,*
Urban/Rural,Sex,*,*
*,Male,Female,Total
 Urban,146158,159125,305283
 Total,146158,159125,305283
AREA # 120102,Mingaladon,*,*
Urban/Rural,Sex,*,*
*,Male,Female,Total
 Urban,95814,102582,198396
 Rural,62445,70745,133190
 Total,158259,173327,331586
AREA # 120103,Hmawby,*,*
Urban/Rural,Sex,*,*
*,Male,Female,Total
 Urban,12285,13675,25960
 Rural,108646,110001,218647
 Total,120931,123676,244607
AREA # 120104,Hlegu,*,*
Urban/Rural,Sex,*,*
*,Male,Female,Total
 Urban,18906,21172,40078
 Rural,115181,115482,230663
 Total,134087,136654,270741
AREA # 120105,Taikkyi,*,*
Urban/Rural,Sex,*,*
*,Male,Female,Total
 Urban,42161,45839,88000
 Rural,92553,96715,189268
 Total,134714,142554,277268
AREA # 120106,Htantabin,*,*
Urban/Rural,Sex,*,*
*,Male,Female,Total
 Urban,4318,4701,9019
 Rural,67489,69284,136773
 Total,71807,73985,145792
AREA # 120107,Shwepyitha,*,*
Urban/Rural,Sex,*,*
*,Male,Female,Total
 Urban,133915,145880,279795
 Rural,30349,33382,63731
 Total,164264,179262,343526
AREA # 120108,Hlinethaya,*,*
Urban/Rural,Sex,*,*
*,Male,Female,Total
 Urban,223568,258560,482128
 Rural,99294,106445,205739
 Total,322862,365005,687867
AREA # 120201,Thingangyun,*,*
Urban/Rural,Sex,*,*
*,Male,Female,Total
 Urban,98698,110788,209486
 Total,98698,110788,209486
AREA # 120202,Yankin,*,*
Urban/Rural,Sex,*,*
*,Male,Female,Total
 Urban,32724,38222,70946
 Total,32724,38222,70946
AREA # 120203,South Okkalapa,*,*
Urban/Rural,Sex,*,*
*,Male,Female,Total
 Urban,75547,85579,161126
 Total,75547,85579,161126
AREA # 120204,North Okkalapa,*,*
Urban/Rural,Sex,*,*
*,Male,Female,Total
 Urban,156340,176953,333293
 Total,156340,176953,333293
AREA # 120205,Thakayta,*,*
Urban/Rural,Sex,*,*
*,Male,Female,Total
 Urban,107290,113266,220556
 Total,107290,113266,220556
AREA # 120206,Dawbon,*,*
Urban/Rural,Sex,*,*
*,Male,Female,Total
 Urban,36745,38580,75325
 Total,36745,38580,75325
AREA # 120207,Tamway,*,*
Urban/Rural,Sex,*,*
*,Male,Female,Total
 Urban,74662,90651,165313
 Total,74662,90651,165313
AREA # 120208,Pazuntaung,*,*
Urban/Rural,Sex,*,*
*,Male,Female,Total
 Urban,22131,26324,48455
 Total,22131,26324,48455
AREA # 120209,Botahtaung,*,*
Urban/Rural,Sex,*,*
*,Male,Female,Total
 Urban,19416,21579,40995
 Total,19416,21579,40995
AREA # 120210,Dagon Myothit(South),*,*
Urban/Rural,Sex,*,*
*,Male,Female,Total
 Urban,181140,190506,371646
 Total,181140,190506,371646
AREA # 120211,Dagon Myothit(North),*,*
Urban/Rural,Sex,*,*
*,Male,Female,Total
 Urban,96388,107560,203948
 Total,96388,107560,203948
AREA # 120212,Dagon Myothit(East),*,*
Urban/Rural,Sex,*,*
*,Male,Female,Total
 Urban,76015,80229,156244
 Rural,4846,4538,9384
 Total,80861,84767,165628
AREA # 120213,Dagon Myothit(Seik),*,*
Urban/Rural,Sex,*,*
*,Male,Female,Total
 Urban,73906,76170,150076
 Rural,8791,8581,17372
 Total,82697,84751,167448
AREA # 120214,Mingala Taungnyunt,*,*
Urban/Rural,Sex,*,*
*,Male,Female,Total
 Urban,62530,69964,132494
 Total,62530,69964,132494
AREA # 120301,Thanlyin,*,*
Urban/Rural,Sex,*,*
*,Male,Female,Total
 Urban,41110,44955,86065
 Rural,89427,92571,181998
 Total,130537,137526,268063
AREA # 120302,Kyauktan,*,*
Urban/Rural,Sex,*,*
*,Male,Female,Total
 Urban,20541,22237,42778
 Rural,43837,46150,89987
 Total,64378,68387,132765
AREA # 120303,Thongwa,*,*
Urban/Rural,Sex,*,*
*,Male,Female,Total
 Urban,13194,14824,28018
 Rural,62298,67560,129858
 Total,75492,82384,157876
AREA # 120304,Khayan,*,*
Urban/Rural,Sex,*,*
*,Male,Female,Total
 Urban,15436,17541,32977
 Rural,60074,64968,125042
 Total,75510,82509,158019
AREA # 120305,Twantay,*,*
Urban/Rural,Sex,*,*
*,Male,Female,Total
 Urban,20752,22340,43092
 Rural,90499,93245,183744
 Total,111251,115585,226836
AREA # 120306,Kawhmu,*,*
Urban/Rural,Sex,*,*
*,Male,Female,Total
 Urban,4119,4481,8600
 Rural,54180,56270,110450
 Total,58299,60751,119050
AREA # 120307,Kungyangon,*,*
Urban/Rural,Sex,*,*
*,Male,Female,Total
 Urban,7931,8696,16627
 Rural,46176,48829,95005
 Total,54107,57525,111632
AREA # 120308,Dala,*,*
Urban/Rural,Sex,*,*
*,Male,Female,Total
 Urban,58358,61008,119366
 Rural,26313,27178,53491
 Total,84671,88186,172857
AREA # 120309,Seikkyi/Khanaungto,*,*
Urban/Rural,Sex,*,*
*,Male,Female,Total
 Urban,17068,16935,34003
 Total,17068,16935,34003
AREA # 120310,Cocogyun,*,*
Urban/Rural,Sex,*,*
*,Male,Female,Total
 Urban,1294,646,1940
 Total,1294,646,1940
AREA # 120351,Tada(ST),*,*
Urban/Rural,Sex,*,*
*,Male,Female,Total
 Urban,4302,4532,8834
 Rural,12776,13073,25849
 Total,17078,17605,34683
AREA # 120401,Kyauktada,*,*
Urban/Rural,Sex,*,*
*,Male,Female,Total
 Urban,13777,16076,29853
 Total,13777,16076,29853
AREA # 120402,Pabedan,*,*
Urban/Rural,Sex,*,*
*,Male,Female,Total
 Urban,15171,18165,33336
 Total,15171,18165,33336
AREA # 120403,Lanmadaw,*,*
Urban/Rural,Sex,*,*
*,Male,Female,Total
 Urban,20180,26980,47160
 Total,20180,26980,47160
AREA # 120404,Latha,*,*
Urban/Rural,Sex,*,*
*,Male,Female,Total
 Urban,10728,14329,25057
 Total,10728,14329,25057
AREA # 120405,Ahlon,*,*
Urban/Rural,Sex,*,*
*,Male,Female,Total
 Urban,25551,29931,55482
 Total,25551,29931,55482
AREA # 120406,Kyimyindine,*,*
Urban/Rural,Sex,*,*
*,Male,Female,Total
 Urban,52627,58887,111514
 Total,52627,58887,111514
AREA # 120407,Sangyoung,*,*
Urban/Rural,Sex,*,*
*,Male,Female,Total
 Urban,43993,55626,99619
 Total,43993,55626,99619
AREA # 120408,Hline,*,*
Urban/Rural,Sex,*,*
*,Male,Female,Total
 Urban,75029,85278,160307
 Total,75029,85278,160307
AREA # 120409,Kamayut,*,*
Urban/Rural,Sex,*,*
*,Male,Female,Total
 Urban,36958,47611,84569
 Total,36958,47611,84569
AREA # 120410,Mayangon,*,*
Urban/Rural,Sex,*,*
*,Male,Female,Total
 Urban,93392,104721,198113
 Total,93392,104721,198113
AREA # 120411,Dagon,*,*
Urban/Rural,Sex,*,*
*,Male,Female,Total
 Urban,11846,13236,25082
 Total,11846,13236,25082
AREA # 120412,Bahan,*,*
Urban/Rural,Sex,*,*
*,Male,Female,Total
 Urban,45518,51214,96732
 Total,45518,51214,96732
AREA # 120413,Seikkan,*,*
Urban/Rural,Sex,*,*
*,Male,Female,Total
 Urban,1697,1129,2826
 Total,1697,1129,2826
AREA # 130101,Taunggyi,*,*
Urban/Rural,Sex,*,*
*,Male,Female,Total
 Urban,126928,137876,264804
 Rural,59026,57809,116835
 Total,185954,195685,381639
AREA # 130102,Nyaungshwe,*,*
Urban/Rural,Sex,*,*
*,Male,Female,Total
 Urban,8174,8034,16208
 Rural,86363,86836,173199
 Total,94537,94870,189407
AREA # 130103,Hopon,*,*
Urban/Rural,Sex,*,*
*,Male,Female,Total
 Urban,12106,10734,22840
 Rural,43429,46079,89508
 Total,55535,56813,112348
AREA # 130104,Hsihseng,*,*
Urban/Rural,Sex,*,*
*,Male,Female,Total
 Urban,6029,6044,12073
 Rural,68707,72252,140959
 Total,74736,78296,153032
AREA # 130105,Kalaw,*,*
Urban/Rural,Sex,*,*
*,Male,Female,Total
 Urban,28672,29125,57797
 Rural,64420,63866,128286
 Total,93092,92991,186083
AREA # 130106,Pindaya,*,*
Urban/Rural,Sex,*,*
*,Male,Female,Total
 Urban,5161,5601,10762
 Rural,33307,35234,68541
 Total,38468,40835,79303
AREA # 130107,Ywarngan,*,*
Urban/Rural,Sex,*,*
*,Male,Female,Total
 Urban,2220,2297,4517
 Rural,38829,39186,78015
 Total,41049,41483,82532
AREA # 130108,Yatsauk,*,*
Urban/Rural,Sex,*,*
*,Male,Female,Total
 Urban,16175,13358,29533
 Rural,48786,48248,97034
 Total,64961,61606,126567
AREA # 130109,Pinlaung,*,*
Urban/Rural,Sex,*,*
*,Male,Female,Total
 Urban,6531,6098,12629
 Rural,50880,51538,102418
 Total,57411,57636,115047
AREA # 130110,Phekon,*,*
Urban/Rural,Sex,*,*
*,Male,Female,Total
 Urban,8357,8189,16546
 Rural,43936,43108,87044
 Total,52293,51297,103590
AREA # 130151,Kyauktalongyi(ST),*,*
Urban/Rural,Sex,*,*
*,Male,Female,Total
 Urban,1454,1712,3166
 Rural,25792,27459,53251
 Total,27246,29171,56417
AREA # 130152,Indaw(ST),*,*
Urban/Rural,Sex,*,*
*,Male,Female,Total
 Urban,4171,4081,8252
 Rural,15194,14717,29911
 Total,19365,18798,38163
AREA # 130153,Naungtayar(ST),*,*
Urban/Rural,Sex,*,*
*,Male,Female,Total
 Urban,2425,2436,4861
 Rural,35522,36827,72349
 Total,37947,39263,77210
AREA # 130201,Loilem,*,*
Urban/Rural,Sex,*,*
*,Male,Female,Total
 Urban,6417,7043,13460
 Rural,18814,20097,38911
 Total,25231,27140,52371
AREA # 130202,Le`char,*,*
Urban/Rural,Sex,*,*
*,Male,Female,Total
 Urban,3845,4156,8001
 Rural,19801,21029,40830
 Total,23646,25185,48831
AREA # 130203,Nanhsam(South),*,*
Urban/Rural,Sex,*,*
*,Male,Female,Total
 Urban,11946,11846,23792
 Rural,34596,33914,68510
 Total,46542,45760,92302
AREA # 130204,Kunhing,*,*
Urban/Rural,Sex,*,*
*,Male,Female,Total
 Urban,3767,3814,7581
 Rural,7105,7137,14242
 Total,10872,10951,21823
AREA # 130205,Kehsi,*,*
Urban/Rural,Sex,*,*
*,Male,Female,Total
 Urban,2105,2177,4282
 Rural,18800,21418,40218
 Total,20905,23595,44500
AREA # 130206,Mongkai,*,*
Urban/Rural,Sex,*,*
*,Male,Female,Total
 Urban,5156,5464,10620
 Rural,29966,33708,63674
 Total,35122,39172,74294
AREA # 130207,Mineshu,*,*
Urban/Rural,Sex,*,*
*,Male,Female,Total
 Urban,4839,4970,9809
 Rural,15524,17362,32886
 Total,20363,22332,42695
AREA # 130251,Panglong(ST),*,*
Urban/Rural,Sex,*,*
*,Male,Female,Total
 Urban,13615,13500,27115
 Rural,21713,23358,45071
 Total,35328,36858,72186
AREA # 130252,Kholan(ST),*,*
Urban/Rural,Sex,*,*
*,Male,Female,Total
 Urban,4719,4751,9470
 Rural,8030,7159,15189
 Total,12749,11910,24659
AREA # 130253,Karli(ST),*,*
Urban/Rural,Sex,*,*
*,Male,Female,Total
 Urban,3870,3909,7779
 Rural,11881,11920,23801
 Total,15751,15829,31580
AREA # 130254,Minenaung(ST),*,*
Urban/Rural,Sex,*,*
*,Male,Female,Total
 Urban,1927,2121,4048
 Rural,12592,13224,25816
 Total,14519,15345,29864
AREA # 130255,Minesan(Monsan)(ST),*,*
Urban/Rural,Sex,*,*
*,Male,Female,Total
 Urban,1331,1144,2475
 Rural,14548,13034,27582
 Total,15879,14178,30057
AREA # 130301,Linkhe`,*,*
Urban/Rural,Sex,*,*
*,Male,Female,Total
 Urban,3189,3295,6484
 Rural,13494,13503,26997
 Total,16683,16798,33481
AREA # 130302,Mone`,*,*
Urban/Rural,Sex,*,*
*,Male,Female,Total
 Urban,4735,5032,9767
 Rural,9319,9554,18873
 Total,14054,14586,28640
AREA # 130303,Maukme`,*,*
Urban/Rural,Sex,*,*
*,Male,Female,Total
 Urban,2686,2536,5222
 Rural,13860,14728,28588
 Total,16546,17264,33810
AREA # 130304,Minepan,*,*
Urban/Rural,Sex,*,*
*,Male,Female,Total
 Urban,4712,4260,8972
 Rural,9117,7837,16954
 Total,13829,12097,25926
AREA # 130351,Homane(ST),*,*
Urban/Rural,Sex,*,*
*,Male,Female,Total
 Urban,1770,1676,3446
 Rural,1753,1631,3384
 Total,3523,3307,6830
AREA # 130352,Kengtaung(ST),*,*
Urban/Rural,Sex,*,*
*,Male,Female,Total
 Urban,5535,4456,9991
 Rural,402,403,805
 Total,5937,4859,10796
AREA # 130401,Lashio,*,*
Urban/Rural,Sex,*,*
*,Male,Female,Total
 Urban,84331,90004,174335
 Rural,74181,74889,149070
 Total,158512,164893,323405
AREA # 130402,Theinni,*,*
Urban/Rural,Sex,*,*
*,Male,Female,Total
 Urban,4449,4703,9152
 Rural,24155,23355,47510
 Total,28604,28058,56662
AREA # 130403,Mineye`,*,*
Urban/Rural,Sex,*,*
*,Male,Female,Total
 Urban,3594,3452,7046
 Rural,24797,27533,52330
 Total,28391,30985,59376
AREA # 130404,Tantyan,*,*
Urban/Rural,Sex,*,*
*,Male,Female,Total
 Urban,16305,17298,33603
 Rural,67718,71484,139202
 Total,84023,88782,172805
AREA # 130501,MuSe,*,*
Urban/Rural,Sex,*,*
*,Male,Female,Total
 Urban,38448,35865,74313
 Rural,22498,20696,43194
 Total,60946,56561,117507
AREA # 130502,Namkham,*,*
Urban/Rural,Sex,*,*
*,Male,Female,Total
 Urban,14171,16098,30269
 Rural,37144,39621,76765
 Total,51315,55719,107034
AREA # 130503,Kukai,*,*
Urban/Rural,Sex,*,*
*,Male,Female,Total
 Urban,12226,12737,24963
 Rural,38021,38350,76371
 Total,50247,51087,101334
AREA # 130551,Monekoe(ST),*,*
Urban/Rural,Sex,*,*
*,Male,Female,Total
 Urban,4527,4320,8847
 Rural,8218,7500,15718
 Total,12745,11820,24565
AREA # 130552,Manhero(ST),*,*
Urban/Rural,Sex,*,*
*,Male,Female,Total
 Urban,684,754,1438
 Rural,2558,2791,5349
 Total,3242,3545,6787
AREA # 130553,Pansai(KyuKute)(ST),*,*
Urban/Rural,Sex,*,*
*,Male,Female,Total
 Urban,4710,4820,9530
 Rural,6759,6661,13420
 Total,11469,11481,22950
AREA # 130554,Tamoenye(ST),*,*
Urban/Rural,Sex,*,*
*,Male,Female,Total
 Urban,7452,7223,14675
 Rural,29743,28900,58643
 Total,37195,36123,73318
AREA # 130601,Kyukme,*,*
Urban/Rural,Sex,*,*
*,Male,Female,Total
 Urban,19111,20819,39930
 Rural,42533,45097,87630
 Total,61644,65916,127560
AREA # 130602,Naungkhio,*,*
Urban/Rural,Sex,*,*
*,Male,Female,Total
 Urban,9093,9729,18822
 Rural,66668,64352,131020
 Total,75761,74081,149842
AREA # 130603,Hsipaw,*,*
Urban/Rural,Sex,*,*
*,Male,Female,Total
 Urban,10202,10695,20897
 Rural,75634,79627,155261
 Total,85836,90322,176158
AREA # 130604,Namtu,*,*
Urban/Rural,Sex,*,*
*,Male,Female,Total
 Urban,6171,7127,13298
 Rural,18277,18848,37125
 Total,24448,25975,50423
AREA # 130605,Namsan(North),*,*
Urban/Rural,Sex,*,*
*,Male,Female,Total
 Urban,1982,2156,4138
 Rural,30726,37340,68066
 Total,32708,39496,72204
AREA # 130606,Momeik,*,*
Urban/Rural,Sex,*,*
*,Male,Female,Total
 Urban,4778,5482,10260
 Rural,26767,26303,53070
 Total,31545,31785,63330
AREA # 130607,Mabane,*,*
Urban/Rural,Sex,*,*
*,Male,Female,Total
 Urban,1619,1622,3241
 Rural,22875,21282,44157
 Total,24494,22904,47398
AREA # 130608,Manton,*,*
Urban/Rural,Sex,*,*
*,Male,Female,Total
 Urban,2090,2012,4102
 Rural,16472,18027,34499
 Total,18562,20039,38601
AREA # 130651,Minengaw(ST),*,*
Urban/Rural,Sex,*,*
*,Male,Female,Total
 Urban,1220,1213,2433
 Rural,7613,8855,16468
 Total,8833,10068,18901
AREA # 130652,Minelon(ST),*,*
Urban/Rural,Sex,*,*
*,Male,Female,Total
 Urban,1170,1178,2348
 Rural,11102,12198,23300
 Total,12272,13376,25648
AREA # 130701,Kunlon,*,*
Urban/Rural,Sex,*,*
*,Male,Female,Total
 Urban,2756,2793,5549
 Rural,28144,25081,53225
 Total,30900,27874,58774
AREA # 130801,Laukine,*,*
Urban/Rural,Sex,*,*
*,Male,Female,Total
 Urban,12125,11310,23435
 Rural,35270,31256,66526
 Total,47395,42566,89961
AREA # 130802,Kongyan,*,*
Urban/Rural,Sex,*,*
*,Male,Female,Total
 Urban,664,522,1186
 Rural,16808,15778,32586
 Total,17472,16300,33772
AREA # 130851,Chinshwehaw(ST),*,*
Urban/Rural,Sex,*,*
*,Male,Female,Total
 Urban,1731,1407,3138
 Rural,907,844,1751
 Total,2638,2251,4889
AREA # 130852,Mawhtike(ST),*,*
Urban/Rural,Sex,*,*
*,Male,Female,Total
 Urban,220,204,424
 Rural,13379,12487,25866
 Total,13599,12691,26290
AREA # 130901,Hopan,*,*
Urban/Rural,Sex,*,*
*,Male,Female,Total
 Urban,8640,8253,16893
 Rural,19629,18372,38001
 Total,28269,26625,54894
AREA # 130902,Minemaw,*,*
Urban/Rural,Sex,*,*
*,Male,Female,Total
 Urban,2895,2760,5655
 Rural,33418,31610,65028
 Total,36313,34370,70683
AREA # 130903,Panwine,*,*
Urban/Rural,Sex,*,*
*,Male,Female,Total
 Urban,1757,1679,3436
 Rural,47034,46627,93661
 Total,48791,48306,97097
AREA # 130952,Panlon(ST),*,*
Urban/Rural,Sex,*,*
*,Male,Female,Total
 Urban,1805,1764,3569
 Rural,1395,1242,2637
 Total,3200,3006,6206
AREA # 131001,Makman,*,*
Urban/Rural,Sex,*,*
*,Male,Female,Total
 Urban,170,122,292
 Rural,9898,9542,19440
 Total,10068,9664,19732
AREA # 131002,Pan San(Pan Kham),*,*
Urban/Rural,Sex,*,*
*,Male,Female,Total
 Urban,8061,7875,15936
 Rural,46140,42253,88393
 Total,54201,50128,104329
AREA # 131003,Naphang,*,*
Urban/Rural,Sex,*,*
*,Male,Female,Total
 Urban,497,473,970
 Rural,58872,56338,115210
 Total,59369,56811,116180
AREA # 131051,ManKan(ST),*,*
Urban/Rural,Sex,*,*
*,Male,Female,Total
 Urban,232,187,419
 Rural,608,616,1224
 Total,840,803,1643
AREA # 131101,Kengtung,*,*
Urban/Rural,Sex,*,*
*,Male,Female,Total
 Urban,22212,22077,44289
 Rural,65567,61764,127331
 Total,87779,83841,171620
AREA # 131102,Minekat,*,*
Urban/Rural,Sex,*,*
*,Male,Female,Total
 Urban,1642,1185,2827
 Rural,21231,20470,41701
 Total,22873,21655,44528
AREA # 131103,Mineyan,*,*
Urban/Rural,Sex,*,*
*,Male,Female,Total
 Urban,2761,2205,4966
 Rural,24219,23406,47625
 Total,26980,25611,52591
AREA # 131104,Minelar,*,*
Urban/Rural,Sex,*,*
*,Male,Female,Total
 Urban,11028,9425,20453
 Rural,11238,11377,22615
 Total,22266,20802,43068
AREA # 131151,Mine Pauk(ST),*,*
Urban/Rural,Sex,*,*
*,Male,Female,Total
 Rural,28095,26959,55054
 Total,28095,26959,55054
AREA # 131201,Minesat,*,*
Urban/Rural,Sex,*,*
*,Male,Female,Total
 Urban,4449,3555,8004
 Rural,41282,37267,78549
 Total,45731,40822,86553
AREA # 131202,Minepyin,*,*
Urban/Rural,Sex,*,*
*,Male,Female,Total
 Urban,3596,3245,6841
 Rural,23834,23474,47308
 Total,27430,26719,54149
AREA # 131203,Minetung,*,*
Urban/Rural,Sex,*,*
*,Male,Female,Total
 Urban,3240,2579,5819
 Rural,8778,7397,16175
 Total,12018,9976,21994
AREA # 131251,Minekoke(ST),*,*
Urban/Rural,Sex,*,*
*,Male,Female,Total
 Urban,790,651,1441
 Rural,8753,7902,16655
 Total,9543,8553,18096
AREA # 131252,Tontar(ST),*,*
Urban/Rural,Sex,*,*
*,Male,Female,Total
 Urban,1073,992,2065
 Rural,6489,6130,12619
 Total,7562,7122,14684
AREA # 131253,Ponparkyin(ST),*,*
Urban/Rural,Sex,*,*
*,Male,Female,Total
 Urban,1708,1493,3201
 Rural,22098,18520,40618
 Total,23806,20013,43819
AREA # 131254,Monehta(ST),*,*
Urban/Rural,Sex,*,*
*,Male,Female,Total
 Urban,279,125,404
 Rural,2221,1651,3872
 Total,2500,1776,4276
AREA # 131301,Tachileik,*,*
Urban/Rural,Sex,*,*
*,Male,Female,Total
 Urban,25146,26407,51553
 Rural,49681,46787,96468
 Total,74827,73194,148021
AREA # 131351,Talay(ST),*,*
Urban/Rural,Sex,*,*
*,Male,Female,Total
 Urban,2066,1903,3969
 Rural,7437,6842,14279
 Total,9503,8745,18248
AREA # 131352,Kenglat(ST),*,*
Urban/Rural,Sex,*,*
*,Male,Female,Total
 Urban,1762,1483,3245
 Rural,4032,3767,7799
 Total,5794,5250,11044
AREA # 131401,Minephyat,*,*
Urban/Rural,Sex,*,*
*,Male,Female,Total
 Urban,3251,2823,6074
 Rural,12958,11524,24482
 Total,16209,14347,30556
AREA # 131402,Mineyaung,*,*
Urban/Rural,Sex,*,*
*,Male,Female,Total
 Urban,2483,2397,4880
 Rural,11927,10752,22679
 Total,14410,13149,27559
AREA # 131451,Mineyu(ST),*,*
Urban/Rural,Sex,*,*
*,Male,Female,Total
 Urban,514,458,972
 Rural,26950,24409,51359
 Total,27464,24867,52331
AREA # 140101,Kangyidaunt,*,*
Urban/Rural,Sex,*,*
*,Male,Female,Total
 Urban,5421,5671,11092
 Rural,81476,85422,166898
 Total,86897,91093,177990
AREA # 140102,Kyaungon,*,*
Urban/Rural,Sex,*,*
*,Male,Female,Total
 Urban,7496,8556,16052
 Rural,71259,75724,146983
 Total,78755,84280,163035
AREA # 140103,Kyonpyaw,*,*
Urban/Rural,Sex,*,*
*,Male,Female,Total
 Urban,11315,12651,23966
 Rural,102423,109338,211761
 Total,113738,121989,235727
AREA # 140104,Ngaputaw,*,*
Urban/Rural,Sex,*,*
*,Male,Female,Total
 Urban,5072,5610,10682
 Rural,79110,78984,158094
 Total,84182,84594,168776
AREA # 140105,Pathein,*,*
Urban/Rural,Sex,*,*
*,Male,Female,Total
 Urban,79524,90249,169773
 Rural,58139,59159,117298
 Total,137663,149408,287071
AREA # 140106,Yekyi,*,*
Urban/Rural,Sex,*,*
*,Male,Female,Total
 Urban,4834,5793,10627
 Rural,44973,49470,94443
 Total,49807,55263,105070
AREA # 140107,Thapaung,*,*
Urban/Rural,Sex,*,*
*,Male,Female,Total
 Urban,3423,3877,7300
 Rural,72240,74860,147100
 Total,75663,78737,154400
AREA # 140151,Ngayokaung(ST),*,*
Urban/Rural,Sex,*,*
*,Male,Female,Total
 Urban,1568,1688,3256
 Rural,19347,18591,37938
 Total,20915,20279,41194
AREA # 140152,Hainggyikyun(ST),*,*
Urban/Rural,Sex,*,*
*,Male,Female,Total
 Urban,7765,7029,14794
 Rural,50150,49565,99715
 Total,57915,56594,114509
AREA # 140153,Shwethaungyan(ST),*,*
Urban/Rural,Sex,*,*
*,Male,Female,Total
 Urban,1599,1581,3180
 Rural,22891,23467,46358
 Total,24490,25048,49538
AREA # 140154,Ngwehsaung(ST),*,*
Urban/Rural,Sex,*,*
*,Male,Female,Total
 Urban,7596,6893,14489
 Rural,15055,14832,29887
 Total,22651,21725,44376
AREA # 140155,Ngathaingchaung(ST),*,*
Urban/Rural,Sex,*,*
*,Male,Female,Total
 Urban,8696,10047,18743
 Rural,33884,36403,70287
 Total,42580,46450,89030
AREA # 140201,Kyaiklatt,*,*
Urban/Rural,Sex,*,*
*,Male,Female,Total
 Urban,11719,12760,24479
 Rural,83118,85743,168861
 Total,94837,98503,193340
AREA # 140202,Daydaye,*,*
Urban/Rural,Sex,*,*
*,Male,Female,Total
 Urban,7231,8089,15320
 Rural,92383,95223,187606
 Total,99614,103312,202926
AREA # 140203,Phyapon,*,*
Urban/Rural,Sex,*,*
*,Male,Female,Total
 Urban,23992,25136,49128
 Rural,67920,70295,138215
 Total,91912,95431,187343
AREA # 140204,Bogale,*,*
Urban/Rural,Sex,*,*
*,Male,Female,Total
 Urban,20530,22694,43224
 Rural,138766,140675,279441
 Total,159296,163369,322665
AREA # 140251,Ahmar(ST),*,*
Urban/Rural,Sex,*,*
*,Male,Female,Total
 Urban,1673,1685,3358
 Rural,62021,61400,123421
 Total,63694,63085,126779
AREA # 140301,Nyaungdon,*,*
Urban/Rural,Sex,*,*
*,Male,Female,Total
 Urban,11566,12889,24455
 Rural,94147,97304,191451
 Total,105713,110193,215906
AREA # 140302,Danubyu,*,*
Urban/Rural,Sex,*,*
*,Male,Female,Total
 Urban,9977,11785,21762
 Rural,75798,81793,157591
 Total,85775,93578,179353
AREA # 140303,Pantanaw,*,*
Urban/Rural,Sex,*,*
*,Male,Female,Total
 Urban,9385,10435,19820
 Rural,118737,126039,244776
 Total,128122,136474,264596
AREA # 140304,Maubin,*,*
Urban/Rural,Sex,*,*
*,Male,Female,Total
 Urban,20277,22834,43111
 Rural,132663,138319,270982
 Total,152940,161153,314093
AREA # 140401,Myaungmya,*,*
Urban/Rural,Sex,*,*
*,Male,Female,Total
 Urban,27626,31072,58698
 Rural,118346,121593,239939
 Total,145972,152665,298637
AREA # 140402,Wakema,*,*
Urban/Rural,Sex,*,*
*,Male,Female,Total
 Urban,10455,11726,22181
 Rural,130243,136682,266925
 Total,140698,148408,289106
AREA # 140403,Einme,*,*
Urban/Rural,Sex,*,*
*,Male,Female,Total
 Urban,6395,7159,13554
 Rural,88234,92313,180547
 Total,94629,99472,194101
AREA # 140501,Mawlamyinegyun,*,*
Urban/Rural,Sex,*,*
*,Male,Female,Total
 Urban,15800,17115,32915
 Rural,137327,141098,278425
 Total,153127,158213,311340
AREA # 140502,Labutta,*,*
Urban/Rural,Sex,*,*
*,Male,Female,Total
 Urban,14987,16187,31174
 Rural,99759,98996,198755
 Total,114746,115183,229929
AREA # 140551,Pyinsalu(ST),*,*
Urban/Rural,Sex,*,*
*,Male,Female,Total
 Urban,1186,1043,2229
 Rural,42980,40080,83060
 Total,44166,41123,85289
AREA # 140601,Kyangin,*,*
Urban/Rural,Sex,*,*
*,Male,Female,Total
 Urban,9123,10372,19495
 Rural,36500,40088,76588
 Total,45623,50460,96083
AREA # 140602,Zalun,*,*
Urban/Rural,Sex,*,*
*,Male,Female,Total
 Urban,9969,11285,21254
 Rural,69684,77265,146949
 Total,79653,88550,168203
AREA # 140603,Myanaung,*,*
Urban/Rural,Sex,*,*
*,Male,Female,Total
 Urban,10120,12430,22550
 Rural,92183,103848,196031
 Total,102303,116278,218581
AREA # 140604,Laymyethna,*,*
Urban/Rural,Sex,*,*
*,Male,Female,Total
 Urban,1338,1519,2857
 Rural,48323,51844,100167
 Total,49661,53363,103024
AREA # 140605,Hinthada,*,*
Urban/Rural,Sex,*,*
*,Male,Female,Total
 Urban,38868,44894,83762
 Rural,120826,133847,254673
 Total,159694,178741,338435
AREA # 140606,Ingapu,*,*
Urban/Rural,Sex,*,*
*,Male,Female,Total
 Urban,6167,7153,13320
 Rural,96210,104854,201064
 Total,102377,112007,214384
AREA # 150101,Tatkon,*,*
Urban/Rural,Sex,*,*
*,Male,Female,Total
 Urban,19609,22074,41683
 Rural,84106,91304,175410
 Total,103715,113378,217093
AREA # 150102,Zeyarthiri,*,*
Urban/Rural,Sex,*,*
*,Male,Female,Total
 Urban,18864,16242,35106
 Rural,36778,39409,76187
 Total,55642,55651,111293
AREA # 150103,Ottarathiri,*,*
Urban/Rural,Sex,*,*
*,Male,Female,Total
 Urban,12459,11496,23955
 Rural,28850,28815,57665
 Total,41309,40311,81620
AREA # 150104,Pobbathiri,*,*
Urban/Rural,Sex,*,*
*,Male,Female,Total
 Urban,22018,22419,44437
 Rural,35308,36746,72054
 Total,57326,59165,116491
AREA # 150201,Pyinmana,*,*
Urban/Rural,Sex,*,*
*,Male,Female,Total
 Urban,34214,37796,72010
 Rural,56517,59038,115555
 Total,90731,96834,187565
AREA # 150202,Lewe,*,*
Urban/Rural,Sex,*,*
*,Male,Female,Total
 Urban,14498,15710,30208
 Rural,123637,130548,254185
 Total,138135,146258,284393
AREA # 150203,Zabuthiri,*,*
Urban/Rural,Sex,*,*
*,Male,Female,Total
 Urban,48415,56181,104596
 Rural,2832,3031,5863
 Total,51247,59212,110459
AREA # 150204,Dekkhinathiri,*,*
Urban/Rural,Sex,*,*
*,Male,Female,Total
 Urban,12950,10244,23194
 Rural,14100,14034,28134
 Total,27050,24278,51328
SUMMARY,*,*,*
Urban/Rural,Sex,*,*
*,Male,Female,Total
 Urban,7114224,7763719,14877943
 Rural,17114490,18287467,35401957
 Total,24228714,26051186,50279900
