Urban_Rural,Television_Yes,Television_No,Television_Total
AREA # 010101,Myitkyina,*,*
Urban/Rural,Television,*,*
*,Yes,No,Total
 Urban,29638,10030,39668
 Rural,5180,5735,10915
 Total,34818,15765,50583
NotApp :,1258,*,*
AREA # 010102,Waingmaw,*,*
Urban/Rural,Television,*,*
*,Yes,No,Total
 Urban,2440,1380,3820
 Rural,6823,9137,15960
 Total,9263,10517,19780
NotApp :,241,*,*
AREA # 010103,Ingyanyan,*,*
Urban/Rural,Television,*,*
*,Yes,No,Total
 Urban,19,59,78
 Rural,39,168,207
 Total,58,227,285
NotApp :,35,*,*
AREA # 010104,Tanaing,*,*
Urban/Rural,Television,*,*
*,Yes,No,Total
 Urban,2242,1452,3694
 Rural,1181,1523,2704
 Total,3423,2975,6398
NotApp :,303,*,*
AREA # 010105,Chiphwe,*,*
Urban/Rural,Television,*,*
*,Yes,No,Total
 Urban,172,157,329
 Rural,624,978,1602
 Total,796,1135,1931
NotApp :,11,*,*
AREA # 010106,Hsotlaw,*,*
Urban/Rural,Television,*,*
*,Yes,No,Total
 Urban,33,33,66
 Rural,220,787,1007
 Total,253,820,1073
NotApp :,4,*,*
AREA # 010151,Hsinbo(ST),*,*
Urban/Rural,Television,*,*
*,Yes,No,Total
 Urban,392,312,704
 Rural,591,713,1304
 Total,983,1025,2008
NotApp :,80,*,*
AREA # 010152,Hsadone(ST),*,*
Urban/Rural,Television,*,*
*,Yes,No,Total
 Urban,294,216,510
 Rural,359,741,1100
 Total,653,957,1610
NotApp :,9,*,*
AREA # 010153,Kanpaikti(ST),*,*
Urban/Rural,Television,*,*
*,Yes,No,Total
 Urban,151,23,174
 Rural,474,822,1296
 Total,625,845,1470
NotApp :,20,*,*
AREA # 010154,Shinbwayyan(ST),*,*
Urban/Rural,Television,*,*
*,Yes,No,Total
 Urban,668,357,1025
 Rural,315,790,1105
 Total,983,1147,2130
NotApp :,15,*,*
AREA # 010155,Panwa(ST),*,*
Urban/Rural,Television,*,*
*,Yes,No,Total
 Urban,169,27,196
 Rural,466,713,1179
 Total,635,740,1375
NotApp :,41,*,*
AREA # 010201,Mohnyin,*,*
Urban/Rural,Television,*,*
*,Yes,No,Total
 Urban,4924,1429,6353
 Rural,15113,8724,23837
 Total,20037,10153,30190
NotApp :,542,*,*
AREA # 010202,Mogaung,*,*
Urban/Rural,Television,*,*
*,Yes,No,Total
 Urban,3475,973,4448
 Rural,12418,8032,20450
 Total,15893,9005,24898
NotApp :,208,*,*
AREA # 010203,Phakant,*,*
Urban/Rural,Television,*,*
*,Yes,No,Total
 Urban,4895,1961,6856
 Rural,17839,8439,26278
 Total,22734,10400,33134
NotApp :,1665,*,*
AREA # 010251,Hopin(ST),*,*
Urban/Rural,Television,*,*
*,Yes,No,Total
 Urban,3317,1224,4541
 Rural,3003,1888,4891
 Total,6320,3112,9432
NotApp :,114,*,*
AREA # 010252,Kamine(ST),*,*
Urban/Rural,Television,*,*
*,Yes,No,Total
 Urban,626,404,1030
 Rural,1067,1401,2468
 Total,1693,1805,3498
NotApp :,131,*,*
AREA # 010301,Bhamo,*,*
Urban/Rural,Television,*,*
*,Yes,No,Total
 Urban,7716,1799,9515
 Rural,9077,5569,14646
 Total,16793,7368,24161
NotApp :,571,*,*
AREA # 010302,Shwegu,*,*
Urban/Rural,Television,*,*
*,Yes,No,Total
 Urban,2657,745,3402
 Rural,6732,5694,12426
 Total,9389,6439,15828
NotApp :,336,*,*
AREA # 010303,Momauk,*,*
Urban/Rural,Television,*,*
*,Yes,No,Total
 Urban,1098,992,2090
 Rural,4201,2343,6544
 Total,5299,3335,8634
NotApp :,144,*,*
AREA # 010304,Mansi,*,*
Urban/Rural,Television,*,*
*,Yes,No,Total
 Urban,993,625,1618
 Rural,5816,3120,8936
 Total,6809,3745,10554
NotApp :,82,*,*
AREA # 010351,Myohla(ST),*,*
Urban/Rural,Television,*,*
*,Yes,No,Total
 Urban,196,165,361
 Rural,238,194,432
 Total,434,359,793
NotApp :,11,*,*
AREA # 010352,Lwe`ge`(ST),*,*
Urban/Rural,Television,*,*
*,Yes,No,Total
 Urban,993,232,1225
 Rural,192,86,278
 Total,1185,318,1503
NotApp :,24,*,*
AREA # 010353,Dotphoneyan(ST),*,*
Urban/Rural,Television,*,*
*,Yes,No,Total
 Urban,142,169,311
 Rural,762,1160,1922
 Total,904,1329,2233
NotApp :,65,*,*
AREA # 010401,Putao,*,*
Urban/Rural,Television,*,*
*,Yes,No,Total
 Urban,1372,1439,2811
 Rural,1395,6537,7932
 Total,2767,7976,10743
NotApp :,94,*,*
AREA # 010402,Sumprabum,*,*
Urban/Rural,Television,*,*
*,Yes,No,Total
 Urban,67,105,172
 Rural,99,208,307
 Total,166,313,479
NotApp :,18,*,*
AREA # 010403,Machanbaw,*,*
Urban/Rural,Television,*,*
*,Yes,No,Total
 Urban,179,229,408
 Rural,224,1087,1311
 Total,403,1316,1719
NotApp :,31,*,*
AREA # 010404,Khaunglanphoo,*,*
Urban/Rural,Television,*,*
*,Yes,No,Total
 Urban,8,62,70
 Rural,194,1447,1641
 Total,202,1509,1711
NotApp :,2,*,*
AREA # 010405,Naungmoon,*,*
Urban/Rural,Television,*,*
*,Yes,No,Total
 Urban,99,261,360
 Rural,15,568,583
 Total,114,829,943
NotApp :,4,*,*
AREA # 010451,Pannandin(ST),*,*
Urban/Rural,Television,*,*
*,Yes,No,Total
 Urban,9,15,24
 Rural,14,231,245
 Total,23,246,269
NotApp :,1,*,*
AREA # 020101,Loikaw,*,*
Urban/Rural,Television,*,*
*,Yes,No,Total
 Urban,8858,1564,10422
 Rural,9325,6748,16073
 Total,18183,8312,26495
NotApp :,304,*,*
AREA # 020102,Dimawso,*,*
Urban/Rural,Television,*,*
*,Yes,No,Total
 Urban,750,387,1137
 Rural,6585,7625,14210
 Total,7335,8012,15347
NotApp :,105,*,*
AREA # 020103,Phruso,*,*
Urban/Rural,Television,*,*
*,Yes,No,Total
 Urban,624,229,853
 Rural,737,4320,5057
 Total,1361,4549,5910
NotApp :,78,*,*
AREA # 020104,Shardaw,*,*
Urban/Rural,Television,*,*
*,Yes,No,Total
 Urban,172,164,336
 Rural,45,1025,1070
 Total,217,1189,1406
NotApp :,28,*,*
AREA # 020201,Bawlakhe,*,*
Urban/Rural,Television,*,*
*,Yes,No,Total
 Urban,649,190,839
 Rural,166,584,750
 Total,815,774,1589
NotApp :,81,*,*
AREA # 020202,Parsaung,*,*
Urban/Rural,Television,*,*
*,Yes,No,Total
 Urban,473,121,594
 Rural,1949,2190,4139
 Total,2422,2311,4733
NotApp :,302,*,*
AREA # 020203,Meisi,*,*
Urban/Rural,Television,*,*
*,Yes,No,Total
 Urban,156,39,195
 Rural,513,594,1107
 Total,669,633,1302
NotApp :,55,*,*
AREA # 020251,Ywathit(ST),*,*
Urban/Rural,Television,*,*
*,Yes,No,Total
 Urban,175,117,292
 Rural,69,131,200
 Total,244,248,492
NotApp :,30,*,*
AREA # 030101,Hpa-an,*,*
Urban/Rural,Television,*,*
*,Yes,No,Total
 Urban,12148,2620,14768
 Rural,38950,35479,74429
 Total,51098,38099,89197
NotApp :,1176,*,*
AREA # 030102,Hlaingbwe,*,*
Urban/Rural,Television,*,*
*,Yes,No,Total
 Urban,1630,649,2279
 Rural,9629,19678,29307
 Total,11259,20327,31586
NotApp :,379,*,*
AREA # 030103,Thandaunggyi,*,*
Urban/Rural,Television,*,*
*,Yes,No,Total
 Urban,2183,879,3062
 Rural,1045,1702,2747
 Total,3228,2581,5809
NotApp :,36,*,*
AREA # 030151,Paingkyon(ST),*,*
Urban/Rural,Television,*,*
*,Yes,No,Total
 Urban,368,439,807
 Rural,5003,11968,16971
 Total,5371,12407,17778
NotApp :,210,*,*
AREA # 030152,Shan Ywathit(ST),*,*
Urban/Rural,Television,*,*
*,Yes,No,Total
 Urban,12,71,83
 Rural,326,3347,3673
 Total,338,3418,3756
NotApp :,29,*,*
AREA # 030153,Leiktho(ST),*,*
Urban/Rural,Television,*,*
*,Yes,No,Total
 Urban,302,305,607
 Rural,2394,6925,9319
 Total,2696,7230,9926
NotApp :,73,*,*
AREA # 030154,Bawgali(ST),*,*
Urban/Rural,Television,*,*
*,Yes,No,Total
 Urban,278,158,436
 Rural,1042,1927,2969
 Total,1320,2085,3405
NotApp :,7,*,*
AREA # 030201,Pharpon,*,*
Urban/Rural,Television,*,*
*,Yes,No,Total
 Urban,289,344,633
 Rural,400,1511,1911
 Total,689,1855,2544
NotApp :,108,*,*
AREA # 030251,Kamamaung(ST},*,*
Urban/Rural,Television,*,*
*,Yes,No,Total
 Urban,1310,1439,2749
 Rural,267,942,1209
 Total,1577,2381,3958
NotApp :,52,*,*
AREA # 030301,Myawady,*,*
Urban/Rural,Television,*,*
*,Yes,No,Total
 Urban,16873,7143,24016
 Rural,7512,9730,17242
 Total,24385,16873,41258
NotApp :,937,*,*
AREA # 030351,Sugali(ST),*,*
Urban/Rural,Television,*,*
*,Yes,No,Total
 Urban,18,57,75
 Rural,174,812,986
 Total,192,869,1061
NotApp :,24,*,*
AREA # 030352,Wawlaymyaing(ST),*,*
Urban/Rural,Television,*,*
*,Yes,No,Total
 Urban,262,315,577
 Rural,280,840,1120
 Total,542,1155,1697
NotApp :,44,*,*
AREA # 030401,Kawkareik,*,*
Urban/Rural,Television,*,*
*,Yes,No,Total
 Urban,5161,3321,8482
 Rural,16996,20020,37016
 Total,22157,23341,45498
NotApp :,393,*,*
AREA # 030402,Kyarinseikkyi,*,*
Urban/Rural,Television,*,*
*,Yes,No,Total
 Urban,1193,624,1817
 Rural,8612,11611,20223
 Total,9805,12235,22040
NotApp :,270,*,*
AREA # 030451,Payarthonezu(ST),*,*
Urban/Rural,Television,*,*
*,Yes,No,Total
 Urban,4480,1616,6096
 Rural,3578,8121,11699
 Total,8058,9737,17795
NotApp :,271,*,*
AREA # 030452,Kyaidon(ST),*,*
Urban/Rural,Television,*,*
*,Yes,No,Total
 Urban,417,263,680
 Rural,1940,8113,10053
 Total,2357,8376,10733
NotApp :,114,*,*
AREA # 040101,HaKa,*,*
Urban/Rural,Television,*,*
*,Yes,No,Total
 Urban,3693,1528,5221
 Rural,1365,3331,4696
 Total,5058,4859,9917
NotApp :,107,*,*
AREA # 040102,Thantlang,*,*
Urban/Rural,Television,*,*
*,Yes,No,Total
 Urban,1002,505,1507
 Rural,1909,6366,8275
 Total,2911,6871,9782
NotApp :,38,*,*
AREA # 040201,Falam,*,*
Urban/Rural,Television,*,*
*,Yes,No,Total
 Urban,1473,529,2002
 Rural,2028,4398,6426
 Total,3501,4927,8428
NotApp :,60,*,*
AREA # 040202,Tedim,*,*
Urban/Rural,Television,*,*
*,Yes,No,Total
 Urban,1479,771,2250
 Rural,3002,9431,12433
 Total,4481,10202,14683
NotApp :,65,*,*
AREA # 040203,Tonzaung,*,*
Urban/Rural,Television,*,*
*,Yes,No,Total
 Urban,326,314,640
 Rural,463,2308,2771
 Total,789,2622,3411
NotApp :,37,*,*
AREA # 040251,Rihkhuadal(ST),*,*
Urban/Rural,Television,*,*
*,Yes,No,Total
 Urban,468,202,670
 Rural,167,361,528
 Total,635,563,1198
NotApp :,12,*,*
AREA # 040252,Cikha(ST),*,*
Urban/Rural,Television,*,*
*,Yes,No,Total
 Urban,88,127,215
 Rural,139,1176,1315
 Total,227,1303,1530
NotApp :,6,*,*
AREA # 040301,Mindat,*,*
Urban/Rural,Television,*,*
*,Yes,No,Total
 Urban,1132,1211,2343
 Rural,856,5323,6179
 Total,1988,6534,8522
NotApp :,95,*,*
AREA # 040302,Matupi,*,*
Urban/Rural,Television,*,*
*,Yes,No,Total
 Urban,1136,534,1670
 Rural,873,5093,5966
 Total,2009,5627,7636
NotApp :,43,*,*
AREA # 040303,Kanpalet,*,*
Urban/Rural,Television,*,*
*,Yes,No,Total
 Urban,300,507,807
 Rural,197,2973,3170
 Total,497,3480,3977
NotApp :,66,*,*
AREA # 040304,Paletwat,*,*
Urban/Rural,Television,*,*
*,Yes,No,Total
 Urban,682,668,1350
 Rural,1109,10834,11943
 Total,1791,11502,13293
NotApp :,86,*,*
AREA # 040351,Reazu(ST),*,*
Urban/Rural,Television,*,*
*,Yes,No,Total
 Urban,197,265,462
 Rural,387,1672,2059
 Total,584,1937,2521
NotApp :,14,*,*
AREA # 040352,Sami(ST),*,*
Urban/Rural,Television,*,*
*,Yes,No,Total
 Urban,60,573,633
 Rural,353,5237,5590
 Total,413,5810,6223
NotApp :,100,*,*
AREA # 050101,Sagaing,*,*
Urban/Rural,Television,*,*
*,Yes,No,Total
 Urban,13079,3417,16496
 Rural,24283,24364,48647
 Total,37362,27781,65143
NotApp :,1842,*,*
AREA # 050102,Myinmu,*,*
Urban/Rural,Television,*,*
*,Yes,No,Total
 Urban,2625,1006,3631
 Rural,7406,14267,21673
 Total,10031,15273,25304
NotApp :,264,*,*
AREA # 050103,Myaung,*,*
Urban/Rural,Television,*,*
*,Yes,No,Total
 Urban,1252,701,1953
 Rural,6364,15945,22309
 Total,7616,16646,24262
NotApp :,350,*,*
AREA # 050201,Shwebo,*,*
Urban/Rural,Television,*,*
*,Yes,No,Total
 Urban,9568,3963,13531
 Rural,13974,22742,36716
 Total,23542,26705,50247
NotApp :,467,*,*
AREA # 050202,Khin U,*,*
Urban/Rural,Television,*,*
*,Yes,No,Total
 Urban,1550,741,2291
 Rural,8505,21828,30333
 Total,10055,22569,32624
NotApp :,271,*,*
AREA # 050203,Wetlet,*,*
Urban/Rural,Television,*,*
*,Yes,No,Total
 Urban,1622,684,2306
 Rural,14375,30031,44406
 Total,15997,30715,46712
NotApp :,437,*,*
AREA # 050204,Kambalu,*,*
Urban/Rural,Television,*,*
*,Yes,No,Total
 Urban,3387,1796,5183
 Rural,16578,39565,56143
 Total,19965,41361,61326
NotApp :,537,*,*
AREA # 050205,Kyunhlau,*,*
Urban/Rural,Television,*,*
*,Yes,No,Total
 Urban,1980,519,2499
 Rural,6600,11764,18364
 Total,8580,12283,20863
NotApp :,224,*,*
AREA # 050206,Ye U,*,*
Urban/Rural,Television,*,*
*,Yes,No,Total
 Urban,2713,1252,3965
 Rural,7206,15202,22408
 Total,9919,16454,26373
NotApp :,308,*,*
AREA # 050207,Depayin,*,*
Urban/Rural,Television,*,*
*,Yes,No,Total
 Urban,566,389,955
 Rural,7358,22032,29390
 Total,7924,22421,30345
NotApp :,367,*,*
AREA # 050208,Tasei,*,*
Urban/Rural,Television,*,*
*,Yes,No,Total
 Urban,1991,981,2972
 Rural,8854,24111,32965
 Total,10845,25092,35937
NotApp :,328,*,*
AREA # 050251,Kyaukmyaung(ST),*,*
Urban/Rural,Television,*,*
*,Yes,No,Total
 Urban,1569,737,2306
 Rural,1651,3093,4744
 Total,3220,3830,7050
NotApp :,65,*,*
AREA # 050301,Monywa,*,*
Urban/Rural,Television,*,*
*,Yes,No,Total
 Urban,30680,9726,40406
 Rural,15626,19930,35556
 Total,46306,29656,75962
NotApp :,1167,*,*
AREA # 050302,Butalin,*,*
Urban/Rural,Television,*,*
*,Yes,No,Total
 Urban,857,336,1193
 Rural,6921,20502,27423
 Total,7778,20838,28616
NotApp :,389,*,*
AREA # 050303,Ayartaw,*,*
Urban/Rural,Television,*,*
*,Yes,No,Total
 Urban,1321,834,2155
 Rural,8721,24715,33436
 Total,10042,25549,35591
NotApp :,378,*,*
AREA # 050304,Chaung Oo,*,*
Urban/Rural,Television,*,*
*,Yes,No,Total
 Urban,2836,2245,5081
 Rural,5725,12570,18295
 Total,8561,14815,23376
NotApp :,254,*,*
AREA # 050401,Katha,*,*
Urban/Rural,Television,*,*
*,Yes,No,Total
 Urban,4425,838,5263
 Rural,12879,13819,26698
 Total,17304,14657,31961
NotApp :,447,*,*
AREA # 050402,Indaw,*,*
Urban/Rural,Television,*,*
*,Yes,No,Total
 Urban,1600,242,1842
 Rural,11710,9678,21388
 Total,13310,9920,23230
NotApp :,320,*,*
AREA # 050403,Tigyaing,*,*
Urban/Rural,Television,*,*
*,Yes,No,Total
 Urban,2413,657,3070
 Rural,12826,10493,23319
 Total,15239,11150,26389
NotApp :,279,*,*
AREA # 050404,Banmauk,*,*
Urban/Rural,Television,*,*
*,Yes,No,Total
 Urban,1086,126,1212
 Rural,10134,7522,17656
 Total,11220,7648,18868
NotApp :,678,*,*
AREA # 050405,Kawlin,*,*
Urban/Rural,Television,*,*
*,Yes,No,Total
 Urban,3902,667,4569
 Rural,14125,12709,26834
 Total,18027,13376,31403
NotApp :,408,*,*
AREA # 050406,Wuntho,*,*
Urban/Rural,Television,*,*
*,Yes,No,Total
 Urban,2172,418,2590
 Rural,6683,4932,11615
 Total,8855,5350,14205
NotApp :,321,*,*
AREA # 050407,Pinlebu,*,*
Urban/Rural,Television,*,*
*,Yes,No,Total
 Urban,1072,397,1469
 Rural,9288,11143,20431
 Total,10360,11540,21900
NotApp :,382,*,*
AREA # 050501,Kalay,*,*
Urban/Rural,Television,*,*
*,Yes,No,Total
 Urban,16557,9164,25721
 Rural,19921,27127,47048
 Total,36478,36291,72769
NotApp :,551,*,*
AREA # 050502,Kalewa,*,*
Urban/Rural,Television,*,*
*,Yes,No,Total
 Urban,1245,708,1953
 Rural,3336,6446,9782
 Total,4581,7154,11735
NotApp :,183,*,*
AREA # 050503,Mingin,*,*
Urban/Rural,Television,*,*
*,Yes,No,Total
 Urban,533,303,836
 Rural,5590,15632,21222
 Total,6123,15935,22058
NotApp :,359,*,*
AREA # 050601,Tamu,*,*
Urban/Rural,Television,*,*
*,Yes,No,Total
 Urban,5151,3838,8989
 Rural,1293,1704,2997
 Total,6444,5542,11986
NotApp :,97,*,*
AREA # 050651,Myothit(ST),*,*
Urban/Rural,Television,*,*
*,Yes,No,Total
 Urban,164,144,308
 Rural,1045,1744,2789
 Total,1209,1888,3097
NotApp :,38,*,*
AREA # 050652,Khampat(ST),*,*
Urban/Rural,Television,*,*
*,Yes,No,Total
 Urban,1195,1643,2838
 Rural,2090,2580,4670
 Total,3285,4223,7508
NotApp :,25,*,*
AREA # 050701,Mawlaik,*,*
Urban/Rural,Television,*,*
*,Yes,No,Total
 Urban,1089,735,1824
 Rural,3690,4831,8521
 Total,4779,5566,10345
NotApp :,173,*,*
AREA # 050702,Phaungpyin,*,*
Urban/Rural,Television,*,*
*,Yes,No,Total
 Urban,902,1040,1942
 Rural,5197,13107,18304
 Total,6099,14147,20246
NotApp :,277,*,*
AREA # 050801,Hkamti,*,*
Urban/Rural,Television,*,*
*,Yes,No,Total
 Urban,1404,779,2183
 Rural,1926,3252,5178
 Total,3330,4031,7361
NotApp :,521,*,*
AREA # 050802,Homalin,*,*
Urban/Rural,Television,*,*
*,Yes,No,Total
 Urban,2446,1129,3575
 Rural,16986,15182,32168
 Total,19432,16311,35743
NotApp :,1266,*,*
AREA # 050803,Leshi,*,*
Urban/Rural,Television,*,*
*,Yes,No,Total
 Urban,99,154,253
 Rural,88,1315,1403
 Total,187,1469,1656
NotApp :,53,*,*
AREA # 050804,Lahe,*,*
Urban/Rural,Television,*,*
*,Yes,No,Total
 Urban,220,318,538
 Rural,232,6207,6439
 Total,452,6525,6977
NotApp :,37,*,*
AREA # 050805,Nanyun,*,*
Urban/Rural,Television,*,*
*,Yes,No,Total
 Urban,146,229,375
 Rural,68,1125,1193
 Total,214,1354,1568
NotApp :,17,*,*
AREA # 050851,Mobaingluk(ST),*,*
Urban/Rural,Television,*,*
*,Yes,No,Total
 Urban,49,161,210
 Rural,21,79,100
 Total,70,240,310
NotApp :,2,*,*
AREA # 050852,Sonemara(ST),*,*
Urban/Rural,Television,*,*
*,Yes,No,Total
 Urban,16,270,286
 Rural,23,885,908
 Total,39,1155,1194
NotApp :,10,*,*
AREA # 050853,Htanparkway(ST),*,*
Urban/Rural,Television,*,*
*,Yes,No,Total
 Urban,-,128,128
 Rural,10,623,633
 Total,10,751,761
NotApp :,9,*,*
AREA # 050854,Pansaung(ST),*,*
Urban/Rural,Television,*,*
*,Yes,No,Total
 Urban,87,251,338
 Rural,21,1990,2011
 Total,108,2241,2349
NotApp :,5,*,*
AREA # 050855,Donhee(ST),*,*
Urban/Rural,Television,*,*
*,Yes,No,Total
 Urban,4,165,169
 Rural,16,3738,3754
 Total,20,3903,3923
NotApp :,10,*,*
AREA # 050901,Yinmarpin,*,*
Urban/Rural,Television,*,*
*,Yes,No,Total
 Urban,835,242,1077
 Rural,7958,20497,28455
 Total,8793,20739,29532
NotApp :,265,*,*
AREA # 050902,Salingyi,*,*
Urban/Rural,Television,*,*
*,Yes,No,Total
 Urban,836,386,1222
 Rural,10903,14342,25245
 Total,11739,14728,26467
NotApp :,384,*,*
AREA # 050903,Palae,*,*
Urban/Rural,Television,*,*
*,Yes,No,Total
 Urban,668,263,931
 Rural,8744,22687,31431
 Total,9412,22950,32362
NotApp :,338,*,*
AREA # 050904,Kani,*,*
Urban/Rural,Television,*,*
*,Yes,No,Total
 Urban,558,580,1138
 Rural,6644,21441,28085
 Total,7202,22021,29223
NotApp :,351,*,*
AREA # 060101,Dawei,*,*
Urban/Rural,Television,*,*
*,Yes,No,Total
 Urban,12392,2990,15382
 Rural,5083,4478,9561
 Total,17475,7468,24943
NotApp :,551,*,*
AREA # 060102,Lounglon,*,*
Urban/Rural,Television,*,*
*,Yes,No,Total
 Urban,850,390,1240
 Rural,12968,11527,24495
 Total,13818,11917,25735
NotApp :,291,*,*
AREA # 060103,Thayetchaung,*,*
Urban/Rural,Television,*,*
*,Yes,No,Total
 Urban,1485,922,2407
 Rural,8979,11488,20467
 Total,10464,12410,22874
NotApp :,255,*,*
AREA # 060104,Yebyu,*,*
Urban/Rural,Television,*,*
*,Yes,No,Total
 Urban,694,383,1077
 Rural,8974,12022,20996
 Total,9668,12405,22073
NotApp :,316,*,*
AREA # 060151,Myitta(ST),*,*
Urban/Rural,Television,*,*
*,Yes,No,Total
 Urban,180,316,496
 Rural,1506,2188,3694
 Total,1686,2504,4190
NotApp :,72,*,*
AREA # 060152,Kaleinaung(ST),*,*
Urban/Rural,Television,*,*
*,Yes,No,Total
 Urban,346,278,624
 Rural,1412,2241,3653
 Total,1758,2519,4277
NotApp :,141,*,*
AREA # 060201,Myeik,*,*
Urban/Rural,Television,*,*
*,Yes,No,Total
 Urban,15873,5675,21548
 Rural,15203,17598,32801
 Total,31076,23273,54349
NotApp :,763,*,*
AREA # 060202,Kyunsu,*,*
Urban/Rural,Television,*,*
*,Yes,No,Total
 Urban,790,352,1142
 Rural,10762,21084,31846
 Total,11552,21436,32988
NotApp :,330,*,*
AREA # 060203,Palaw,*,*
Urban/Rural,Television,*,*
*,Yes,No,Total
 Urban,2137,1434,3571
 Rural,6288,8666,14954
 Total,8425,10100,18525
NotApp :,178,*,*
AREA # 060204,Tanintharyi,*,*
Urban/Rural,Television,*,*
*,Yes,No,Total
 Urban,718,408,1126
 Rural,5755,13048,18803
 Total,6473,13456,19929
NotApp :,325,*,*
AREA # 060251,Palauk(ST),*,*
Urban/Rural,Television,*,*
*,Yes,No,Total
 Urban,510,701,1211
 Rural,2283,3634,5917
 Total,2793,4335,7128
NotApp :,45,*,*
AREA # 060301,Kawthoung,*,*
Urban/Rural,Television,*,*
*,Yes,No,Total
 Urban,10020,2560,12580
 Rural,6024,6877,12901
 Total,16044,9437,25481
NotApp :,367,*,*
AREA # 060302,Bokepyin,*,*
Urban/Rural,Television,*,*
*,Yes,No,Total
 Urban,657,390,1047
 Rural,3137,4692,7829
 Total,3794,5082,8876
NotApp :,187,*,*
AREA # 060351,Khamaukgyi,*,*
Urban/Rural,Television,*,*
*,Yes,No,Total
 Urban,905,1450,2355
 Rural,1266,1244,2510
 Total,2171,2694,4865
NotApp :,126,*,*
AREA # 060352,Pyigyimandaing,*,*
Urban/Rural,Television,*,*
*,Yes,No,Total
 Urban,137,578,715
 Rural,69,2320,2389
 Total,206,2898,3104
NotApp :,91,*,*
AREA # 060353,Karathuri(ST),*,*
Urban/Rural,Television,*,*
*,Yes,No,Total
 Urban,181,105,286
 Rural,1511,1965,3476
 Total,1692,2070,3762
NotApp :,102,*,*
AREA # 070101,Bago,*,*
Urban/Rural,Television,*,*
*,Yes,No,Total
 Urban,37907,16985,54892
 Rural,21890,30350,52240
 Total,59797,47335,107132
NotApp :,1161,*,*
AREA # 070102,Tanatpin,*,*
Urban/Rural,Television,*,*
*,Yes,No,Total
 Urban,2083,1546,3629
 Rural,11339,17559,28898
 Total,13422,19105,32527
NotApp :,222,*,*
AREA # 070103,Kawa,*,*
Urban/Rural,Television,*,*
*,Yes,No,Total
 Urban,2492,1762,4254
 Rural,16264,25557,41821
 Total,18756,27319,46075
NotApp :,248,*,*
AREA # 070104,Waw,*,*
Urban/Rural,Television,*,*
*,Yes,No,Total
 Urban,2983,2063,5046
 Rural,13488,18549,32037
 Total,16471,20612,37083
NotApp :,296,*,*
AREA # 070105,Nyaunglebin,*,*
Urban/Rural,Television,*,*
*,Yes,No,Total
 Urban,7805,5257,13062
 Rural,8683,23017,31700
 Total,16488,28274,44762
NotApp :,311,*,*
AREA # 070106,Kyauktaga,*,*
Urban/Rural,Television,*,*
*,Yes,No,Total
 Urban,4291,2582,6873
 Rural,13603,31172,44775
 Total,17894,33754,51648
NotApp :,363,*,*
AREA # 070107,Daik U,*,*
Urban/Rural,Television,*,*
*,Yes,No,Total
 Urban,4957,3783,8740
 Rural,13404,23609,37013
 Total,18361,27392,45753
NotApp :,339,*,*
AREA # 070108,Shwegyin,*,*
Urban/Rural,Television,*,*
*,Yes,No,Total
 Urban,3549,1316,4865
 Rural,5303,11614,16917
 Total,8852,12930,21782
NotApp :,240,*,*
AREA # 070201,Toungoo,*,*
Urban/Rural,Television,*,*
*,Yes,No,Total
 Urban,17119,4781,21900
 Rural,16264,19296,35560
 Total,33383,24077,57460
NotApp :,871,*,*
AREA # 070202,Yaedashe,*,*
Urban/Rural,Television,*,*
*,Yes,No,Total
 Urban,4396,1559,5955
 Rural,19274,25298,44572
 Total,23670,26857,50527
NotApp :,460,*,*
AREA # 070203,Kyaukkyi,*,*
Urban/Rural,Television,*,*
*,Yes,No,Total
 Urban,883,1375,2258
 Rural,6321,14304,20625
 Total,7204,15679,22883
NotApp :,203,*,*
AREA # 070204,Pyu,*,*
Urban/Rural,Television,*,*
*,Yes,No,Total
 Urban,9319,4508,13827
 Rural,14599,26505,41104
 Total,23918,31013,54931
NotApp :,386,*,*
AREA # 070205,Oatwin,*,*
Urban/Rural,Television,*,*
*,Yes,No,Total
 Urban,2162,1047,3209
 Rural,13358,20303,33661
 Total,15520,21350,36870
NotApp :,276,*,*
AREA # 070206,Htantapin,*,*
Urban/Rural,Television,*,*
*,Yes,No,Total
 Urban,1317,1059,2376
 Rural,9311,15094,24405
 Total,10628,16153,26781
NotApp :,169,*,*
AREA # 070301,Pyay,*,*
Urban/Rural,Television,*,*
*,Yes,No,Total
 Urban,23348,5467,28815
 Rural,16884,12858,29742
 Total,40232,18325,58557
NotApp :,1014,*,*
AREA # 070302,Paukkhaung,*,*
Urban/Rural,Television,*,*
*,Yes,No,Total
 Urban,2618,988,3606
 Rural,11713,17028,28741
 Total,14331,18016,32347
NotApp :,302,*,*
AREA # 070303,Padaung,*,*
Urban/Rural,Television,*,*
*,Yes,No,Total
 Urban,3311,1157,4468
 Rural,18941,15483,34424
 Total,22252,16640,38892
NotApp :,412,*,*
AREA # 070304,Paunde,*,*
Urban/Rural,Television,*,*
*,Yes,No,Total
 Urban,4185,2296,6481
 Rural,11158,19061,30219
 Total,15343,21357,36700
NotApp :,296,*,*
AREA # 070305,Thegon,*,*
Urban/Rural,Television,*,*
*,Yes,No,Total
 Urban,2825,1441,4266
 Rural,14719,16965,31684
 Total,17544,18406,35950
NotApp :,304,*,*
AREA # 070306,Shwedaung,*,*
Urban/Rural,Television,*,*
*,Yes,No,Total
 Urban,3519,999,4518
 Rural,13872,15174,29046
 Total,17391,16173,33564
NotApp :,368,*,*
AREA # 070401,Tharyarwaddy,*,*
Urban/Rural,Television,*,*
*,Yes,No,Total
 Urban,5125,3039,8164
 Rural,8502,19960,28462
 Total,13627,22999,36626
NotApp :,285,*,*
AREA # 070402,Letpadan,*,*
Urban/Rural,Television,*,*
*,Yes,No,Total
 Urban,3666,2069,5735
 Rural,11898,25851,37749
 Total,15564,27920,43484
NotApp :,336,*,*
AREA # 070403,Minhla,*,*
Urban/Rural,Television,*,*
*,Yes,No,Total
 Urban,1898,804,2702
 Rural,9518,18674,28192
 Total,11416,19478,30894
NotApp :,231,*,*
AREA # 070404,Okpo,*,*
Urban/Rural,Television,*,*
*,Yes,No,Total
 Urban,1835,965,2800
 Rural,10109,18985,29094
 Total,11944,19950,31894
NotApp :,283,*,*
AREA # 070405,Zigon,*,*
Urban/Rural,Television,*,*
*,Yes,No,Total
 Urban,2730,1237,3967
 Rural,6444,7799,14243
 Total,9174,9036,18210
NotApp :,160,*,*
AREA # 070406,Nattalin,*,*
Urban/Rural,Television,*,*
*,Yes,No,Total
 Urban,3193,1449,4642
 Rural,17321,23806,41127
 Total,20514,25255,45769
NotApp :,317,*,*
AREA # 070407,Monyo,*,*
Urban/Rural,Television,*,*
*,Yes,No,Total
 Urban,1232,1148,2380
 Rural,9666,21241,30907
 Total,10898,22389,33287
NotApp :,232,*,*
AREA # 070408,Gyobingauk,*,*
Urban/Rural,Television,*,*
*,Yes,No,Total
 Urban,3866,1718,5584
 Rural,9726,15276,25002
 Total,13592,16994,30586
NotApp :,233,*,*
AREA # 080101,Magway,*,*
Urban/Rural,Television,*,*
*,Yes,No,Total
 Urban,16357,3513,19870
 Rural,16255,32552,48807
 Total,32612,36065,68677
NotApp :,1053,*,*
AREA # 080102,Yenangyoung,*,*
Urban/Rural,Television,*,*
*,Yes,No,Total
 Urban,7655,3021,10676
 Rural,5163,16661,21824
 Total,12818,19682,32500
NotApp :,490,*,*
AREA # 080103,Chauk,*,*
Urban/Rural,Television,*,*
*,Yes,No,Total
 Urban,7905,2496,10401
 Rural,10006,24211,34217
 Total,17911,26707,44618
NotApp :,539,*,*
AREA # 080104,Taungdwingyi,*,*
Urban/Rural,Television,*,*
*,Yes,No,Total
 Urban,7417,2638,10055
 Rural,17739,32469,50208
 Total,25156,35107,60263
NotApp :,426,*,*
AREA # 080105,Myothit,*,*
Urban/Rural,Television,*,*
*,Yes,No,Total
 Urban,1121,625,1746
 Rural,8287,26915,35202
 Total,9408,27540,36948
NotApp :,339,*,*
AREA # 080106,Natmauk,*,*
Urban/Rural,Television,*,*
*,Yes,No,Total
 Urban,2145,1029,3174
 Rural,11012,34240,45252
 Total,13157,35269,48426
NotApp :,396,*,*
AREA # 080201,Minbu,*,*
Urban/Rural,Television,*,*
*,Yes,No,Total
 Urban,6912,2278,9190
 Rural,13121,21506,34627
 Total,20033,23784,43817
NotApp :,551,*,*
AREA # 080202,Pwint Phyu,*,*
Urban/Rural,Television,*,*
*,Yes,No,Total
 Urban,1136,318,1454
 Rural,15662,22648,38310
 Total,16798,22966,39764
NotApp :,475,*,*
AREA # 080203,Ngape,*,*
Urban/Rural,Television,*,*
*,Yes,No,Total
 Urban,758,221,979
 Rural,4293,7185,11478
 Total,5051,7406,12457
NotApp :,159,*,*
AREA # 080204,Salin,*,*
Urban/Rural,Television,*,*
*,Yes,No,Total
 Urban,2134,652,2786
 Rural,15353,37466,52819
 Total,17487,38118,55605
NotApp :,631,*,*
AREA # 080205,Saytottara,*,*
Urban/Rural,Television,*,*
*,Yes,No,Total
 Urban,1086,439,1525
 Rural,1521,7734,9255
 Total,2607,8173,10780
NotApp :,279,*,*
AREA # 080301,Thayet,*,*
Urban/Rural,Television,*,*
*,Yes,No,Total
 Urban,3617,946,4563
 Rural,8249,13160,21409
 Total,11866,14106,25972
NotApp :,302,*,*
AREA # 080302,Minhla,*,*
Urban/Rural,Television,*,*
*,Yes,No,Total
 Urban,2427,554,2981
 Rural,10505,18136,28641
 Total,12932,18690,31622
NotApp :,346,*,*
AREA # 080303,Mindon,*,*
Urban/Rural,Television,*,*
*,Yes,No,Total
 Urban,773,497,1270
 Rural,4780,10759,15539
 Total,5553,11256,16809
NotApp :,207,*,*
AREA # 080304,Kamma,*,*
Urban/Rural,Television,*,*
*,Yes,No,Total
 Urban,796,498,1294
 Rural,6988,10861,17849
 Total,7784,11359,19143
NotApp :,208,*,*
AREA # 080305,Aunglan,*,*
Urban/Rural,Television,*,*
*,Yes,No,Total
 Urban,8635,2990,11625
 Rural,18513,27471,45984
 Total,27148,30461,57609
NotApp :,479,*,*
AREA # 080306,Sinpaungwe`,*,*
Urban/Rural,Television,*,*
*,Yes,No,Total
 Urban,877,404,1281
 Rural,8756,18647,27403
 Total,9633,19051,28684
NotApp :,290,*,*
AREA # 080401,Pakokku,*,*
Urban/Rural,Television,*,*
*,Yes,No,Total
 Urban,13739,5330,19069
 Rural,18678,28593,47271
 Total,32417,33923,66340
NotApp :,723,*,*
AREA # 080402,Yesagyo,*,*
Urban/Rural,Television,*,*
*,Yes,No,Total
 Urban,3319,1580,4899
 Rural,13045,29388,42433
 Total,16364,30968,47332
NotApp :,485,*,*
AREA # 080403,Myaing,*,*
Urban/Rural,Television,*,*
*,Yes,No,Total
 Urban,1335,466,1801
 Rural,14077,37763,51840
 Total,15412,38229,53641
NotApp :,502,*,*
AREA # 080404,Pauk,*,*
Urban/Rural,Television,*,*
*,Yes,No,Total
 Urban,1250,451,1701
 Rural,7606,29658,37264
 Total,8856,30109,38965
NotApp :,326,*,*
AREA # 080405,Seikphyu,*,*
Urban/Rural,Television,*,*
*,Yes,No,Total
 Urban,1288,841,2129
 Rural,3810,17488,21298
 Total,5098,18329,23427
NotApp :,208,*,*
AREA # 080501,Gangaw,*,*
Urban/Rural,Television,*,*
*,Yes,No,Total
 Urban,2127,1131,3258
 Rural,10874,15780,26654
 Total,13001,16911,29912
NotApp :,303,*,*
AREA # 080502,Htilin,*,*
Urban/Rural,Television,*,*
*,Yes,No,Total
 Urban,597,526,1123
 Rural,2697,6712,9409
 Total,3294,7238,10532
NotApp :,182,*,*
AREA # 080503,Saw,*,*
Urban/Rural,Television,*,*
*,Yes,No,Total
 Urban,669,592,1261
 Rural,2183,4881,7064
 Total,2852,5473,8325
NotApp :,212,*,*
AREA # 080551,Kyaukhtu(ST),*,*
Urban/Rural,Television,*,*
*,Yes,No,Total
 Urban,699,441,1140
 Rural,2309,4160,6469
 Total,3008,4601,7609
NotApp :,103,*,*
AREA # 090101,Aungmyetharzan,*,*
Urban/Rural,Television,*,*
*,Yes,No,Total
 Urban,41866,7865,49731
 Total,41866,7865,49731
NotApp :,971,*,*
AREA # 090102,Chanayeharzan,*,*
Urban/Rural,Television,*,*
*,Yes,No,Total
 Urban,28955,4326,33281
 Total,28955,4326,33281
NotApp :,1883,*,*
AREA # 090103,Mahaaungmye,*,*
Urban/Rural,Television,*,*
*,Yes,No,Total
 Urban,35273,6654,41927
 Total,35273,6654,41927
NotApp :,754,*,*
AREA # 090104,Chanmyatharzi,*,*
Urban/Rural,Television,*,*
*,Yes,No,Total
 Urban,43352,9695,53047
 Total,43352,9695,53047
NotApp :,901,*,*
AREA # 090105,Pyigyidagun,*,*
Urban/Rural,Television,*,*
*,Yes,No,Total
 Urban,31987,11888,43875
 Total,31987,11888,43875
NotApp :,1032,*,*
AREA # 090106,Amarapura,*,*
Urban/Rural,Television,*,*
*,Yes,No,Total
 Urban,12731,3899,16630
 Rural,18895,14101,32996
 Total,31626,18000,49626
NotApp :,572,*,*
AREA # 090107,Patheingyi,*,*
Urban/Rural,Television,*,*
*,Yes,No,Total
 Urban,2346,356,2702
 Rural,30373,19915,50288
 Total,32719,20271,52990
NotApp :,902,*,*
AREA # 090201,Pyin Oo Lwin,*,*
Urban/Rural,Television,*,*
*,Yes,No,Total
 Urban,25398,6543,31941
 Rural,13111,8330,21441
 Total,38509,14873,53382
NotApp :,962,*,*
AREA # 090202,Madaya,*,*
Urban/Rural,Television,*,*
*,Yes,No,Total
 Urban,3994,1317,5311
 Rural,25169,28165,53334
 Total,29163,29482,58645
NotApp :,508,*,*
AREA # 090203,Sinku,*,*
Urban/Rural,Television,*,*
*,Yes,No,Total
 Urban,1193,539,1732
 Rural,13273,19528,32801
 Total,14466,20067,34533
NotApp :,281,*,*
AREA # 090204,Mogok,*,*
Urban/Rural,Television,*,*
*,Yes,No,Total
 Urban,11906,4780,16686
 Rural,10787,7774,18561
 Total,22693,12554,35247
NotApp :,586,*,*
AREA # 090205,Thabeikkyin,*,*
Urban/Rural,Television,*,*
*,Yes,No,Total
 Urban,642,546,1188
 Rural,10338,14223,24561
 Total,10980,14769,25749
NotApp :,297,*,*
AREA # 090251,Tagaung,*,*
Urban/Rural,Television,*,*
*,Yes,No,Total
 Urban,784,1009,1793
 Rural,1776,3823,5599
 Total,2560,4832,7392
NotApp :,96,*,*
AREA # 090301,Kyaukse,*,*
Urban/Rural,Television,*,*
*,Yes,No,Total
 Urban,6916,1575,8491
 Rural,25432,23842,49274
 Total,32348,25417,57765
NotApp :,526,*,*
AREA # 090302,Singaing,*,*
Urban/Rural,Television,*,*
*,Yes,No,Total
 Urban,1455,325,1780
 Rural,18221,13578,31799
 Total,19676,13903,33579
NotApp :,464,*,*
AREA # 090303,Myitthar,*,*
Urban/Rural,Television,*,*
*,Yes,No,Total
 Urban,3253,1093,4346
 Rural,20351,21320,41671
 Total,23604,22413,46017
NotApp :,399,*,*
AREA # 090304,Tada U,*,*
Urban/Rural,Television,*,*
*,Yes,No,Total
 Urban,2129,523,2652
 Rural,13600,16375,29975
 Total,15729,16898,32627
NotApp :,340,*,*
AREA # 090401,Myingyan,*,*
Urban/Rural,Television,*,*
*,Yes,No,Total
 Urban,12917,5980,18897
 Rural,14455,28988,43443
 Total,27372,34968,62340
NotApp :,622,*,*
AREA # 090402,Taungtha,*,*
Urban/Rural,Television,*,*
*,Yes,No,Total
 Urban,2451,1412,3863
 Rural,12077,33912,45989
 Total,14528,35324,49852
NotApp :,425,*,*
AREA # 090403,Natogyi,*,*
Urban/Rural,Television,*,*
*,Yes,No,Total
 Urban,2080,762,2842
 Rural,13945,24178,38123
 Total,16025,24940,40965
NotApp :,349,*,*
AREA # 090404,Kyaukpadaung,*,*
Urban/Rural,Television,*,*
*,Yes,No,Total
 Urban,7341,1672,9013
 Rural,16582,36366,52948
 Total,23923,38038,61961
NotApp :,497,*,*
AREA # 090405,Ngazun,*,*
Urban/Rural,Television,*,*
*,Yes,No,Total
 Urban,1096,561,1657
 Rural,8341,17840,26181
 Total,9437,18401,27838
NotApp :,295,*,*
AREA # 090501,Nyaung U,*,*
Urban/Rural,Television,*,*
*,Yes,No,Total
 Urban,7149,2366,9515
 Rural,9818,25329,35147
 Total,16967,27695,44662
NotApp :,603,*,*
AREA # 090551,Ngat,*,*
Urban/Rural,Television,*,*
*,Yes,No,Total
 Urban,603,836,1439
 Rural,1941,6431,8372
 Total,2544,7267,9811
NotApp :,69,*,*
AREA # 090601,Yame`thin,*,*
Urban/Rural,Television,*,*
*,Yes,No,Total
 Urban,3865,1462,5327
 Rural,15359,36573,51932
 Total,19224,38035,57259
NotApp :,559,*,*
AREA # 090602,Pyawbwe,*,*
Urban/Rural,Television,*,*
*,Yes,No,Total
 Urban,4716,2158,6874
 Rural,16273,35716,51989
 Total,20989,37874,58863
NotApp :,497,*,*
AREA # 090701,Meiktila,*,*
Urban/Rural,Television,*,*
*,Yes,No,Total
 Urban,18259,5704,23963
 Rural,18914,25562,44476
 Total,37173,31266,68439
NotApp :,998,*,*
AREA # 090702,MahlYaing,*,*
Urban/Rural,Television,*,*
*,Yes,No,Total
 Urban,2290,821,3111
 Rural,11709,18507,30216
 Total,13999,19328,33327
NotApp :,382,*,*
AREA # 090703,Thazi,*,*
Urban/Rural,Television,*,*
*,Yes,No,Total
 Urban,3579,1141,4720
 Rural,15301,24871,40172
 Total,18880,26012,44892
NotApp :,484,*,*
AREA # 090704,Wundwin,*,*
Urban/Rural,Television,*,*
*,Yes,No,Total
 Urban,5027,2273,7300
 Rural,16315,29954,46269
 Total,21342,32227,53569
NotApp :,474,*,*
AREA # 100101,Mawlamyine,*,*
Urban/Rural,Television,*,*
*,Yes,No,Total
 Urban,39744,9990,49734
 Rural,5398,2325,7723
 Total,45142,12315,57457
NotApp :,954,*,*
AREA # 100102,Kyaikemaraw,*,*
Urban/Rural,Television,*,*
*,Yes,No,Total
 Urban,1574,602,2176
 Rural,20258,16454,36712
 Total,21832,17056,38888
NotApp :,478,*,*
AREA # 100103,Chaungzon,*,*
Urban/Rural,Television,*,*
*,Yes,No,Total
 Urban,1133,611,1744
 Rural,16038,10162,26200
 Total,17171,10773,27944
NotApp :,292,*,*
AREA # 100104,Thanbyuzayat,*,*
Urban/Rural,Television,*,*
*,Yes,No,Total
 Urban,8711,3004,11715
 Rural,15251,9268,24519
 Total,23962,12272,36234
NotApp :,470,*,*
AREA # 100105,Mudon,*,*
Urban/Rural,Television,*,*
*,Yes,No,Total
 Urban,8679,2113,10792
 Rural,20228,8292,28520
 Total,28907,10405,39312
NotApp :,541,*,*
AREA # 100106,Ye,*,*
Urban/Rural,Television,*,*
*,Yes,No,Total
 Urban,4358,1755,6113
 Rural,13528,10350,23878
 Total,17886,12105,29991
NotApp :,508,*,*
AREA # 100151,Lamine,*,*
Urban/Rural,Television,*,*
*,Yes,No,Total
 Urban,2243,724,2967
 Rural,9992,5680,15672
 Total,12235,6404,18639
NotApp :,149,*,*
AREA # 100152,Khawzar,*,*
Urban/Rural,Television,*,*
*,Yes,No,Total
 Urban,545,233,778
 Rural,2243,1797,4040
 Total,2788,2030,4818
NotApp :,70,*,*
AREA # 100201,Thaton,*,*
Urban/Rural,Television,*,*
*,Yes,No,Total
 Urban,7873,2833,10706
 Rural,17629,19949,37578
 Total,25502,22782,48284
NotApp :,603,*,*
AREA # 100202,Paung,*,*
Urban/Rural,Television,*,*
*,Yes,No,Total
 Urban,4209,1693,5902
 Rural,22749,15075,37824
 Total,26958,16768,43726
NotApp :,460,*,*
AREA # 100203,Kyaikto,*,*
Urban/Rural,Television,*,*
*,Yes,No,Total
 Urban,5324,2192,7516
 Rural,13808,16764,30572
 Total,19132,18956,38088
NotApp :,848,*,*
AREA # 100204,Bilin,*,*
Urban/Rural,Television,*,*
*,Yes,No,Total
 Urban,2829,1215,4044
 Rural,14124,21063,35187
 Total,16953,22278,39231
NotApp :,544,*,*
AREA # 110101,Sittway,*,*
Urban/Rural,Television,*,*
*,Yes,No,Total
 Urban,10613,8293,18906
 Rural,2909,7221,10130
 Total,13522,15514,29036
NotApp :,377,*,*
AREA # 110102,Ponnagyun,*,*
Urban/Rural,Television,*,*
*,Yes,No,Total
 Urban,1161,1305,2466
 Rural,2512,20357,22869
 Total,3673,21662,25335
NotApp :,246,*,*
AREA # 110103,Pauktaw,*,*
Urban/Rural,Television,*,*
*,Yes,No,Total
 Urban,1028,1442,2470
 Rural,3052,25022,28074
 Total,4080,26464,30544
NotApp :,349,*,*
AREA # 110104,Yethedaung,*,*
Urban/Rural,Television,*,*
*,Yes,No,Total
 Urban,725,785,1510
 Rural,3275,19556,22831
 Total,4000,20341,24341
NotApp :,255,*,*
AREA # 110201,Myauk U,*,*
Urban/Rural,Television,*,*
*,Yes,No,Total
 Urban,2394,4880,7274
 Rural,4864,29387,34251
 Total,7258,34267,41525
NotApp :,517,*,*
AREA # 110202,Kyauktaw,*,*
Urban/Rural,Television,*,*
*,Yes,No,Total
 Urban,2045,1794,3839
 Rural,4768,27888,32656
 Total,6813,29682,36495
NotApp :,327,*,*
AREA # 110203,Minbya,*,*
Urban/Rural,Television,*,*
*,Yes,No,Total
 Urban,1854,2761,4615
 Rural,3855,28158,32013
 Total,5709,30919,36628
NotApp :,359,*,*
AREA # 110204,Myebon,*,*
Urban/Rural,Television,*,*
*,Yes,No,Total
 Urban,841,1777,2618
 Rural,4455,24266,28721
 Total,5296,26043,31339
NotApp :,244,*,*
AREA # 110301,Maungtaw,*,*
Urban/Rural,Television,*,*
*,Yes,No,Total
 Urban,1210,1104,2314
 Rural,970,4106,5076
 Total,2180,5210,7390
NotApp :,142,*,*
AREA # 110302,Buthidaung,*,*
Urban/Rural,Television,*,*
*,Yes,No,Total
 Urban,1036,1026,2062
 Rural,1619,7583,9202
 Total,2655,8609,11264
NotApp :,178,*,*
AREA # 110351,Taungpyoletwe(ST),*,*
Urban/Rural,Television,*,*
*,Yes,No,Total
 Urban,38,120,158
 Rural,28,320,348
 Total,66,440,506
NotApp :,17,*,*
AREA # 110401,Kyaukpyu,*,*
Urban/Rural,Television,*,*
*,Yes,No,Total
 Urban,3128,1126,4254
 Rural,6173,26837,33010
 Total,9301,27963,37264
NotApp :,491,*,*
AREA # 110402,Mannaung,*,*
Urban/Rural,Television,*,*
*,Yes,No,Total
 Urban,725,581,1306
 Rural,2143,11286,13429
 Total,2868,11867,14735
NotApp :,186,*,*
AREA # 110403,Yanbye,*,*
Urban/Rural,Television,*,*
*,Yes,No,Total
 Urban,826,1422,2248
 Rural,879,19291,20170
 Total,1705,20713,22418
NotApp :,325,*,*
AREA # 110404,An,*,*
Urban/Rural,Television,*,*
*,Yes,No,Total
 Urban,914,964,1878
 Rural,4830,20651,25481
 Total,5744,21615,27359
NotApp :,324,*,*
AREA # 110501,Thandwe,*,*
Urban/Rural,Television,*,*
*,Yes,No,Total
 Urban,2279,1071,3350
 Rural,9467,18258,27725
 Total,11746,19329,31075
NotApp :,580,*,*
AREA # 110502,Toungup,*,*
Urban/Rural,Television,*,*
*,Yes,No,Total
 Urban,3707,2471,6178
 Rural,3893,15168,19061
 Total,7600,17639,25239
NotApp :,343,*,*
AREA # 110503,Gwa,*,*
Urban/Rural,Television,*,*
*,Yes,No,Total
 Urban,1353,1135,2488
 Rural,2174,6583,8757
 Total,3527,7718,11245
NotApp :,115,*,*
AREA # 110551,Maei(ST),*,*
Urban/Rural,Television,*,*
*,Yes,No,Total
 Urban,468,747,1215
 Rural,1676,7062,8738
 Total,2144,7809,9953
NotApp :,96,*,*
AREA # 110552,Kyeintali(ST),*,*
Urban/Rural,Television,*,*
*,Yes,No,Total
 Urban,621,854,1475
 Rural,1138,3468,4606
 Total,1759,4322,6081
NotApp :,76,*,*
AREA # 120101,Insein,*,*
Urban/Rural,Television,*,*
*,Yes,No,Total
 Urban,51707,9969,61676
 Total,51707,9969,61676
NotApp :,993,*,*
AREA # 120102,Mingaladon,*,*
Urban/Rural,Television,*,*
*,Yes,No,Total
 Urban,35780,5861,41641
 Rural,18336,6326,24662
 Total,54116,12187,66303
NotApp :,1749,*,*
AREA # 120103,Hmawby,*,*
Urban/Rural,Television,*,*
*,Yes,No,Total
 Urban,4627,1315,5942
 Rural,31452,19075,50527
 Total,36079,20390,56469
NotApp :,902,*,*
AREA # 120104,Hlegu,*,*
Urban/Rural,Television,*,*
*,Yes,No,Total
 Urban,6909,1840,8749
 Rural,27970,21304,49274
 Total,34879,23144,58023
NotApp :,1175,*,*
AREA # 120105,Taikkyi,*,*
Urban/Rural,Television,*,*
*,Yes,No,Total
 Urban,12724,7635,20359
 Rural,16758,29882,46640
 Total,29482,37517,66999
NotApp :,614,*,*
AREA # 120106,Htantabin,*,*
Urban/Rural,Television,*,*
*,Yes,No,Total
 Urban,1311,745,2056
 Rural,16171,15984,32155
 Total,17482,16729,34211
NotApp :,229,*,*
AREA # 120107,Shwepyitha,*,*
Urban/Rural,Television,*,*
*,Yes,No,Total
 Urban,41246,17265,58511
 Rural,9532,5732,15264
 Total,50778,22997,73775
NotApp :,834,*,*
AREA # 120108,Hlinethaya,*,*
Urban/Rural,Television,*,*
*,Yes,No,Total
 Urban,70557,33250,103807
 Rural,22665,22239,44904
 Total,93222,55489,148711
NotApp :,1246,*,*
AREA # 120201,Thingangyun,*,*
Urban/Rural,Television,*,*
*,Yes,No,Total
 Urban,38352,4968,43320
 Total,38352,4968,43320
NotApp :,265,*,*
AREA # 120202,Yankin,*,*
Urban/Rural,Television,*,*
*,Yes,No,Total
 Urban,13631,1006,14637
 Total,13631,1006,14637
NotApp :,149,*,*
AREA # 120203,South Okkalapa,*,*
Urban/Rural,Television,*,*
*,Yes,No,Total
 Urban,29667,3058,32725
 Total,29667,3058,32725
NotApp :,418,*,*
AREA # 120204,North Okkalapa,*,*
Urban/Rural,Television,*,*
*,Yes,No,Total
 Urban,54959,9797,64756
 Total,54959,9797,64756
NotApp :,946,*,*
AREA # 120205,Thakayta,*,*
Urban/Rural,Television,*,*
*,Yes,No,Total
 Urban,39125,6331,45456
 Total,39125,6331,45456
NotApp :,451,*,*
AREA # 120206,Dawbon,*,*
Urban/Rural,Television,*,*
*,Yes,No,Total
 Urban,12512,1897,14409
 Total,12512,1897,14409
NotApp :,154,*,*
AREA # 120207,Tamway,*,*
Urban/Rural,Television,*,*
*,Yes,No,Total
 Urban,33464,1896,35360
 Total,33464,1896,35360
NotApp :,633,*,*
AREA # 120208,Pazuntaung,*,*
Urban/Rural,Television,*,*
*,Yes,No,Total
 Urban,9714,592,10306
 Total,9714,592,10306
NotApp :,215,*,*
AREA # 120209,Botahtaung,*,*
Urban/Rural,Television,*,*
*,Yes,No,Total
 Urban,7920,477,8397
 Total,7920,477,8397
NotApp :,295,*,*
AREA # 120210,Dagon Myothit(South),*,*
Urban/Rural,Television,*,*
*,Yes,No,Total
 Urban,60271,16713,76984
 Total,60271,16713,76984
NotApp :,751,*,*
AREA # 120211,Dagon Myothit(North),*,*
Urban/Rural,Television,*,*
*,Yes,No,Total
 Urban,37961,4743,42704
 Total,37961,4743,42704
NotApp :,126,*,*
AREA # 120212,Dagon Myothit(East),*,*
Urban/Rural,Television,*,*
*,Yes,No,Total
 Urban,24285,7610,31895
 Rural,1007,1011,2018
 Total,25292,8621,33913
NotApp :,814,*,*
AREA # 120213,Dagon Myothit(Seik),*,*
Urban/Rural,Television,*,*
*,Yes,No,Total
 Urban,21509,12663,34172
 Rural,2077,1656,3733
 Total,23586,14319,37905
NotApp :,383,*,*
AREA # 120214,Mingala Taungnyunt,*,*
Urban/Rural,Television,*,*
*,Yes,No,Total
 Urban,23847,2071,25918
 Total,23847,2071,25918
NotApp :,325,*,*
AREA # 120301,Thanlyin,*,*
Urban/Rural,Television,*,*
*,Yes,No,Total
 Urban,14766,3943,18709
 Rural,25712,17176,42888
 Total,40478,21119,61597
NotApp :,594,*,*
AREA # 120302,Kyauktan,*,*
Urban/Rural,Television,*,*
*,Yes,No,Total
 Urban,6473,3391,9864
 Rural,10970,12142,23112
 Total,17443,15533,32976
NotApp :,324,*,*
AREA # 120303,Thongwa,*,*
Urban/Rural,Television,*,*
*,Yes,No,Total
 Urban,4361,2395,6756
 Rural,15879,17452,33331
 Total,20240,19847,40087
NotApp :,287,*,*
AREA # 120304,Khayan,*,*
Urban/Rural,Television,*,*
*,Yes,No,Total
 Urban,4917,2961,7878
 Rural,13529,17907,31436
 Total,18446,20868,39314
NotApp :,203,*,*
AREA # 120305,Twantay,*,*
Urban/Rural,Television,*,*
*,Yes,No,Total
 Urban,5950,3247,9197
 Rural,21164,21241,42405
 Total,27114,24488,51602
NotApp :,365,*,*
AREA # 120306,Kawhmu,*,*
Urban/Rural,Television,*,*
*,Yes,No,Total
 Urban,1307,924,2231
 Rural,11626,15935,27561
 Total,12933,16859,29792
NotApp :,220,*,*
AREA # 120307,Kungyangon,*,*
Urban/Rural,Television,*,*
*,Yes,No,Total
 Urban,2623,1335,3958
 Rural,8298,16096,24394
 Total,10921,17431,28352
NotApp :,207,*,*
AREA # 120308,Dala,*,*
Urban/Rural,Television,*,*
*,Yes,No,Total
 Urban,16872,8459,25331
 Rural,6578,6003,12581
 Total,23450,14462,37912
NotApp :,211,*,*
AREA # 120309,Seikkyi/Khanaungto,*,*
Urban/Rural,Television,*,*
*,Yes,No,Total
 Urban,5280,2449,7729
 Total,5280,2449,7729
NotApp :,39,*,*
AREA # 120310,Cocogyun,*,*
Urban/Rural,Television,*,*
*,Yes,No,Total
 Urban,203,148,351
 Total,203,148,351
NotApp :,8,*,*
AREA # 120351,Tada(ST),*,*
Urban/Rural,Television,*,*
*,Yes,No,Total
 Urban,1425,1065,2490
 Rural,2876,4127,7003
 Total,4301,5192,9493
NotApp :,57,*,*
AREA # 120401,Kyauktada,*,*
Urban/Rural,Television,*,*
*,Yes,No,Total
 Urban,5734,386,6120
 Total,5734,386,6120
NotApp :,412,*,*
AREA # 120402,Pabedan,*,*
Urban/Rural,Television,*,*
*,Yes,No,Total
 Urban,5995,568,6563
 Total,5995,568,6563
NotApp :,145,*,*
AREA # 120403,Lanmadaw,*,*
Urban/Rural,Television,*,*
*,Yes,No,Total
 Urban,8108,491,8599
 Total,8108,491,8599
NotApp :,607,*,*
AREA # 120404,Latha,*,*
Urban/Rural,Television,*,*
*,Yes,No,Total
 Urban,4163,310,4473
 Total,4163,310,4473
NotApp :,510,*,*
AREA # 120405,Ahlon,*,*
Urban/Rural,Television,*,*
*,Yes,No,Total
 Urban,10229,714,10943
 Total,10229,714,10943
NotApp :,503,*,*
AREA # 120406,Kyimyindine,*,*
Urban/Rural,Television,*,*
*,Yes,No,Total
 Urban,18708,4354,23062
 Total,18708,4354,23062
NotApp :,182,*,*
AREA # 120407,Sangyoung,*,*
Urban/Rural,Television,*,*
*,Yes,No,Total
 Urban,19630,1005,20635
 Total,19630,1005,20635
NotApp :,1228,*,*
AREA # 120408,Hline,*,*
Urban/Rural,Television,*,*
*,Yes,No,Total
 Urban,30292,2545,32837
 Total,30292,2545,32837
NotApp :,851,*,*
AREA # 120409,Kamayut,*,*
Urban/Rural,Television,*,*
*,Yes,No,Total
 Urban,14942,1357,16299
 Total,14942,1357,16299
NotApp :,1002,*,*
AREA # 120410,Mayangon,*,*
Urban/Rural,Television,*,*
*,Yes,No,Total
 Urban,35007,3800,38807
 Total,35007,3800,38807
NotApp :,891,*,*
AREA # 120411,Dagon,*,*
Urban/Rural,Television,*,*
*,Yes,No,Total
 Urban,4438,170,4608
 Total,4438,170,4608
NotApp :,176,*,*
AREA # 120412,Bahan,*,*
Urban/Rural,Television,*,*
*,Yes,No,Total
 Urban,16412,1014,17426
 Total,16412,1014,17426
NotApp :,1076,*,*
AREA # 120413,Seikkan,*,*
Urban/Rural,Television,*,*
*,Yes,No,Total
 Urban,350,60,410
 Total,350,60,410
NotApp :,67,*,*
AREA # 130101,Taunggyi,*,*
Urban/Rural,Television,*,*
*,Yes,No,Total
 Urban,47021,9627,56648
 Rural,15367,10589,25956
 Total,62388,20216,82604
NotApp :,922,*,*
AREA # 130102,Nyaungshwe,*,*
Urban/Rural,Television,*,*
*,Yes,No,Total
 Urban,2616,443,3059
 Rural,21024,18551,39575
 Total,23640,18994,42634
NotApp :,550,*,*
AREA # 130103,Hopon,*,*
Urban/Rural,Television,*,*
*,Yes,No,Total
 Urban,3246,1290,4536
 Rural,8026,12166,20192
 Total,11272,13456,24728
NotApp :,246,*,*
AREA # 130104,Hsihseng,*,*
Urban/Rural,Television,*,*
*,Yes,No,Total
 Urban,1894,755,2649
 Rural,14674,15448,30122
 Total,16568,16203,32771
NotApp :,323,*,*
AREA # 130105,Kalaw,*,*
Urban/Rural,Television,*,*
*,Yes,No,Total
 Urban,10629,1969,12598
 Rural,14656,14087,28743
 Total,25285,16056,41341
NotApp :,409,*,*
AREA # 130106,Pindaya,*,*
Urban/Rural,Television,*,*
*,Yes,No,Total
 Urban,1848,411,2259
 Rural,7014,8271,15285
 Total,8862,8682,17544
NotApp :,214,*,*
AREA # 130107,Ywarngan,*,*
Urban/Rural,Television,*,*
*,Yes,No,Total
 Urban,693,462,1155
 Rural,4088,13105,17193
 Total,4781,13567,18348
NotApp :,248,*,*
AREA # 130108,Yatsauk,*,*
Urban/Rural,Television,*,*
*,Yes,No,Total
 Urban,4962,715,5677
 Rural,11391,8889,20280
 Total,16353,9604,25957
NotApp :,294,*,*
AREA # 130109,Pinlaung,*,*
Urban/Rural,Television,*,*
*,Yes,No,Total
 Urban,2287,483,2770
 Rural,11529,11205,22734
 Total,13816,11688,25504
NotApp :,214,*,*
AREA # 130110,Phekon,*,*
Urban/Rural,Television,*,*
*,Yes,No,Total
 Urban,2605,826,3431
 Rural,8157,8496,16653
 Total,10762,9322,20084
NotApp :,187,*,*
AREA # 130151,Kyauktalongyi(ST),*,*
Urban/Rural,Television,*,*
*,Yes,No,Total
 Urban,321,281,602
 Rural,5568,6095,11663
 Total,5889,6376,12265
NotApp :,78,*,*
AREA # 130152,Indaw(ST),*,*
Urban/Rural,Television,*,*
*,Yes,No,Total
 Urban,1246,590,1836
 Rural,3075,3239,6314
 Total,4321,3829,8150
NotApp :,120,*,*
AREA # 130153,Naungtayar(ST),*,*
Urban/Rural,Television,*,*
*,Yes,No,Total
 Urban,759,220,979
 Rural,7521,8079,15600
 Total,8280,8299,16579
NotApp :,149,*,*
AREA # 130201,Loilem,*,*
Urban/Rural,Television,*,*
*,Yes,No,Total
 Urban,2356,497,2853
 Rural,3668,4380,8048
 Total,6024,4877,10901
NotApp :,112,*,*
AREA # 130202,Le`char,*,*
Urban/Rural,Television,*,*
*,Yes,No,Total
 Urban,1134,196,1330
 Rural,4057,3403,7460
 Total,5191,3599,8790
NotApp :,101,*,*
AREA # 130203,Nanhsam(South),*,*
Urban/Rural,Television,*,*
*,Yes,No,Total
 Urban,3999,842,4841
 Rural,7049,6973,14022
 Total,11048,7815,18863
NotApp :,264,*,*
AREA # 130204,Kunhing,*,*
Urban/Rural,Television,*,*
*,Yes,No,Total
 Urban,942,600,1542
 Rural,1220,1808,3028
 Total,2162,2408,4570
NotApp :,122,*,*
AREA # 130205,Kehsi,*,*
Urban/Rural,Television,*,*
*,Yes,No,Total
 Urban,564,278,842
 Rural,3416,4643,8059
 Total,3980,4921,8901
NotApp :,109,*,*
AREA # 130206,Mongkai,*,*
Urban/Rural,Television,*,*
*,Yes,No,Total
 Urban,1241,978,2219
 Rural,654,13459,14113
 Total,1895,14437,16332
NotApp :,213,*,*
AREA # 130207,Mineshu,*,*
Urban/Rural,Television,*,*
*,Yes,No,Total
 Urban,1458,625,2083
 Rural,2820,4298,7118
 Total,4278,4923,9201
NotApp :,161,*,*
AREA # 130251,Panglong(ST),*,*
Urban/Rural,Television,*,*
*,Yes,No,Total
 Urban,4099,1125,5224
 Rural,4332,4960,9292
 Total,8431,6085,14516
NotApp :,104,*,*
AREA # 130252,Kholan(ST),*,*
Urban/Rural,Television,*,*
*,Yes,No,Total
 Urban,1290,458,1748
 Rural,1148,1468,2616
 Total,2438,1926,4364
NotApp :,145,*,*
AREA # 130253,Karli(ST),*,*
Urban/Rural,Television,*,*
*,Yes,No,Total
 Urban,1132,533,1665
 Rural,1922,2980,4902
 Total,3054,3513,6567
NotApp :,80,*,*
AREA # 130254,Minenaung(ST),*,*
Urban/Rural,Television,*,*
*,Yes,No,Total
 Urban,397,355,752
 Rural,1541,3518,5059
 Total,1938,3873,5811
NotApp :,69,*,*
AREA # 130255,Minesan(Monsan)(ST),*,*
Urban/Rural,Television,*,*
*,Yes,No,Total
 Urban,248,259,507
 Rural,2685,3474,6159
 Total,2933,3733,6666
NotApp :,259,*,*
AREA # 130301,Linkhe`,*,*
Urban/Rural,Television,*,*
*,Yes,No,Total
 Urban,1310,408,1718
 Rural,3615,3055,6670
 Total,4925,3463,8388
NotApp :,100,*,*
AREA # 130302,Mone`,*,*
Urban/Rural,Television,*,*
*,Yes,No,Total
 Urban,1597,506,2103
 Rural,1614,2507,4121
 Total,3211,3013,6224
NotApp :,66,*,*
AREA # 130303,Maukme`,*,*
Urban/Rural,Television,*,*
*,Yes,No,Total
 Urban,973,219,1192
 Rural,714,5288,6002
 Total,1687,5507,7194
NotApp :,191,*,*
AREA # 130304,Minepan,*,*
Urban/Rural,Television,*,*
*,Yes,No,Total
 Urban,1664,295,1959
 Rural,1140,2322,3462
 Total,2804,2617,5421
NotApp :,165,*,*
AREA # 130351,Homane(ST),*,*
Urban/Rural,Television,*,*
*,Yes,No,Total
 Urban,387,287,674
 Rural,166,320,486
 Total,553,607,1160
NotApp :,17,*,*
AREA # 130352,Kengtaung(ST),*,*
Urban/Rural,Television,*,*
*,Yes,No,Total
 Urban,1581,516,2097
 Rural,27,137,164
 Total,1608,653,2261
NotApp :,46,*,*
AREA # 130401,Lashio,*,*
Urban/Rural,Television,*,*
*,Yes,No,Total
 Urban,28124,5975,34099
 Rural,16081,14752,30833
 Total,44205,20727,64932
NotApp :,881,*,*
AREA # 130402,Theinni,*,*
Urban/Rural,Television,*,*
*,Yes,No,Total
 Urban,1639,284,1923
 Rural,5768,4088,9856
 Total,7407,4372,11779
NotApp :,116,*,*
AREA # 130403,Mineye`,*,*
Urban/Rural,Television,*,*
*,Yes,No,Total
 Urban,1009,461,1470
 Rural,3846,8012,11858
 Total,4855,8473,13328
NotApp :,139,*,*
AREA # 130404,Tantyan,*,*
Urban/Rural,Television,*,*
*,Yes,No,Total
 Urban,4625,2183,6808
 Rural,11304,17030,28334
 Total,15929,19213,35142
NotApp :,291,*,*
AREA # 130501,MuSe,*,*
Urban/Rural,Television,*,*
*,Yes,No,Total
 Urban,11777,1557,13334
 Rural,6939,1941,8880
 Total,18716,3498,22214
NotApp :,873,*,*
AREA # 130502,Namkham,*,*
Urban/Rural,Television,*,*
*,Yes,No,Total
 Urban,5523,609,6132
 Rural,8474,6811,15285
 Total,13997,7420,21417
NotApp :,200,*,*
AREA # 130503,Kukai,*,*
Urban/Rural,Television,*,*
*,Yes,No,Total
 Urban,3716,967,4683
 Rural,5305,9043,14348
 Total,9021,10010,19031
NotApp :,175,*,*
AREA # 130551,Monekoe(ST),*,*
Urban/Rural,Television,*,*
*,Yes,No,Total
 Urban,1202,267,1469
 Rural,1077,1812,2889
 Total,2279,2079,4358
NotApp :,29,*,*
AREA # 130552,Manhero(ST),*,*
Urban/Rural,Television,*,*
*,Yes,No,Total
 Urban,325,21,346
 Rural,1194,103,1297
 Total,1519,124,1643
NotApp :,30,*,*
AREA # 130553,Pansai(KyuKute)(ST),*,*
Urban/Rural,Television,*,*
*,Yes,No,Total
 Urban,1574,194,1768
 Rural,1807,968,2775
 Total,3381,1162,4543
NotApp :,51,*,*
AREA # 130554,Tamoenye(ST),*,*
Urban/Rural,Television,*,*
*,Yes,No,Total
 Urban,1667,820,2487
 Rural,4188,6374,10562
 Total,5855,7194,13049
NotApp :,45,*,*
AREA # 130601,Kyukme,*,*
Urban/Rural,Television,*,*
*,Yes,No,Total
 Urban,6976,1677,8653
 Rural,10080,9638,19718
 Total,17056,11315,28371
NotApp :,367,*,*
AREA # 130602,Naungkhio,*,*
Urban/Rural,Television,*,*
*,Yes,No,Total
 Urban,3079,1092,4171
 Rural,14578,13475,28053
 Total,17657,14567,32224
NotApp :,365,*,*
AREA # 130603,Hsipaw,*,*
Urban/Rural,Television,*,*
*,Yes,No,Total
 Urban,3451,558,4009
 Rural,14587,19310,33897
 Total,18038,19868,37906
NotApp :,454,*,*
AREA # 130604,Namtu,*,*
Urban/Rural,Television,*,*
*,Yes,No,Total
 Urban,2612,645,3257
 Rural,4729,3655,8384
 Total,7341,4300,11641
NotApp :,153,*,*
AREA # 130605,Namsan(North),*,*
Urban/Rural,Television,*,*
*,Yes,No,Total
 Urban,788,147,935
 Rural,4556,8194,12750
 Total,5344,8341,13685
NotApp :,265,*,*
AREA # 130606,Momeik,*,*
Urban/Rural,Television,*,*
*,Yes,No,Total
 Urban,1577,656,2233
 Rural,5988,5431,11419
 Total,7565,6087,13652
NotApp :,177,*,*
AREA # 130607,Mabane,*,*
Urban/Rural,Television,*,*
*,Yes,No,Total
 Urban,585,129,714
 Rural,5532,2386,7918
 Total,6117,2515,8632
NotApp :,266,*,*
AREA # 130608,Manton,*,*
Urban/Rural,Television,*,*
*,Yes,No,Total
 Urban,509,270,779
 Rural,938,5966,6904
 Total,1447,6236,7683
NotApp :,136,*,*
AREA # 130651,Minengaw(ST),*,*
Urban/Rural,Television,*,*
*,Yes,No,Total
 Urban,396,217,613
 Rural,957,2459,3416
 Total,1353,2676,4029
NotApp :,98,*,*
AREA # 130652,Minelon(ST),*,*
Urban/Rural,Television,*,*
*,Yes,No,Total
 Urban,387,199,586
 Rural,1734,3536,5270
 Total,2121,3735,5856
NotApp :,201,*,*
AREA # 130701,Kunlon,*,*
Urban/Rural,Television,*,*
*,Yes,No,Total
 Urban,1025,133,1158
 Rural,5104,4130,9234
 Total,6129,4263,10392
NotApp :,158,*,*
AREA # 130801,Laukine,*,*
Urban/Rural,Television,*,*
*,Yes,No,Total
 Urban,2788,153,2941
 Rural,8291,2999,11290
 Total,11079,3152,14231
NotApp :,557,*,*
AREA # 130802,Kongyan,*,*
Urban/Rural,Television,*,*
*,Yes,No,Total
 Urban,155,39,194
 Rural,1413,3855,5268
 Total,1568,3894,5462
NotApp :,14,*,*
AREA # 130851,Chinshwehaw(ST),*,*
Urban/Rural,Television,*,*
*,Yes,No,Total
 Urban,389,230,619
 Rural,236,95,331
 Total,625,325,950
NotApp :,28,*,*
AREA # 130852,Mawhtike(ST),*,*
Urban/Rural,Television,*,*
*,Yes,No,Total
 Urban,71,14,85
 Rural,1834,2284,4118
 Total,1905,2298,4203
NotApp :,14,*,*
AREA # 130901,Hopan,*,*
Urban/Rural,Television,*,*
*,Yes,No,Total
 Urban,2764,614,3378
 Rural,2822,3831,6653
 Total,5586,4445,10031
NotApp :,72,*,*
AREA # 130902,Minemaw,*,*
Urban/Rural,Television,*,*
*,Yes,No,Total
 Urban,753,100,853
 Rural,4602,4990,9592
 Total,5355,5090,10445
NotApp :,71,*,*
AREA # 130903,Panwine,*,*
Urban/Rural,Television,*,*
*,Yes,No,Total
 Urban,369,100,469
 Rural,4754,8746,13500
 Total,5123,8846,13969
NotApp :,8,*,*
AREA # 130952,Panlon(ST),*,*
Urban/Rural,Television,*,*
*,Yes,No,Total
 Urban,399,262,661
 Rural,243,281,524
 Total,642,543,1185
NotApp :,26,*,*
AREA # 131001,Makman,*,*
Urban/Rural,Television,*,*
*,Yes,No,Total
 Urban,43,24,67
 Rural,685,2566,3251
 Total,728,2590,3318
NotApp :,55,*,*
AREA # 131002,Pan San(Pan Kham),*,*
Urban/Rural,Television,*,*
*,Yes,No,Total
 Urban,1891,131,2022
 Rural,6024,8096,14120
 Total,7915,8227,16142
NotApp :,744,*,*
AREA # 131003,Naphang,*,*
Urban/Rural,Television,*,*
*,Yes,No,Total
 Urban,123,32,155
 Rural,3338,12981,16319
 Total,3461,13013,16474
NotApp :,40,*,*
AREA # 131051,ManKan(ST),*,*
Urban/Rural,Television,*,*
*,Yes,No,Total
 Urban,24,57,81
 Rural,41,193,234
 Total,65,250,315
NotApp :,19,*,*
AREA # 131101,Kengtung,*,*
Urban/Rural,Television,*,*
*,Yes,No,Total
 Urban,8141,961,9102
 Rural,13605,11389,24994
 Total,21746,12350,34096
NotApp :,512,*,*
AREA # 131102,Minekat,*,*
Urban/Rural,Television,*,*
*,Yes,No,Total
 Urban,485,73,558
 Rural,2030,5437,7467
 Total,2515,5510,8025
NotApp :,133,*,*
AREA # 131103,Mineyan,*,*
Urban/Rural,Television,*,*
*,Yes,No,Total
 Urban,840,149,989
 Rural,4921,4209,9130
 Total,5761,4358,10119
NotApp :,153,*,*
AREA # 131104,Minelar,*,*
Urban/Rural,Television,*,*
*,Yes,No,Total
 Urban,1515,45,1560
 Rural,1991,1657,3648
 Total,3506,1702,5208
NotApp :,231,*,*
AREA # 131151,Mine Pauk(ST),*,*
Urban/Rural,Television,*,*
*,Yes,No,Total
 Rural,4938,4347,9285
 Total,4938,4347,9285
NotApp :,65,*,*
AREA # 131201,Minesat,*,*
Urban/Rural,Television,*,*
*,Yes,No,Total
 Urban,1395,166,1561
 Rural,5925,8423,14348
 Total,7320,8589,15909
NotApp :,313,*,*
AREA # 131202,Minepyin,*,*
Urban/Rural,Television,*,*
*,Yes,No,Total
 Urban,906,427,1333
 Rural,2603,6669,9272
 Total,3509,7096,10605
NotApp :,144,*,*
AREA # 131203,Minetung,*,*
Urban/Rural,Television,*,*
*,Yes,No,Total
 Urban,852,267,1119
 Rural,802,2337,3139
 Total,1654,2604,4258
NotApp :,57,*,*
AREA # 131251,Minekoke(ST),*,*
Urban/Rural,Television,*,*
*,Yes,No,Total
 Urban,182,102,284
 Rural,639,2279,2918
 Total,821,2381,3202
NotApp :,77,*,*
AREA # 131252,Tontar(ST),*,*
Urban/Rural,Television,*,*
*,Yes,No,Total
 Urban,306,121,427
 Rural,423,1844,2267
 Total,729,1965,2694
NotApp :,33,*,*
AREA # 131253,Ponparkyin(ST),*,*
Urban/Rural,Television,*,*
*,Yes,No,Total
 Urban,413,308,721
 Rural,2065,4548,6613
 Total,2478,4856,7334
NotApp :,83,*,*
AREA # 131254,Monehta(ST),*,*
Urban/Rural,Television,*,*
*,Yes,No,Total
 Urban,28,63,91
 Rural,92,746,838
 Total,120,809,929
NotApp :,3,*,*
AREA # 131301,Tachileik,*,*
Urban/Rural,Television,*,*
*,Yes,No,Total
 Urban,9732,1362,11094
 Rural,13946,6139,20085
 Total,23678,7501,31179
NotApp :,515,*,*
AREA # 131351,Talay(ST),*,*
Urban/Rural,Television,*,*
*,Yes,No,Total
 Urban,683,190,873
 Rural,1618,1527,3145
 Total,2301,1717,4018
NotApp :,85,*,*
AREA # 131352,Kenglat(ST),*,*
Urban/Rural,Television,*,*
*,Yes,No,Total
 Urban,521,241,762
 Rural,729,985,1714
 Total,1250,1226,2476
NotApp :,39,*,*
AREA # 131401,Minephyat,*,*
Urban/Rural,Television,*,*
*,Yes,No,Total
 Urban,1029,294,1323
 Rural,2074,2768,4842
 Total,3103,3062,6165
NotApp :,161,*,*
AREA # 131402,Mineyaung,*,*
Urban/Rural,Television,*,*
*,Yes,No,Total
 Urban,964,226,1190
 Rural,3715,1424,5139
 Total,4679,1650,6329
NotApp :,131,*,*
AREA # 131451,Mineyu(ST),*,*
Urban/Rural,Television,*,*
*,Yes,No,Total
 Urban,199,32,231
 Rural,6759,3877,10636
 Total,6958,3909,10867
NotApp :,165,*,*
AREA # 140101,Kangyidaunt,*,*
Urban/Rural,Television,*,*
*,Yes,No,Total
 Urban,1631,1043,2674
 Rural,18193,22099,40292
 Total,19824,23142,42966
NotApp :,345,*,*
AREA # 140102,Kyaungon,*,*
Urban/Rural,Television,*,*
*,Yes,No,Total
 Urban,2330,1620,3950
 Rural,15223,22229,37452
 Total,17553,23849,41402
NotApp :,278,*,*
AREA # 140103,Kyonpyaw,*,*
Urban/Rural,Television,*,*
*,Yes,No,Total
 Urban,3663,2336,5999
 Rural,20431,33058,53489
 Total,24094,35394,59488
NotApp :,394,*,*
AREA # 140104,Ngaputaw,*,*
Urban/Rural,Television,*,*
*,Yes,No,Total
 Urban,1258,1283,2541
 Rural,11603,23232,34835
 Total,12861,24515,37376
NotApp :,231,*,*
AREA # 140105,Pathein,*,*
Urban/Rural,Television,*,*
*,Yes,No,Total
 Urban,27028,10413,37441
 Rural,12651,15944,28595
 Total,39679,26357,66036
NotApp :,851,*,*
AREA # 140106,Yekyi,*,*
Urban/Rural,Television,*,*
*,Yes,No,Total
 Urban,1804,962,2766
 Rural,10169,14867,25036
 Total,11973,15829,27802
NotApp :,199,*,*
AREA # 140107,Thapaung,*,*
Urban/Rural,Television,*,*
*,Yes,No,Total
 Urban,1052,688,1740
 Rural,12910,22587,35497
 Total,13962,23275,37237
NotApp :,376,*,*
AREA # 140151,Ngayokaung(ST),*,*
Urban/Rural,Television,*,*
*,Yes,No,Total
 Urban,387,446,833
 Rural,2356,7012,9368
 Total,2743,7458,10201
NotApp :,68,*,*
AREA # 140152,Hainggyikyun(ST),*,*
Urban/Rural,Television,*,*
*,Yes,No,Total
 Urban,1769,1780,3549
 Rural,8285,17241,25526
 Total,10054,19021,29075
NotApp :,204,*,*
AREA # 140153,Shwethaungyan(ST),*,*
Urban/Rural,Television,*,*
*,Yes,No,Total
 Urban,301,518,819
 Rural,3609,5753,9362
 Total,3910,6271,10181
NotApp :,202,*,*
AREA # 140154,Ngwehsaung(ST),*,*
Urban/Rural,Television,*,*
*,Yes,No,Total
 Urban,1226,1449,2675
 Rural,1875,4920,6795
 Total,3101,6369,9470
NotApp :,180,*,*
AREA # 140155,Ngathaingchaung(ST),*,*
Urban/Rural,Television,*,*
*,Yes,No,Total
 Urban,2540,2057,4597
 Rural,6513,11803,18316
 Total,9053,13860,22913
NotApp :,199,*,*
AREA # 140201,Kyaiklatt,*,*
Urban/Rural,Television,*,*
*,Yes,No,Total
 Urban,3174,2243,5417
 Rural,15286,23045,38331
 Total,18460,25288,43748
NotApp :,526,*,*
AREA # 140202,Daydaye,*,*
Urban/Rural,Television,*,*
*,Yes,No,Total
 Urban,2084,1482,3566
 Rural,14616,30428,45044
 Total,16700,31910,48610
NotApp :,479,*,*
AREA # 140203,Phyapon,*,*
Urban/Rural,Television,*,*
*,Yes,No,Total
 Urban,5783,4271,10054
 Rural,10888,20688,31576
 Total,16671,24959,41630
NotApp :,366,*,*
AREA # 140204,Bogale,*,*
Urban/Rural,Television,*,*
*,Yes,No,Total
 Urban,5218,4897,10115
 Rural,18323,47549,65872
 Total,23541,52446,75987
NotApp :,607,*,*
AREA # 140251,Ahmar(ST),*,*
Urban/Rural,Television,*,*
*,Yes,No,Total
 Urban,360,417,777
 Rural,7011,19998,27009
 Total,7371,20415,27786
NotApp :,383,*,*
AREA # 140301,Nyaungdon,*,*
Urban/Rural,Television,*,*
*,Yes,No,Total
 Urban,3522,2378,5900
 Rural,20685,24616,45301
 Total,24207,26994,51201
NotApp :,457,*,*
AREA # 140302,Danubyu,*,*
Urban/Rural,Television,*,*
*,Yes,No,Total
 Urban,3265,1915,5180
 Rural,14317,25300,39617
 Total,17582,27215,44797
NotApp :,310,*,*
AREA # 140303,Pantanaw,*,*
Urban/Rural,Television,*,*
*,Yes,No,Total
 Urban,2487,1805,4292
 Rural,21308,34677,55985
 Total,23795,36482,60277
NotApp :,434,*,*
AREA # 140304,Maubin,*,*
Urban/Rural,Television,*,*
*,Yes,No,Total
 Urban,5837,3300,9137
 Rural,24991,37676,62667
 Total,30828,40976,71804
NotApp :,629,*,*
AREA # 140401,Myaungmya,*,*
Urban/Rural,Television,*,*
*,Yes,No,Total
 Urban,8188,4325,12513
 Rural,23204,30455,53659
 Total,31392,34780,66172
NotApp :,571,*,*
AREA # 140402,Wakema,*,*
Urban/Rural,Television,*,*
*,Yes,No,Total
 Urban,3357,1948,5305
 Rural,23143,39000,62143
 Total,26500,40948,67448
NotApp :,575,*,*
AREA # 140403,Einme,*,*
Urban/Rural,Television,*,*
*,Yes,No,Total
 Urban,2130,916,3046
 Rural,18129,25280,43409
 Total,20259,26196,46455
NotApp :,362,*,*
AREA # 140501,Mawlamyinegyun,*,*
Urban/Rural,Television,*,*
*,Yes,No,Total
 Urban,4094,3489,7583
 Rural,20113,47190,67303
 Total,24207,50679,74886
NotApp :,436,*,*
AREA # 140502,Labutta,*,*
Urban/Rural,Television,*,*
*,Yes,No,Total
 Urban,4169,3034,7203
 Rural,13594,34349,47943
 Total,17763,37383,55146
NotApp :,425,*,*
AREA # 140551,Pyinsalu(ST),*,*
Urban/Rural,Television,*,*
*,Yes,No,Total
 Urban,157,344,501
 Rural,4543,15393,19936
 Total,4700,15737,20437
NotApp :,161,*,*
AREA # 140601,Kyangin,*,*
Urban/Rural,Television,*,*
*,Yes,No,Total
 Urban,3551,1755,5306
 Rural,9030,12521,21551
 Total,12581,14276,26857
NotApp :,241,*,*
AREA # 140602,Zalun,*,*
Urban/Rural,Television,*,*
*,Yes,No,Total
 Urban,3096,2161,5257
 Rural,12537,24279,36816
 Total,15633,26440,42073
NotApp :,220,*,*
AREA # 140603,Myanaung,*,*
Urban/Rural,Television,*,*
*,Yes,No,Total
 Urban,4050,1999,6049
 Rural,18867,35004,53871
 Total,22917,37003,59920
NotApp :,437,*,*
AREA # 140604,Laymyethna,*,*
Urban/Rural,Television,*,*
*,Yes,No,Total
 Urban,445,325,770
 Rural,8281,17193,25474
 Total,8726,17518,26244
NotApp :,310,*,*
AREA # 140605,Hinthada,*,*
Urban/Rural,Television,*,*
*,Yes,No,Total
 Urban,13166,6663,19829
 Rural,23788,42512,66300
 Total,36954,49175,86129
NotApp :,639,*,*
AREA # 140606,Ingapu,*,*
Urban/Rural,Television,*,*
*,Yes,No,Total
 Urban,2043,1535,3578
 Rural,16724,36927,53651
 Total,18767,38462,57229
NotApp :,515,*,*
AREA # 150101,Tatkon,*,*
Urban/Rural,Television,*,*
*,Yes,No,Total
 Urban,5997,3149,9146
 Rural,13822,28779,42601
 Total,19819,31928,51747
NotApp :,415,*,*
AREA # 150102,Zeyarthiri,*,*
Urban/Rural,Television,*,*
*,Yes,No,Total
 Urban,7450,796,8246
 Rural,9268,8561,17829
 Total,16718,9357,26075
NotApp :,326,*,*
AREA # 150103,Ottarathiri,*,*
Urban/Rural,Television,*,*
*,Yes,No,Total
 Urban,3280,1615,4895
 Rural,5019,8747,13766
 Total,8299,10362,18661
NotApp :,325,*,*
AREA # 150104,Pobbathiri,*,*
Urban/Rural,Television,*,*
*,Yes,No,Total
 Urban,7446,2802,10248
 Rural,6988,10380,17368
 Total,14434,13182,27616
NotApp :,382,*,*
AREA # 150201,Pyinmana,*,*
Urban/Rural,Television,*,*
*,Yes,No,Total
 Urban,11484,2972,14456
 Rural,12654,12553,25207
 Total,24138,15525,39663
NotApp :,695,*,*
AREA # 150202,Lewe,*,*
Urban/Rural,Television,*,*
*,Yes,No,Total
 Urban,4369,1754,6123
 Rural,20633,38418,59051
 Total,25002,40172,65174
NotApp :,584,*,*
AREA # 150203,Zabuthiri,*,*
Urban/Rural,Television,*,*
*,Yes,No,Total
 Urban,20649,4073,24722
 Rural,696,902,1598
 Total,21345,4975,26320
NotApp :,869,*,*
AREA # 150204,Dekkhinathiri,*,*
Urban/Rural,Television,*,*
*,Yes,No,Total
 Urban,712,196,908
 Rural,1991,4098,6089
 Total,2703,4294,6997
NotApp :,205,*,*
SUMMARY,*,*,*
Urban/Rural,Television,*,*
*,Yes,No,Total
 Urban,2311115,738318,3049433
 Rural,3071875,4756524,7828399
 Total,5382990,5494842,10877832
NotApp :,137752,*,*
