Urban_Rural,4-Wheel_tractor_Yes,4-Wheel_tractor_No,4-Wheel_tractor_Total
AREA # 010101,Myitkyina,*,*
Urban/Rural,4-Wheel tractor,*,*
*,Yes,No,Total
 Urban,680,38988,39668
 Rural,286,10629,10915
 Total,966,49617,50583
NotApp :,1258,*,*
AREA # 010102,Waingmaw,*,*
Urban/Rural,4-Wheel tractor,*,*
*,Yes,No,Total
 Urban,119,3701,3820
 Rural,480,15480,15960
 Total,599,19181,19780
NotApp :,241,*,*
AREA # 010103,Ingyanyan,*,*
Urban/Rural,4-Wheel tractor,*,*
*,Yes,No,Total
 Urban,1,77,78
 Rural,-,207,207
 Total,1,284,285
NotApp :,35,*,*
AREA # 010104,Tanaing,*,*
Urban/Rural,4-Wheel tractor,*,*
*,Yes,No,Total
 Urban,92,3602,3694
 Rural,18,2686,2704
 Total,110,6288,6398
NotApp :,303,*,*
AREA # 010105,Chiphwe,*,*
Urban/Rural,4-Wheel tractor,*,*
*,Yes,No,Total
 Urban,10,319,329
 Rural,27,1575,1602
 Total,37,1894,1931
NotApp :,11,*,*
AREA # 010106,Hsotlaw,*,*
Urban/Rural,4-Wheel tractor,*,*
*,Yes,No,Total
 Urban,2,64,66
 Rural,5,1002,1007
 Total,7,1066,1073
NotApp :,4,*,*
AREA # 010151,Hsinbo(ST),*,*
Urban/Rural,4-Wheel tractor,*,*
*,Yes,No,Total
 Urban,39,665,704
 Rural,52,1252,1304
 Total,91,1917,2008
NotApp :,80,*,*
AREA # 010152,Hsadone(ST),*,*
Urban/Rural,4-Wheel tractor,*,*
*,Yes,No,Total
 Urban,6,504,510
 Rural,10,1090,1100
 Total,16,1594,1610
NotApp :,9,*,*
AREA # 010153,Kanpaikti(ST),*,*
Urban/Rural,4-Wheel tractor,*,*
*,Yes,No,Total
 Urban,-,174,174
 Rural,17,1279,1296
 Total,17,1453,1470
NotApp :,20,*,*
AREA # 010154,Shinbwayyan(ST),*,*
Urban/Rural,4-Wheel tractor,*,*
*,Yes,No,Total
 Urban,17,1008,1025
 Rural,5,1100,1105
 Total,22,2108,2130
NotApp :,15,*,*
AREA # 010155,Panwa(ST),*,*
Urban/Rural,4-Wheel tractor,*,*
*,Yes,No,Total
 Urban,3,193,196
 Rural,13,1166,1179
 Total,16,1359,1375
NotApp :,41,*,*
AREA # 010201,Mohnyin,*,*
Urban/Rural,4-Wheel tractor,*,*
*,Yes,No,Total
 Urban,244,6109,6353
 Rural,2148,21689,23837
 Total,2392,27798,30190
NotApp :,542,*,*
AREA # 010202,Mogaung,*,*
Urban/Rural,4-Wheel tractor,*,*
*,Yes,No,Total
 Urban,189,4259,4448
 Rural,1265,19185,20450
 Total,1454,23444,24898
NotApp :,208,*,*
AREA # 010203,Phakant,*,*
Urban/Rural,4-Wheel tractor,*,*
*,Yes,No,Total
 Urban,57,6799,6856
 Rural,406,25872,26278
 Total,463,32671,33134
NotApp :,1665,*,*
AREA # 010251,Hopin(ST),*,*
Urban/Rural,4-Wheel tractor,*,*
*,Yes,No,Total
 Urban,129,4412,4541
 Rural,276,4615,4891
 Total,405,9027,9432
NotApp :,114,*,*
AREA # 010252,Kamine(ST),*,*
Urban/Rural,4-Wheel tractor,*,*
*,Yes,No,Total
 Urban,45,985,1030
 Rural,52,2416,2468
 Total,97,3401,3498
NotApp :,131,*,*
AREA # 010301,Bhamo,*,*
Urban/Rural,4-Wheel tractor,*,*
*,Yes,No,Total
 Urban,560,8955,9515
 Rural,2070,12576,14646
 Total,2630,21531,24161
NotApp :,571,*,*
AREA # 010302,Shwegu,*,*
Urban/Rural,4-Wheel tractor,*,*
*,Yes,No,Total
 Urban,213,3189,3402
 Rural,469,11957,12426
 Total,682,15146,15828
NotApp :,336,*,*
AREA # 010303,Momauk,*,*
Urban/Rural,4-Wheel tractor,*,*
*,Yes,No,Total
 Urban,125,1965,2090
 Rural,1676,4868,6544
 Total,1801,6833,8634
NotApp :,144,*,*
AREA # 010304,Mansi,*,*
Urban/Rural,4-Wheel tractor,*,*
*,Yes,No,Total
 Urban,126,1492,1618
 Rural,1878,7058,8936
 Total,2004,8550,10554
NotApp :,82,*,*
AREA # 010351,Myohla(ST),*,*
Urban/Rural,4-Wheel tractor,*,*
*,Yes,No,Total
 Urban,1,360,361
 Rural,2,430,432
 Total,3,790,793
NotApp :,11,*,*
AREA # 010352,Lwe`ge`(ST),*,*
Urban/Rural,4-Wheel tractor,*,*
*,Yes,No,Total
 Urban,61,1164,1225
 Rural,47,231,278
 Total,108,1395,1503
NotApp :,24,*,*
AREA # 010353,Dotphoneyan(ST),*,*
Urban/Rural,4-Wheel tractor,*,*
*,Yes,No,Total
 Urban,31,280,311
 Rural,733,1189,1922
 Total,764,1469,2233
NotApp :,65,*,*
AREA # 010401,Putao,*,*
Urban/Rural,4-Wheel tractor,*,*
*,Yes,No,Total
 Urban,23,2788,2811
 Rural,18,7914,7932
 Total,41,10702,10743
NotApp :,94,*,*
AREA # 010402,Sumprabum,*,*
Urban/Rural,4-Wheel tractor,*,*
*,Yes,No,Total
 Urban,5,167,172
 Rural,10,297,307
 Total,15,464,479
NotApp :,18,*,*
AREA # 010403,Machanbaw,*,*
Urban/Rural,4-Wheel tractor,*,*
*,Yes,No,Total
 Urban,2,406,408
 Rural,4,1307,1311
 Total,6,1713,1719
NotApp :,31,*,*
AREA # 010404,Khaunglanphoo,*,*
Urban/Rural,4-Wheel tractor,*,*
*,Yes,No,Total
 Urban,-,70,70
 Rural,11,1630,1641
 Total,11,1700,1711
NotApp :,2,*,*
AREA # 010405,Naungmoon,*,*
Urban/Rural,4-Wheel tractor,*,*
*,Yes,No,Total
 Urban,-,360,360
 Rural,1,582,583
 Total,1,942,943
NotApp :,4,*,*
AREA # 010451,Pannandin(ST),*,*
Urban/Rural,4-Wheel tractor,*,*
*,Yes,No,Total
 Urban,-,24,24
 Rural,-,245,245
 Total,-,269,269
NotApp :,1,*,*
AREA # 020101,Loikaw,*,*
Urban/Rural,4-Wheel tractor,*,*
*,Yes,No,Total
 Urban,494,9928,10422
 Rural,1964,14109,16073
 Total,2458,24037,26495
NotApp :,304,*,*
AREA # 020102,Dimawso,*,*
Urban/Rural,4-Wheel tractor,*,*
*,Yes,No,Total
 Urban,125,1012,1137
 Rural,1951,12259,14210
 Total,2076,13271,15347
NotApp :,105,*,*
AREA # 020103,Phruso,*,*
Urban/Rural,4-Wheel tractor,*,*
*,Yes,No,Total
 Urban,57,796,853
 Rural,414,4643,5057
 Total,471,5439,5910
NotApp :,78,*,*
AREA # 020104,Shardaw,*,*
Urban/Rural,4-Wheel tractor,*,*
*,Yes,No,Total
 Urban,12,324,336
 Rural,7,1063,1070
 Total,19,1387,1406
NotApp :,28,*,*
AREA # 020201,Bawlakhe,*,*
Urban/Rural,4-Wheel tractor,*,*
*,Yes,No,Total
 Urban,25,814,839
 Rural,30,720,750
 Total,55,1534,1589
NotApp :,81,*,*
AREA # 020202,Parsaung,*,*
Urban/Rural,4-Wheel tractor,*,*
*,Yes,No,Total
 Urban,20,574,594
 Rural,28,4111,4139
 Total,48,4685,4733
NotApp :,302,*,*
AREA # 020203,Meisi,*,*
Urban/Rural,4-Wheel tractor,*,*
*,Yes,No,Total
 Urban,14,181,195
 Rural,73,1034,1107
 Total,87,1215,1302
NotApp :,55,*,*
AREA # 020251,Ywathit(ST),*,*
Urban/Rural,4-Wheel tractor,*,*
*,Yes,No,Total
 Urban,11,281,292
 Rural,4,196,200
 Total,15,477,492
NotApp :,30,*,*
AREA # 030101,Hpa-an,*,*
Urban/Rural,4-Wheel tractor,*,*
*,Yes,No,Total
 Urban,198,14570,14768
 Rural,4133,70296,74429
 Total,4331,84866,89197
NotApp :,1176,*,*
AREA # 030102,Hlaingbwe,*,*
Urban/Rural,4-Wheel tractor,*,*
*,Yes,No,Total
 Urban,44,2235,2279
 Rural,1409,27898,29307
 Total,1453,30133,31586
NotApp :,379,*,*
AREA # 030103,Thandaunggyi,*,*
Urban/Rural,4-Wheel tractor,*,*
*,Yes,No,Total
 Urban,10,3052,3062
 Rural,3,2744,2747
 Total,13,5796,5809
NotApp :,36,*,*
AREA # 030151,Paingkyon(ST),*,*
Urban/Rural,4-Wheel tractor,*,*
*,Yes,No,Total
 Urban,74,733,807
 Rural,1583,15388,16971
 Total,1657,16121,17778
NotApp :,210,*,*
AREA # 030152,Shan Ywathit(ST),*,*
Urban/Rural,4-Wheel tractor,*,*
*,Yes,No,Total
 Urban,3,80,83
 Rural,15,3658,3673
 Total,18,3738,3756
NotApp :,29,*,*
AREA # 030153,Leiktho(ST),*,*
Urban/Rural,4-Wheel tractor,*,*
*,Yes,No,Total
 Urban,5,602,607
 Rural,19,9300,9319
 Total,24,9902,9926
NotApp :,73,*,*
AREA # 030154,Bawgali(ST),*,*
Urban/Rural,4-Wheel tractor,*,*
*,Yes,No,Total
 Urban,-,436,436
 Rural,1,2968,2969
 Total,1,3404,3405
NotApp :,7,*,*
AREA # 030201,Pharpon,*,*
Urban/Rural,4-Wheel tractor,*,*
*,Yes,No,Total
 Urban,7,626,633
 Rural,5,1906,1911
 Total,12,2532,2544
NotApp :,108,*,*
AREA # 030251,Kamamaung(ST},*,*
Urban/Rural,4-Wheel tractor,*,*
*,Yes,No,Total
 Urban,19,2730,2749
 Rural,13,1196,1209
 Total,32,3926,3958
NotApp :,52,*,*
AREA # 030301,Myawady,*,*
Urban/Rural,4-Wheel tractor,*,*
*,Yes,No,Total
 Urban,187,23829,24016
 Rural,2133,15109,17242
 Total,2320,38938,41258
NotApp :,937,*,*
AREA # 030351,Sugali(ST),*,*
Urban/Rural,4-Wheel tractor,*,*
*,Yes,No,Total
 Urban,23,52,75
 Rural,194,792,986
 Total,217,844,1061
NotApp :,24,*,*
AREA # 030352,Wawlaymyaing(ST),*,*
Urban/Rural,4-Wheel tractor,*,*
*,Yes,No,Total
 Urban,62,515,577
 Rural,375,745,1120
 Total,437,1260,1697
NotApp :,44,*,*
AREA # 030401,Kawkareik,*,*
Urban/Rural,4-Wheel tractor,*,*
*,Yes,No,Total
 Urban,224,8258,8482
 Rural,4440,32576,37016
 Total,4664,40834,45498
NotApp :,393,*,*
AREA # 030402,Kyarinseikkyi,*,*
Urban/Rural,4-Wheel tractor,*,*
*,Yes,No,Total
 Urban,16,1801,1817
 Rural,672,19551,20223
 Total,688,21352,22040
NotApp :,270,*,*
AREA # 030451,Payarthonezu(ST),*,*
Urban/Rural,4-Wheel tractor,*,*
*,Yes,No,Total
 Urban,18,6078,6096
 Rural,350,11349,11699
 Total,368,17427,17795
NotApp :,271,*,*
AREA # 030452,Kyaidon(ST),*,*
Urban/Rural,4-Wheel tractor,*,*
*,Yes,No,Total
 Urban,50,630,680
 Rural,1777,8276,10053
 Total,1827,8906,10733
NotApp :,114,*,*
AREA # 040101,HaKa,*,*
Urban/Rural,4-Wheel tractor,*,*
*,Yes,No,Total
 Urban,24,5197,5221
 Rural,17,4679,4696
 Total,41,9876,9917
NotApp :,107,*,*
AREA # 040102,Thantlang,*,*
Urban/Rural,4-Wheel tractor,*,*
*,Yes,No,Total
 Urban,14,1493,1507
 Rural,46,8229,8275
 Total,60,9722,9782
NotApp :,38,*,*
AREA # 040201,Falam,*,*
Urban/Rural,4-Wheel tractor,*,*
*,Yes,No,Total
 Urban,10,1992,2002
 Rural,11,6415,6426
 Total,21,8407,8428
NotApp :,60,*,*
AREA # 040202,Tedim,*,*
Urban/Rural,4-Wheel tractor,*,*
*,Yes,No,Total
 Urban,12,2238,2250
 Rural,62,12371,12433
 Total,74,14609,14683
NotApp :,65,*,*
AREA # 040203,Tonzaung,*,*
Urban/Rural,4-Wheel tractor,*,*
*,Yes,No,Total
 Urban,2,638,640
 Rural,3,2768,2771
 Total,5,3406,3411
NotApp :,37,*,*
AREA # 040251,Rihkhuadal(ST),*,*
Urban/Rural,4-Wheel tractor,*,*
*,Yes,No,Total
 Urban,3,667,670
 Rural,-,528,528
 Total,3,1195,1198
NotApp :,12,*,*
AREA # 040252,Cikha(ST),*,*
Urban/Rural,4-Wheel tractor,*,*
*,Yes,No,Total
 Urban,1,214,215
 Rural,-,1315,1315
 Total,1,1529,1530
NotApp :,6,*,*
AREA # 040301,Mindat,*,*
Urban/Rural,4-Wheel tractor,*,*
*,Yes,No,Total
 Urban,8,2335,2343
 Rural,3,6176,6179
 Total,11,8511,8522
NotApp :,95,*,*
AREA # 040302,Matupi,*,*
Urban/Rural,4-Wheel tractor,*,*
*,Yes,No,Total
 Urban,11,1659,1670
 Rural,9,5957,5966
 Total,20,7616,7636
NotApp :,43,*,*
AREA # 040303,Kanpalet,*,*
Urban/Rural,4-Wheel tractor,*,*
*,Yes,No,Total
 Urban,4,803,807
 Rural,-,3170,3170
 Total,4,3973,3977
NotApp :,66,*,*
AREA # 040304,Paletwat,*,*
Urban/Rural,4-Wheel tractor,*,*
*,Yes,No,Total
 Urban,-,1350,1350
 Rural,15,11928,11943
 Total,15,13278,13293
NotApp :,86,*,*
AREA # 040351,Reazu(ST),*,*
Urban/Rural,4-Wheel tractor,*,*
*,Yes,No,Total
 Urban,-,462,462
 Rural,9,2050,2059
 Total,9,2512,2521
NotApp :,14,*,*
AREA # 040352,Sami(ST),*,*
Urban/Rural,4-Wheel tractor,*,*
*,Yes,No,Total
 Urban,-,633,633
 Rural,2,5588,5590
 Total,2,6221,6223
NotApp :,100,*,*
AREA # 050101,Sagaing,*,*
Urban/Rural,4-Wheel tractor,*,*
*,Yes,No,Total
 Urban,182,16314,16496
 Rural,619,48028,48647
 Total,801,64342,65143
NotApp :,1842,*,*
AREA # 050102,Myinmu,*,*
Urban/Rural,4-Wheel tractor,*,*
*,Yes,No,Total
 Urban,90,3541,3631
 Rural,368,21305,21673
 Total,458,24846,25304
NotApp :,264,*,*
AREA # 050103,Myaung,*,*
Urban/Rural,4-Wheel tractor,*,*
*,Yes,No,Total
 Urban,28,1925,1953
 Rural,296,22013,22309
 Total,324,23938,24262
NotApp :,350,*,*
AREA # 050201,Shwebo,*,*
Urban/Rural,4-Wheel tractor,*,*
*,Yes,No,Total
 Urban,365,13166,13531
 Rural,1824,34892,36716
 Total,2189,48058,50247
NotApp :,467,*,*
AREA # 050202,Khin U,*,*
Urban/Rural,4-Wheel tractor,*,*
*,Yes,No,Total
 Urban,60,2231,2291
 Rural,495,29838,30333
 Total,555,32069,32624
NotApp :,271,*,*
AREA # 050203,Wetlet,*,*
Urban/Rural,4-Wheel tractor,*,*
*,Yes,No,Total
 Urban,71,2235,2306
 Rural,738,43668,44406
 Total,809,45903,46712
NotApp :,437,*,*
AREA # 050204,Kambalu,*,*
Urban/Rural,4-Wheel tractor,*,*
*,Yes,No,Total
 Urban,71,5112,5183
 Rural,483,55660,56143
 Total,554,60772,61326
NotApp :,537,*,*
AREA # 050205,Kyunhlau,*,*
Urban/Rural,4-Wheel tractor,*,*
*,Yes,No,Total
 Urban,35,2464,2499
 Rural,126,18238,18364
 Total,161,20702,20863
NotApp :,224,*,*
AREA # 050206,Ye U,*,*
Urban/Rural,4-Wheel tractor,*,*
*,Yes,No,Total
 Urban,105,3860,3965
 Rural,247,22161,22408
 Total,352,26021,26373
NotApp :,308,*,*
AREA # 050207,Depayin,*,*
Urban/Rural,4-Wheel tractor,*,*
*,Yes,No,Total
 Urban,20,935,955
 Rural,346,29044,29390
 Total,366,29979,30345
NotApp :,367,*,*
AREA # 050208,Tasei,*,*
Urban/Rural,4-Wheel tractor,*,*
*,Yes,No,Total
 Urban,71,2901,2972
 Rural,299,32666,32965
 Total,370,35567,35937
NotApp :,328,*,*
AREA # 050251,Kyaukmyaung(ST),*,*
Urban/Rural,4-Wheel tractor,*,*
*,Yes,No,Total
 Urban,48,2258,2306
 Rural,36,4708,4744
 Total,84,6966,7050
NotApp :,65,*,*
AREA # 050301,Monywa,*,*
Urban/Rural,4-Wheel tractor,*,*
*,Yes,No,Total
 Urban,1022,39384,40406
 Rural,599,34957,35556
 Total,1621,74341,75962
NotApp :,1167,*,*
AREA # 050302,Butalin,*,*
Urban/Rural,4-Wheel tractor,*,*
*,Yes,No,Total
 Urban,7,1186,1193
 Rural,231,27192,27423
 Total,238,28378,28616
NotApp :,389,*,*
AREA # 050303,Ayartaw,*,*
Urban/Rural,4-Wheel tractor,*,*
*,Yes,No,Total
 Urban,44,2111,2155
 Rural,418,33018,33436
 Total,462,35129,35591
NotApp :,378,*,*
AREA # 050304,Chaung Oo,*,*
Urban/Rural,4-Wheel tractor,*,*
*,Yes,No,Total
 Urban,111,4970,5081
 Rural,660,17635,18295
 Total,771,22605,23376
NotApp :,254,*,*
AREA # 050401,Katha,*,*
Urban/Rural,4-Wheel tractor,*,*
*,Yes,No,Total
 Urban,154,5109,5263
 Rural,769,25929,26698
 Total,923,31038,31961
NotApp :,447,*,*
AREA # 050402,Indaw,*,*
Urban/Rural,4-Wheel tractor,*,*
*,Yes,No,Total
 Urban,63,1779,1842
 Rural,511,20877,21388
 Total,574,22656,23230
NotApp :,320,*,*
AREA # 050403,Tigyaing,*,*
Urban/Rural,4-Wheel tractor,*,*
*,Yes,No,Total
 Urban,88,2982,3070
 Rural,556,22763,23319
 Total,644,25745,26389
NotApp :,279,*,*
AREA # 050404,Banmauk,*,*
Urban/Rural,4-Wheel tractor,*,*
*,Yes,No,Total
 Urban,26,1186,1212
 Rural,194,17462,17656
 Total,220,18648,18868
NotApp :,678,*,*
AREA # 050405,Kawlin,*,*
Urban/Rural,4-Wheel tractor,*,*
*,Yes,No,Total
 Urban,144,4425,4569
 Rural,705,26129,26834
 Total,849,30554,31403
NotApp :,408,*,*
AREA # 050406,Wuntho,*,*
Urban/Rural,4-Wheel tractor,*,*
*,Yes,No,Total
 Urban,73,2517,2590
 Rural,195,11420,11615
 Total,268,13937,14205
NotApp :,321,*,*
AREA # 050407,Pinlebu,*,*
Urban/Rural,4-Wheel tractor,*,*
*,Yes,No,Total
 Urban,48,1421,1469
 Rural,333,20098,20431
 Total,381,21519,21900
NotApp :,382,*,*
AREA # 050501,Kalay,*,*
Urban/Rural,4-Wheel tractor,*,*
*,Yes,No,Total
 Urban,430,25291,25721
 Rural,588,46460,47048
 Total,1018,71751,72769
NotApp :,551,*,*
AREA # 050502,Kalewa,*,*
Urban/Rural,4-Wheel tractor,*,*
*,Yes,No,Total
 Urban,35,1918,1953
 Rural,33,9749,9782
 Total,68,11667,11735
NotApp :,183,*,*
AREA # 050503,Mingin,*,*
Urban/Rural,4-Wheel tractor,*,*
*,Yes,No,Total
 Urban,19,817,836
 Rural,83,21139,21222
 Total,102,21956,22058
NotApp :,359,*,*
AREA # 050601,Tamu,*,*
Urban/Rural,4-Wheel tractor,*,*
*,Yes,No,Total
 Urban,110,8879,8989
 Rural,28,2969,2997
 Total,138,11848,11986
NotApp :,97,*,*
AREA # 050651,Myothit(ST),*,*
Urban/Rural,4-Wheel tractor,*,*
*,Yes,No,Total
 Urban,7,301,308
 Rural,35,2754,2789
 Total,42,3055,3097
NotApp :,38,*,*
AREA # 050652,Khampat(ST),*,*
Urban/Rural,4-Wheel tractor,*,*
*,Yes,No,Total
 Urban,40,2798,2838
 Rural,54,4616,4670
 Total,94,7414,7508
NotApp :,25,*,*
AREA # 050701,Mawlaik,*,*
Urban/Rural,4-Wheel tractor,*,*
*,Yes,No,Total
 Urban,15,1809,1824
 Rural,67,8454,8521
 Total,82,10263,10345
NotApp :,173,*,*
AREA # 050702,Phaungpyin,*,*
Urban/Rural,4-Wheel tractor,*,*
*,Yes,No,Total
 Urban,89,1853,1942
 Rural,1092,17212,18304
 Total,1181,19065,20246
NotApp :,277,*,*
AREA # 050801,Hkamti,*,*
Urban/Rural,4-Wheel tractor,*,*
*,Yes,No,Total
 Urban,22,2161,2183
 Rural,22,5156,5178
 Total,44,7317,7361
NotApp :,521,*,*
AREA # 050802,Homalin,*,*
Urban/Rural,4-Wheel tractor,*,*
*,Yes,No,Total
 Urban,121,3454,3575
 Rural,1581,30587,32168
 Total,1702,34041,35743
NotApp :,1266,*,*
AREA # 050803,Leshi,*,*
Urban/Rural,4-Wheel tractor,*,*
*,Yes,No,Total
 Urban,4,249,253
 Rural,-,1403,1403
 Total,4,1652,1656
NotApp :,53,*,*
AREA # 050804,Lahe,*,*
Urban/Rural,4-Wheel tractor,*,*
*,Yes,No,Total
 Urban,5,533,538
 Rural,1,6438,6439
 Total,6,6971,6977
NotApp :,37,*,*
AREA # 050805,Nanyun,*,*
Urban/Rural,4-Wheel tractor,*,*
*,Yes,No,Total
 Urban,6,369,375
 Rural,2,1191,1193
 Total,8,1560,1568
NotApp :,17,*,*
AREA # 050851,Mobaingluk(ST),*,*
Urban/Rural,4-Wheel tractor,*,*
*,Yes,No,Total
 Urban,1,209,210
 Rural,-,100,100
 Total,1,309,310
NotApp :,2,*,*
AREA # 050852,Sonemara(ST),*,*
Urban/Rural,4-Wheel tractor,*,*
*,Yes,No,Total
 Urban,1,285,286
 Rural,-,908,908
 Total,1,1193,1194
NotApp :,10,*,*
AREA # 050853,Htanparkway(ST),*,*
Urban/Rural,4-Wheel tractor,*,*
*,Yes,No,Total
 Urban,-,128,128
 Rural,-,633,633
 Total,-,761,761
NotApp :,9,*,*
AREA # 050854,Pansaung(ST),*,*
Urban/Rural,4-Wheel tractor,*,*
*,Yes,No,Total
 Urban,8,330,338
 Rural,-,2011,2011
 Total,8,2341,2349
NotApp :,5,*,*
AREA # 050855,Donhee(ST),*,*
Urban/Rural,4-Wheel tractor,*,*
*,Yes,No,Total
 Urban,-,169,169
 Rural,1,3753,3754
 Total,1,3922,3923
NotApp :,10,*,*
AREA # 050901,Yinmarpin,*,*
Urban/Rural,4-Wheel tractor,*,*
*,Yes,No,Total
 Urban,16,1061,1077
 Rural,480,27975,28455
 Total,496,29036,29532
NotApp :,265,*,*
AREA # 050902,Salingyi,*,*
Urban/Rural,4-Wheel tractor,*,*
*,Yes,No,Total
 Urban,5,1217,1222
 Rural,322,24923,25245
 Total,327,26140,26467
NotApp :,384,*,*
AREA # 050903,Palae,*,*
Urban/Rural,4-Wheel tractor,*,*
*,Yes,No,Total
 Urban,17,914,931
 Rural,228,31203,31431
 Total,245,32117,32362
NotApp :,338,*,*
AREA # 050904,Kani,*,*
Urban/Rural,4-Wheel tractor,*,*
*,Yes,No,Total
 Urban,12,1126,1138
 Rural,159,27926,28085
 Total,171,29052,29223
NotApp :,351,*,*
AREA # 060101,Dawei,*,*
Urban/Rural,4-Wheel tractor,*,*
*,Yes,No,Total
 Urban,356,15026,15382
 Rural,355,9206,9561
 Total,711,24232,24943
NotApp :,551,*,*
AREA # 060102,Lounglon,*,*
Urban/Rural,4-Wheel tractor,*,*
*,Yes,No,Total
 Urban,46,1194,1240
 Rural,1402,23093,24495
 Total,1448,24287,25735
NotApp :,291,*,*
AREA # 060103,Thayetchaung,*,*
Urban/Rural,4-Wheel tractor,*,*
*,Yes,No,Total
 Urban,90,2317,2407
 Rural,803,19664,20467
 Total,893,21981,22874
NotApp :,255,*,*
AREA # 060104,Yebyu,*,*
Urban/Rural,4-Wheel tractor,*,*
*,Yes,No,Total
 Urban,41,1036,1077
 Rural,557,20439,20996
 Total,598,21475,22073
NotApp :,316,*,*
AREA # 060151,Myitta(ST),*,*
Urban/Rural,4-Wheel tractor,*,*
*,Yes,No,Total
 Urban,8,488,496
 Rural,29,3665,3694
 Total,37,4153,4190
NotApp :,72,*,*
AREA # 060152,Kaleinaung(ST),*,*
Urban/Rural,4-Wheel tractor,*,*
*,Yes,No,Total
 Urban,8,616,624
 Rural,22,3631,3653
 Total,30,4247,4277
NotApp :,141,*,*
AREA # 060201,Myeik,*,*
Urban/Rural,4-Wheel tractor,*,*
*,Yes,No,Total
 Urban,115,21433,21548
 Rural,589,32212,32801
 Total,704,53645,54349
NotApp :,763,*,*
AREA # 060202,Kyunsu,*,*
Urban/Rural,4-Wheel tractor,*,*
*,Yes,No,Total
 Urban,6,1136,1142
 Rural,152,31694,31846
 Total,158,32830,32988
NotApp :,330,*,*
AREA # 060203,Palaw,*,*
Urban/Rural,4-Wheel tractor,*,*
*,Yes,No,Total
 Urban,124,3447,3571
 Rural,510,14444,14954
 Total,634,17891,18525
NotApp :,178,*,*
AREA # 060204,Tanintharyi,*,*
Urban/Rural,4-Wheel tractor,*,*
*,Yes,No,Total
 Urban,9,1117,1126
 Rural,153,18650,18803
 Total,162,19767,19929
NotApp :,325,*,*
AREA # 060251,Palauk(ST),*,*
Urban/Rural,4-Wheel tractor,*,*
*,Yes,No,Total
 Urban,24,1187,1211
 Rural,117,5800,5917
 Total,141,6987,7128
NotApp :,45,*,*
AREA # 060301,Kawthoung,*,*
Urban/Rural,4-Wheel tractor,*,*
*,Yes,No,Total
 Urban,40,12540,12580
 Rural,74,12827,12901
 Total,114,25367,25481
NotApp :,367,*,*
AREA # 060302,Bokepyin,*,*
Urban/Rural,4-Wheel tractor,*,*
*,Yes,No,Total
 Urban,14,1033,1047
 Rural,8,7821,7829
 Total,22,8854,8876
NotApp :,187,*,*
AREA # 060351,Khamaukgyi,*,*
Urban/Rural,4-Wheel tractor,*,*
*,Yes,No,Total
 Urban,10,2345,2355
 Rural,31,2479,2510
 Total,41,4824,4865
NotApp :,126,*,*
AREA # 060352,Pyigyimandaing,*,*
Urban/Rural,4-Wheel tractor,*,*
*,Yes,No,Total
 Urban,3,712,715
 Rural,8,2381,2389
 Total,11,3093,3104
NotApp :,91,*,*
AREA # 060353,Karathuri(ST),*,*
Urban/Rural,4-Wheel tractor,*,*
*,Yes,No,Total
 Urban,4,282,286
 Rural,1,3475,3476
 Total,5,3757,3762
NotApp :,102,*,*
AREA # 070101,Bago,*,*
Urban/Rural,4-Wheel tractor,*,*
*,Yes,No,Total
 Urban,408,54484,54892
 Rural,544,51696,52240
 Total,952,106180,107132
NotApp :,1161,*,*
AREA # 070102,Tanatpin,*,*
Urban/Rural,4-Wheel tractor,*,*
*,Yes,No,Total
 Urban,57,3572,3629
 Rural,833,28065,28898
 Total,890,31637,32527
NotApp :,222,*,*
AREA # 070103,Kawa,*,*
Urban/Rural,4-Wheel tractor,*,*
*,Yes,No,Total
 Urban,120,4134,4254
 Rural,1723,40098,41821
 Total,1843,44232,46075
NotApp :,248,*,*
AREA # 070104,Waw,*,*
Urban/Rural,4-Wheel tractor,*,*
*,Yes,No,Total
 Urban,83,4963,5046
 Rural,1523,30514,32037
 Total,1606,35477,37083
NotApp :,296,*,*
AREA # 070105,Nyaunglebin,*,*
Urban/Rural,4-Wheel tractor,*,*
*,Yes,No,Total
 Urban,359,12703,13062
 Rural,1471,30229,31700
 Total,1830,42932,44762
NotApp :,311,*,*
AREA # 070106,Kyauktaga,*,*
Urban/Rural,4-Wheel tractor,*,*
*,Yes,No,Total
 Urban,182,6691,6873
 Rural,1739,43036,44775
 Total,1921,49727,51648
NotApp :,363,*,*
AREA # 070107,Daik U,*,*
Urban/Rural,4-Wheel tractor,*,*
*,Yes,No,Total
 Urban,188,8552,8740
 Rural,922,36091,37013
 Total,1110,44643,45753
NotApp :,339,*,*
AREA # 070108,Shwegyin,*,*
Urban/Rural,4-Wheel tractor,*,*
*,Yes,No,Total
 Urban,47,4818,4865
 Rural,314,16603,16917
 Total,361,21421,21782
NotApp :,240,*,*
AREA # 070201,Toungoo,*,*
Urban/Rural,4-Wheel tractor,*,*
*,Yes,No,Total
 Urban,244,21656,21900
 Rural,594,34966,35560
 Total,838,56622,57460
NotApp :,871,*,*
AREA # 070202,Yaedashe,*,*
Urban/Rural,4-Wheel tractor,*,*
*,Yes,No,Total
 Urban,92,5863,5955
 Rural,373,44199,44572
 Total,465,50062,50527
NotApp :,460,*,*
AREA # 070203,Kyaukkyi,*,*
Urban/Rural,4-Wheel tractor,*,*
*,Yes,No,Total
 Urban,34,2224,2258
 Rural,298,20327,20625
 Total,332,22551,22883
NotApp :,203,*,*
AREA # 070204,Pyu,*,*
Urban/Rural,4-Wheel tractor,*,*
*,Yes,No,Total
 Urban,256,13571,13827
 Rural,968,40136,41104
 Total,1224,53707,54931
NotApp :,386,*,*
AREA # 070205,Oatwin,*,*
Urban/Rural,4-Wheel tractor,*,*
*,Yes,No,Total
 Urban,53,3156,3209
 Rural,569,33092,33661
 Total,622,36248,36870
NotApp :,276,*,*
AREA # 070206,Htantapin,*,*
Urban/Rural,4-Wheel tractor,*,*
*,Yes,No,Total
 Urban,48,2328,2376
 Rural,396,24009,24405
 Total,444,26337,26781
NotApp :,169,*,*
AREA # 070301,Pyay,*,*
Urban/Rural,4-Wheel tractor,*,*
*,Yes,No,Total
 Urban,175,28640,28815
 Rural,423,29319,29742
 Total,598,57959,58557
NotApp :,1014,*,*
AREA # 070302,Paukkhaung,*,*
Urban/Rural,4-Wheel tractor,*,*
*,Yes,No,Total
 Urban,47,3559,3606
 Rural,192,28549,28741
 Total,239,32108,32347
NotApp :,302,*,*
AREA # 070303,Padaung,*,*
Urban/Rural,4-Wheel tractor,*,*
*,Yes,No,Total
 Urban,59,4409,4468
 Rural,387,34037,34424
 Total,446,38446,38892
NotApp :,412,*,*
AREA # 070304,Paunde,*,*
Urban/Rural,4-Wheel tractor,*,*
*,Yes,No,Total
 Urban,140,6341,6481
 Rural,264,29955,30219
 Total,404,36296,36700
NotApp :,296,*,*
AREA # 070305,Thegon,*,*
Urban/Rural,4-Wheel tractor,*,*
*,Yes,No,Total
 Urban,92,4174,4266
 Rural,362,31322,31684
 Total,454,35496,35950
NotApp :,304,*,*
AREA # 070306,Shwedaung,*,*
Urban/Rural,4-Wheel tractor,*,*
*,Yes,No,Total
 Urban,66,4452,4518
 Rural,257,28789,29046
 Total,323,33241,33564
NotApp :,368,*,*
AREA # 070401,Tharyarwaddy,*,*
Urban/Rural,4-Wheel tractor,*,*
*,Yes,No,Total
 Urban,151,8013,8164
 Rural,592,27870,28462
 Total,743,35883,36626
NotApp :,285,*,*
AREA # 070402,Letpadan,*,*
Urban/Rural,4-Wheel tractor,*,*
*,Yes,No,Total
 Urban,136,5599,5735
 Rural,792,36957,37749
 Total,928,42556,43484
NotApp :,336,*,*
AREA # 070403,Minhla,*,*
Urban/Rural,4-Wheel tractor,*,*
*,Yes,No,Total
 Urban,80,2622,2702
 Rural,434,27758,28192
 Total,514,30380,30894
NotApp :,231,*,*
AREA # 070404,Okpo,*,*
Urban/Rural,4-Wheel tractor,*,*
*,Yes,No,Total
 Urban,70,2730,2800
 Rural,445,28649,29094
 Total,515,31379,31894
NotApp :,283,*,*
AREA # 070405,Zigon,*,*
Urban/Rural,4-Wheel tractor,*,*
*,Yes,No,Total
 Urban,86,3881,3967
 Rural,186,14057,14243
 Total,272,17938,18210
NotApp :,160,*,*
AREA # 070406,Nattalin,*,*
Urban/Rural,4-Wheel tractor,*,*
*,Yes,No,Total
 Urban,120,4522,4642
 Rural,507,40620,41127
 Total,627,45142,45769
NotApp :,317,*,*
AREA # 070407,Monyo,*,*
Urban/Rural,4-Wheel tractor,*,*
*,Yes,No,Total
 Urban,37,2343,2380
 Rural,261,30646,30907
 Total,298,32989,33287
NotApp :,232,*,*
AREA # 070408,Gyobingauk,*,*
Urban/Rural,4-Wheel tractor,*,*
*,Yes,No,Total
 Urban,119,5465,5584
 Rural,351,24651,25002
 Total,470,30116,30586
NotApp :,233,*,*
AREA # 080101,Magway,*,*
Urban/Rural,4-Wheel tractor,*,*
*,Yes,No,Total
 Urban,240,19630,19870
 Rural,309,48498,48807
 Total,549,68128,68677
NotApp :,1053,*,*
AREA # 080102,Yenangyoung,*,*
Urban/Rural,4-Wheel tractor,*,*
*,Yes,No,Total
 Urban,49,10627,10676
 Rural,145,21679,21824
 Total,194,32306,32500
NotApp :,490,*,*
AREA # 080103,Chauk,*,*
Urban/Rural,4-Wheel tractor,*,*
*,Yes,No,Total
 Urban,62,10339,10401
 Rural,178,34039,34217
 Total,240,44378,44618
NotApp :,539,*,*
AREA # 080104,Taungdwingyi,*,*
Urban/Rural,4-Wheel tractor,*,*
*,Yes,No,Total
 Urban,82,9973,10055
 Rural,279,49929,50208
 Total,361,59902,60263
NotApp :,426,*,*
AREA # 080105,Myothit,*,*
Urban/Rural,4-Wheel tractor,*,*
*,Yes,No,Total
 Urban,24,1722,1746
 Rural,164,35038,35202
 Total,188,36760,36948
NotApp :,339,*,*
AREA # 080106,Natmauk,*,*
Urban/Rural,4-Wheel tractor,*,*
*,Yes,No,Total
 Urban,44,3130,3174
 Rural,233,45019,45252
 Total,277,48149,48426
NotApp :,396,*,*
AREA # 080201,Minbu,*,*
Urban/Rural,4-Wheel tractor,*,*
*,Yes,No,Total
 Urban,133,9057,9190
 Rural,442,34185,34627
 Total,575,43242,43817
NotApp :,551,*,*
AREA # 080202,Pwint Phyu,*,*
Urban/Rural,4-Wheel tractor,*,*
*,Yes,No,Total
 Urban,38,1416,1454
 Rural,1020,37290,38310
 Total,1058,38706,39764
NotApp :,475,*,*
AREA # 080203,Ngape,*,*
Urban/Rural,4-Wheel tractor,*,*
*,Yes,No,Total
 Urban,14,965,979
 Rural,111,11367,11478
 Total,125,12332,12457
NotApp :,159,*,*
AREA # 080204,Salin,*,*
Urban/Rural,4-Wheel tractor,*,*
*,Yes,No,Total
 Urban,96,2690,2786
 Rural,941,51878,52819
 Total,1037,54568,55605
NotApp :,631,*,*
AREA # 080205,Saytottara,*,*
Urban/Rural,4-Wheel tractor,*,*
*,Yes,No,Total
 Urban,7,1518,1525
 Rural,11,9244,9255
 Total,18,10762,10780
NotApp :,279,*,*
AREA # 080301,Thayet,*,*
Urban/Rural,4-Wheel tractor,*,*
*,Yes,No,Total
 Urban,38,4525,4563
 Rural,61,21348,21409
 Total,99,25873,25972
NotApp :,302,*,*
AREA # 080302,Minhla,*,*
Urban/Rural,4-Wheel tractor,*,*
*,Yes,No,Total
 Urban,33,2948,2981
 Rural,139,28502,28641
 Total,172,31450,31622
NotApp :,346,*,*
AREA # 080303,Mindon,*,*
Urban/Rural,4-Wheel tractor,*,*
*,Yes,No,Total
 Urban,9,1261,1270
 Rural,61,15478,15539
 Total,70,16739,16809
NotApp :,207,*,*
AREA # 080304,Kamma,*,*
Urban/Rural,4-Wheel tractor,*,*
*,Yes,No,Total
 Urban,16,1278,1294
 Rural,136,17713,17849
 Total,152,18991,19143
NotApp :,208,*,*
AREA # 080305,Aunglan,*,*
Urban/Rural,4-Wheel tractor,*,*
*,Yes,No,Total
 Urban,180,11445,11625
 Rural,278,45706,45984
 Total,458,57151,57609
NotApp :,479,*,*
AREA # 080306,Sinpaungwe`,*,*
Urban/Rural,4-Wheel tractor,*,*
*,Yes,No,Total
 Urban,3,1278,1281
 Rural,90,27313,27403
 Total,93,28591,28684
NotApp :,290,*,*
AREA # 080401,Pakokku,*,*
Urban/Rural,4-Wheel tractor,*,*
*,Yes,No,Total
 Urban,232,18837,19069
 Rural,344,46927,47271
 Total,576,65764,66340
NotApp :,723,*,*
AREA # 080402,Yesagyo,*,*
Urban/Rural,4-Wheel tractor,*,*
*,Yes,No,Total
 Urban,52,4847,4899
 Rural,499,41934,42433
 Total,551,46781,47332
NotApp :,485,*,*
AREA # 080403,Myaing,*,*
Urban/Rural,4-Wheel tractor,*,*
*,Yes,No,Total
 Urban,28,1773,1801
 Rural,295,51545,51840
 Total,323,53318,53641
NotApp :,502,*,*
AREA # 080404,Pauk,*,*
Urban/Rural,4-Wheel tractor,*,*
*,Yes,No,Total
 Urban,3,1698,1701
 Rural,110,37154,37264
 Total,113,38852,38965
NotApp :,326,*,*
AREA # 080405,Seikphyu,*,*
Urban/Rural,4-Wheel tractor,*,*
*,Yes,No,Total
 Urban,26,2103,2129
 Rural,108,21190,21298
 Total,134,23293,23427
NotApp :,208,*,*
AREA # 080501,Gangaw,*,*
Urban/Rural,4-Wheel tractor,*,*
*,Yes,No,Total
 Urban,49,3209,3258
 Rural,413,26241,26654
 Total,462,29450,29912
NotApp :,303,*,*
AREA # 080502,Htilin,*,*
Urban/Rural,4-Wheel tractor,*,*
*,Yes,No,Total
 Urban,16,1107,1123
 Rural,45,9364,9409
 Total,61,10471,10532
NotApp :,182,*,*
AREA # 080503,Saw,*,*
Urban/Rural,4-Wheel tractor,*,*
*,Yes,No,Total
 Urban,16,1245,1261
 Rural,62,7002,7064
 Total,78,8247,8325
NotApp :,212,*,*
AREA # 080551,Kyaukhtu(ST),*,*
Urban/Rural,4-Wheel tractor,*,*
*,Yes,No,Total
 Urban,9,1131,1140
 Rural,16,6453,6469
 Total,25,7584,7609
NotApp :,103,*,*
AREA # 090101,Aungmyetharzan,*,*
Urban/Rural,4-Wheel tractor,*,*
*,Yes,No,Total
 Urban,392,49339,49731
 Total,392,49339,49731
NotApp :,971,*,*
AREA # 090102,Chanayeharzan,*,*
Urban/Rural,4-Wheel tractor,*,*
*,Yes,No,Total
 Urban,166,33115,33281
 Total,166,33115,33281
NotApp :,1883,*,*
AREA # 090103,Mahaaungmye,*,*
Urban/Rural,4-Wheel tractor,*,*
*,Yes,No,Total
 Urban,252,41675,41927
 Total,252,41675,41927
NotApp :,754,*,*
AREA # 090104,Chanmyatharzi,*,*
Urban/Rural,4-Wheel tractor,*,*
*,Yes,No,Total
 Urban,432,52615,53047
 Total,432,52615,53047
NotApp :,901,*,*
AREA # 090105,Pyigyidagun,*,*
Urban/Rural,4-Wheel tractor,*,*
*,Yes,No,Total
 Urban,505,43370,43875
 Total,505,43370,43875
NotApp :,1032,*,*
AREA # 090106,Amarapura,*,*
Urban/Rural,4-Wheel tractor,*,*
*,Yes,No,Total
 Urban,117,16513,16630
 Rural,1394,31602,32996
 Total,1511,48115,49626
NotApp :,572,*,*
AREA # 090107,Patheingyi,*,*
Urban/Rural,4-Wheel tractor,*,*
*,Yes,No,Total
 Urban,43,2659,2702
 Rural,1456,48832,50288
 Total,1499,51491,52990
NotApp :,902,*,*
AREA # 090201,Pyin Oo Lwin,*,*
Urban/Rural,4-Wheel tractor,*,*
*,Yes,No,Total
 Urban,639,31302,31941
 Rural,1004,20437,21441
 Total,1643,51739,53382
NotApp :,962,*,*
AREA # 090202,Madaya,*,*
Urban/Rural,4-Wheel tractor,*,*
*,Yes,No,Total
 Urban,236,5075,5311
 Rural,1900,51434,53334
 Total,2136,56509,58645
NotApp :,508,*,*
AREA # 090203,Sinku,*,*
Urban/Rural,4-Wheel tractor,*,*
*,Yes,No,Total
 Urban,29,1703,1732
 Rural,638,32163,32801
 Total,667,33866,34533
NotApp :,281,*,*
AREA # 090204,Mogok,*,*
Urban/Rural,4-Wheel tractor,*,*
*,Yes,No,Total
 Urban,136,16550,16686
 Rural,158,18403,18561
 Total,294,34953,35247
NotApp :,586,*,*
AREA # 090205,Thabeikkyin,*,*
Urban/Rural,4-Wheel tractor,*,*
*,Yes,No,Total
 Urban,5,1183,1188
 Rural,381,24180,24561
 Total,386,25363,25749
NotApp :,297,*,*
AREA # 090251,Tagaung,*,*
Urban/Rural,4-Wheel tractor,*,*
*,Yes,No,Total
 Urban,37,1756,1793
 Rural,101,5498,5599
 Total,138,7254,7392
NotApp :,96,*,*
AREA # 090301,Kyaukse,*,*
Urban/Rural,4-Wheel tractor,*,*
*,Yes,No,Total
 Urban,141,8350,8491
 Rural,1096,48178,49274
 Total,1237,56528,57765
NotApp :,526,*,*
AREA # 090302,Singaing,*,*
Urban/Rural,4-Wheel tractor,*,*
*,Yes,No,Total
 Urban,56,1724,1780
 Rural,700,31099,31799
 Total,756,32823,33579
NotApp :,464,*,*
AREA # 090303,Myitthar,*,*
Urban/Rural,4-Wheel tractor,*,*
*,Yes,No,Total
 Urban,120,4226,4346
 Rural,1096,40575,41671
 Total,1216,44801,46017
NotApp :,399,*,*
AREA # 090304,Tada U,*,*
Urban/Rural,4-Wheel tractor,*,*
*,Yes,No,Total
 Urban,32,2620,2652
 Rural,560,29415,29975
 Total,592,32035,32627
NotApp :,340,*,*
AREA # 090401,Myingyan,*,*
Urban/Rural,4-Wheel tractor,*,*
*,Yes,No,Total
 Urban,431,18466,18897
 Rural,1018,42425,43443
 Total,1449,60891,62340
NotApp :,622,*,*
AREA # 090402,Taungtha,*,*
Urban/Rural,4-Wheel tractor,*,*
*,Yes,No,Total
 Urban,96,3767,3863
 Rural,473,45516,45989
 Total,569,49283,49852
NotApp :,425,*,*
AREA # 090403,Natogyi,*,*
Urban/Rural,4-Wheel tractor,*,*
*,Yes,No,Total
 Urban,32,2810,2842
 Rural,521,37602,38123
 Total,553,40412,40965
NotApp :,349,*,*
AREA # 090404,Kyaukpadaung,*,*
Urban/Rural,4-Wheel tractor,*,*
*,Yes,No,Total
 Urban,178,8835,9013
 Rural,397,52551,52948
 Total,575,61386,61961
NotApp :,497,*,*
AREA # 090405,Ngazun,*,*
Urban/Rural,4-Wheel tractor,*,*
*,Yes,No,Total
 Urban,35,1622,1657
 Rural,252,25929,26181
 Total,287,27551,27838
NotApp :,295,*,*
AREA # 090501,Nyaung U,*,*
Urban/Rural,4-Wheel tractor,*,*
*,Yes,No,Total
 Urban,86,9429,9515
 Rural,292,34855,35147
 Total,378,44284,44662
NotApp :,603,*,*
AREA # 090551,Ngat,*,*
Urban/Rural,4-Wheel tractor,*,*
*,Yes,No,Total
 Urban,2,1437,1439
 Rural,74,8298,8372
 Total,76,9735,9811
NotApp :,69,*,*
AREA # 090601,Yame`thin,*,*
Urban/Rural,4-Wheel tractor,*,*
*,Yes,No,Total
 Urban,57,5270,5327
 Rural,231,51701,51932
 Total,288,56971,57259
NotApp :,559,*,*
AREA # 090602,Pyawbwe,*,*
Urban/Rural,4-Wheel tractor,*,*
*,Yes,No,Total
 Urban,82,6792,6874
 Rural,290,51699,51989
 Total,372,58491,58863
NotApp :,497,*,*
AREA # 090701,Meiktila,*,*
Urban/Rural,4-Wheel tractor,*,*
*,Yes,No,Total
 Urban,171,23792,23963
 Rural,209,44267,44476
 Total,380,68059,68439
NotApp :,998,*,*
AREA # 090702,MahlYaing,*,*
Urban/Rural,4-Wheel tractor,*,*
*,Yes,No,Total
 Urban,40,3071,3111
 Rural,450,29766,30216
 Total,490,32837,33327
NotApp :,382,*,*
AREA # 090703,Thazi,*,*
Urban/Rural,4-Wheel tractor,*,*
*,Yes,No,Total
 Urban,72,4648,4720
 Rural,550,39622,40172
 Total,622,44270,44892
NotApp :,484,*,*
AREA # 090704,Wundwin,*,*
Urban/Rural,4-Wheel tractor,*,*
*,Yes,No,Total
 Urban,109,7191,7300
 Rural,466,45803,46269
 Total,575,52994,53569
NotApp :,474,*,*
AREA # 100101,Mawlamyine,*,*
Urban/Rural,4-Wheel tractor,*,*
*,Yes,No,Total
 Urban,305,49429,49734
 Rural,242,7481,7723
 Total,547,56910,57457
NotApp :,954,*,*
AREA # 100102,Kyaikemaraw,*,*
Urban/Rural,4-Wheel tractor,*,*
*,Yes,No,Total
 Urban,39,2137,2176
 Rural,862,35850,36712
 Total,901,37987,38888
NotApp :,478,*,*
AREA # 100103,Chaungzon,*,*
Urban/Rural,4-Wheel tractor,*,*
*,Yes,No,Total
 Urban,37,1707,1744
 Rural,715,25485,26200
 Total,752,27192,27944
NotApp :,292,*,*
AREA # 100104,Thanbyuzayat,*,*
Urban/Rural,4-Wheel tractor,*,*
*,Yes,No,Total
 Urban,289,11426,11715
 Rural,981,23538,24519
 Total,1270,34964,36234
NotApp :,470,*,*
AREA # 100105,Mudon,*,*
Urban/Rural,4-Wheel tractor,*,*
*,Yes,No,Total
 Urban,302,10490,10792
 Rural,2010,26510,28520
 Total,2312,37000,39312
NotApp :,541,*,*
AREA # 100106,Ye,*,*
Urban/Rural,4-Wheel tractor,*,*
*,Yes,No,Total
 Urban,115,5998,6113
 Rural,425,23453,23878
 Total,540,29451,29991
NotApp :,508,*,*
AREA # 100151,Lamine,*,*
Urban/Rural,4-Wheel tractor,*,*
*,Yes,No,Total
 Urban,71,2896,2967
 Rural,580,15092,15672
 Total,651,17988,18639
NotApp :,149,*,*
AREA # 100152,Khawzar,*,*
Urban/Rural,4-Wheel tractor,*,*
*,Yes,No,Total
 Urban,14,764,778
 Rural,75,3965,4040
 Total,89,4729,4818
NotApp :,70,*,*
AREA # 100201,Thaton,*,*
Urban/Rural,4-Wheel tractor,*,*
*,Yes,No,Total
 Urban,186,10520,10706
 Rural,2474,35104,37578
 Total,2660,45624,48284
NotApp :,603,*,*
AREA # 100202,Paung,*,*
Urban/Rural,4-Wheel tractor,*,*
*,Yes,No,Total
 Urban,176,5726,5902
 Rural,1556,36268,37824
 Total,1732,41994,43726
NotApp :,460,*,*
AREA # 100203,Kyaikto,*,*
Urban/Rural,4-Wheel tractor,*,*
*,Yes,No,Total
 Urban,143,7373,7516
 Rural,345,30227,30572
 Total,488,37600,38088
NotApp :,848,*,*
AREA # 100204,Bilin,*,*
Urban/Rural,4-Wheel tractor,*,*
*,Yes,No,Total
 Urban,53,3991,4044
 Rural,1472,33715,35187
 Total,1525,37706,39231
NotApp :,544,*,*
AREA # 110101,Sittway,*,*
Urban/Rural,4-Wheel tractor,*,*
*,Yes,No,Total
 Urban,124,18782,18906
 Rural,57,10073,10130
 Total,181,28855,29036
NotApp :,377,*,*
AREA # 110102,Ponnagyun,*,*
Urban/Rural,4-Wheel tractor,*,*
*,Yes,No,Total
 Urban,29,2437,2466
 Rural,67,22802,22869
 Total,96,25239,25335
NotApp :,246,*,*
AREA # 110103,Pauktaw,*,*
Urban/Rural,4-Wheel tractor,*,*
*,Yes,No,Total
 Urban,18,2452,2470
 Rural,16,28058,28074
 Total,34,30510,30544
NotApp :,349,*,*
AREA # 110104,Yethedaung,*,*
Urban/Rural,4-Wheel tractor,*,*
*,Yes,No,Total
 Urban,7,1503,1510
 Rural,77,22754,22831
 Total,84,24257,24341
NotApp :,255,*,*
AREA # 110201,Myauk U,*,*
Urban/Rural,4-Wheel tractor,*,*
*,Yes,No,Total
 Urban,103,7171,7274
 Rural,235,34016,34251
 Total,338,41187,41525
NotApp :,517,*,*
AREA # 110202,Kyauktaw,*,*
Urban/Rural,4-Wheel tractor,*,*
*,Yes,No,Total
 Urban,104,3735,3839
 Rural,456,32200,32656
 Total,560,35935,36495
NotApp :,327,*,*
AREA # 110203,Minbya,*,*
Urban/Rural,4-Wheel tractor,*,*
*,Yes,No,Total
 Urban,27,4588,4615
 Rural,63,31950,32013
 Total,90,36538,36628
NotApp :,359,*,*
AREA # 110204,Myebon,*,*
Urban/Rural,4-Wheel tractor,*,*
*,Yes,No,Total
 Urban,20,2598,2618
 Rural,71,28650,28721
 Total,91,31248,31339
NotApp :,244,*,*
AREA # 110301,Maungtaw,*,*
Urban/Rural,4-Wheel tractor,*,*
*,Yes,No,Total
 Urban,20,2294,2314
 Rural,36,5040,5076
 Total,56,7334,7390
NotApp :,142,*,*
AREA # 110302,Buthidaung,*,*
Urban/Rural,4-Wheel tractor,*,*
*,Yes,No,Total
 Urban,13,2049,2062
 Rural,13,9189,9202
 Total,26,11238,11264
NotApp :,178,*,*
AREA # 110351,Taungpyoletwe(ST),*,*
Urban/Rural,4-Wheel tractor,*,*
*,Yes,No,Total
 Urban,2,156,158
 Rural,-,348,348
 Total,2,504,506
NotApp :,17,*,*
AREA # 110401,Kyaukpyu,*,*
Urban/Rural,4-Wheel tractor,*,*
*,Yes,No,Total
 Urban,90,4164,4254
 Rural,216,32794,33010
 Total,306,36958,37264
NotApp :,491,*,*
AREA # 110402,Mannaung,*,*
Urban/Rural,4-Wheel tractor,*,*
*,Yes,No,Total
 Urban,24,1282,1306
 Rural,119,13310,13429
 Total,143,14592,14735
NotApp :,186,*,*
AREA # 110403,Yanbye,*,*
Urban/Rural,4-Wheel tractor,*,*
*,Yes,No,Total
 Urban,40,2208,2248
 Rural,49,20121,20170
 Total,89,22329,22418
NotApp :,325,*,*
AREA # 110404,An,*,*
Urban/Rural,4-Wheel tractor,*,*
*,Yes,No,Total
 Urban,26,1852,1878
 Rural,104,25377,25481
 Total,130,27229,27359
NotApp :,324,*,*
AREA # 110501,Thandwe,*,*
Urban/Rural,4-Wheel tractor,*,*
*,Yes,No,Total
 Urban,26,3324,3350
 Rural,181,27544,27725
 Total,207,30868,31075
NotApp :,580,*,*
AREA # 110502,Toungup,*,*
Urban/Rural,4-Wheel tractor,*,*
*,Yes,No,Total
 Urban,87,6091,6178
 Rural,75,18986,19061
 Total,162,25077,25239
NotApp :,343,*,*
AREA # 110503,Gwa,*,*
Urban/Rural,4-Wheel tractor,*,*
*,Yes,No,Total
 Urban,29,2459,2488
 Rural,107,8650,8757
 Total,136,11109,11245
NotApp :,115,*,*
AREA # 110551,Maei(ST),*,*
Urban/Rural,4-Wheel tractor,*,*
*,Yes,No,Total
 Urban,8,1207,1215
 Rural,18,8720,8738
 Total,26,9927,9953
NotApp :,96,*,*
AREA # 110552,Kyeintali(ST),*,*
Urban/Rural,4-Wheel tractor,*,*
*,Yes,No,Total
 Urban,24,1451,1475
 Rural,44,4562,4606
 Total,68,6013,6081
NotApp :,76,*,*
AREA # 120101,Insein,*,*
Urban/Rural,4-Wheel tractor,*,*
*,Yes,No,Total
 Urban,135,61541,61676
 Total,135,61541,61676
NotApp :,993,*,*
AREA # 120102,Mingaladon,*,*
Urban/Rural,4-Wheel tractor,*,*
*,Yes,No,Total
 Urban,156,41485,41641
 Rural,147,24515,24662
 Total,303,66000,66303
NotApp :,1749,*,*
AREA # 120103,Hmawby,*,*
Urban/Rural,4-Wheel tractor,*,*
*,Yes,No,Total
 Urban,59,5883,5942
 Rural,911,49616,50527
 Total,970,55499,56469
NotApp :,902,*,*
AREA # 120104,Hlegu,*,*
Urban/Rural,4-Wheel tractor,*,*
*,Yes,No,Total
 Urban,75,8674,8749
 Rural,737,48537,49274
 Total,812,57211,58023
NotApp :,1175,*,*
AREA # 120105,Taikkyi,*,*
Urban/Rural,4-Wheel tractor,*,*
*,Yes,No,Total
 Urban,244,20115,20359
 Rural,573,46067,46640
 Total,817,66182,66999
NotApp :,614,*,*
AREA # 120106,Htantabin,*,*
Urban/Rural,4-Wheel tractor,*,*
*,Yes,No,Total
 Urban,25,2031,2056
 Rural,984,31171,32155
 Total,1009,33202,34211
NotApp :,229,*,*
AREA # 120107,Shwepyitha,*,*
Urban/Rural,4-Wheel tractor,*,*
*,Yes,No,Total
 Urban,358,58153,58511
 Rural,104,15160,15264
 Total,462,73313,73775
NotApp :,834,*,*
AREA # 120108,Hlinethaya,*,*
Urban/Rural,4-Wheel tractor,*,*
*,Yes,No,Total
 Urban,331,103476,103807
 Rural,230,44674,44904
 Total,561,148150,148711
NotApp :,1246,*,*
AREA # 120201,Thingangyun,*,*
Urban/Rural,4-Wheel tractor,*,*
*,Yes,No,Total
 Urban,23,43297,43320
 Total,23,43297,43320
NotApp :,265,*,*
AREA # 120202,Yankin,*,*
Urban/Rural,4-Wheel tractor,*,*
*,Yes,No,Total
 Urban,9,14628,14637
 Total,9,14628,14637
NotApp :,149,*,*
AREA # 120203,South Okkalapa,*,*
Urban/Rural,4-Wheel tractor,*,*
*,Yes,No,Total
 Urban,44,32681,32725
 Total,44,32681,32725
NotApp :,418,*,*
AREA # 120204,North Okkalapa,*,*
Urban/Rural,4-Wheel tractor,*,*
*,Yes,No,Total
 Urban,88,64668,64756
 Total,88,64668,64756
NotApp :,946,*,*
AREA # 120205,Thakayta,*,*
Urban/Rural,4-Wheel tractor,*,*
*,Yes,No,Total
 Urban,76,45380,45456
 Total,76,45380,45456
NotApp :,451,*,*
AREA # 120206,Dawbon,*,*
Urban/Rural,4-Wheel tractor,*,*
*,Yes,No,Total
 Urban,19,14390,14409
 Total,19,14390,14409
NotApp :,154,*,*
AREA # 120207,Tamway,*,*
Urban/Rural,4-Wheel tractor,*,*
*,Yes,No,Total
 Urban,36,35324,35360
 Total,36,35324,35360
NotApp :,633,*,*
AREA # 120208,Pazuntaung,*,*
Urban/Rural,4-Wheel tractor,*,*
*,Yes,No,Total
 Urban,8,10298,10306
 Total,8,10298,10306
NotApp :,215,*,*
AREA # 120209,Botahtaung,*,*
Urban/Rural,4-Wheel tractor,*,*
*,Yes,No,Total
 Urban,13,8384,8397
 Total,13,8384,8397
NotApp :,295,*,*
AREA # 120210,Dagon Myothit(South),*,*
Urban/Rural,4-Wheel tractor,*,*
*,Yes,No,Total
 Urban,389,76595,76984
 Total,389,76595,76984
NotApp :,751,*,*
AREA # 120211,Dagon Myothit(North),*,*
Urban/Rural,4-Wheel tractor,*,*
*,Yes,No,Total
 Urban,62,42642,42704
 Total,62,42642,42704
NotApp :,126,*,*
AREA # 120212,Dagon Myothit(East),*,*
Urban/Rural,4-Wheel tractor,*,*
*,Yes,No,Total
 Urban,58,31837,31895
 Rural,18,2000,2018
 Total,76,33837,33913
NotApp :,814,*,*
AREA # 120213,Dagon Myothit(Seik),*,*
Urban/Rural,4-Wheel tractor,*,*
*,Yes,No,Total
 Urban,94,34078,34172
 Rural,50,3683,3733
 Total,144,37761,37905
NotApp :,383,*,*
AREA # 120214,Mingala Taungnyunt,*,*
Urban/Rural,4-Wheel tractor,*,*
*,Yes,No,Total
 Urban,28,25890,25918
 Total,28,25890,25918
NotApp :,325,*,*
AREA # 120301,Thanlyin,*,*
Urban/Rural,4-Wheel tractor,*,*
*,Yes,No,Total
 Urban,49,18660,18709
 Rural,1227,41661,42888
 Total,1276,60321,61597
NotApp :,594,*,*
AREA # 120302,Kyauktan,*,*
Urban/Rural,4-Wheel tractor,*,*
*,Yes,No,Total
 Urban,67,9797,9864
 Rural,1519,21593,23112
 Total,1586,31390,32976
NotApp :,324,*,*
AREA # 120303,Thongwa,*,*
Urban/Rural,4-Wheel tractor,*,*
*,Yes,No,Total
 Urban,175,6581,6756
 Rural,3605,29726,33331
 Total,3780,36307,40087
NotApp :,287,*,*
AREA # 120304,Khayan,*,*
Urban/Rural,4-Wheel tractor,*,*
*,Yes,No,Total
 Urban,126,7752,7878
 Rural,1919,29517,31436
 Total,2045,37269,39314
NotApp :,203,*,*
AREA # 120305,Twantay,*,*
Urban/Rural,4-Wheel tractor,*,*
*,Yes,No,Total
 Urban,47,9150,9197
 Rural,926,41479,42405
 Total,973,50629,51602
NotApp :,365,*,*
AREA # 120306,Kawhmu,*,*
Urban/Rural,4-Wheel tractor,*,*
*,Yes,No,Total
 Urban,42,2189,2231
 Rural,847,26714,27561
 Total,889,28903,29792
NotApp :,220,*,*
AREA # 120307,Kungyangon,*,*
Urban/Rural,4-Wheel tractor,*,*
*,Yes,No,Total
 Urban,88,3870,3958
 Rural,899,23495,24394
 Total,987,27365,28352
NotApp :,207,*,*
AREA # 120308,Dala,*,*
Urban/Rural,4-Wheel tractor,*,*
*,Yes,No,Total
 Urban,68,25263,25331
 Rural,534,12047,12581
 Total,602,37310,37912
NotApp :,211,*,*
AREA # 120309,Seikkyi/Khanaungto,*,*
Urban/Rural,4-Wheel tractor,*,*
*,Yes,No,Total
 Urban,19,7710,7729
 Total,19,7710,7729
NotApp :,39,*,*
AREA # 120310,Cocogyun,*,*
Urban/Rural,4-Wheel tractor,*,*
*,Yes,No,Total
 Urban,7,344,351
 Total,7,344,351
NotApp :,8,*,*
AREA # 120351,Tada(ST),*,*
Urban/Rural,4-Wheel tractor,*,*
*,Yes,No,Total
 Urban,237,2253,2490
 Rural,566,6437,7003
 Total,803,8690,9493
NotApp :,57,*,*
AREA # 120401,Kyauktada,*,*
Urban/Rural,4-Wheel tractor,*,*
*,Yes,No,Total
 Urban,6,6114,6120
 Total,6,6114,6120
NotApp :,412,*,*
AREA # 120402,Pabedan,*,*
Urban/Rural,4-Wheel tractor,*,*
*,Yes,No,Total
 Urban,4,6559,6563
 Total,4,6559,6563
NotApp :,145,*,*
AREA # 120403,Lanmadaw,*,*
Urban/Rural,4-Wheel tractor,*,*
*,Yes,No,Total
 Urban,2,8597,8599
 Total,2,8597,8599
NotApp :,607,*,*
AREA # 120404,Latha,*,*
Urban/Rural,4-Wheel tractor,*,*
*,Yes,No,Total
 Urban,1,4472,4473
 Total,1,4472,4473
NotApp :,510,*,*
AREA # 120405,Ahlon,*,*
Urban/Rural,4-Wheel tractor,*,*
*,Yes,No,Total
 Urban,8,10935,10943
 Total,8,10935,10943
NotApp :,503,*,*
AREA # 120406,Kyimyindine,*,*
Urban/Rural,4-Wheel tractor,*,*
*,Yes,No,Total
 Urban,23,23039,23062
 Total,23,23039,23062
NotApp :,182,*,*
AREA # 120407,Sangyoung,*,*
Urban/Rural,4-Wheel tractor,*,*
*,Yes,No,Total
 Urban,18,20617,20635
 Total,18,20617,20635
NotApp :,1228,*,*
AREA # 120408,Hline,*,*
Urban/Rural,4-Wheel tractor,*,*
*,Yes,No,Total
 Urban,93,32744,32837
 Total,93,32744,32837
NotApp :,851,*,*
AREA # 120409,Kamayut,*,*
Urban/Rural,4-Wheel tractor,*,*
*,Yes,No,Total
 Urban,18,16281,16299
 Total,18,16281,16299
NotApp :,1002,*,*
AREA # 120410,Mayangon,*,*
Urban/Rural,4-Wheel tractor,*,*
*,Yes,No,Total
 Urban,62,38745,38807
 Total,62,38745,38807
NotApp :,891,*,*
AREA # 120411,Dagon,*,*
Urban/Rural,4-Wheel tractor,*,*
*,Yes,No,Total
 Urban,7,4601,4608
 Total,7,4601,4608
NotApp :,176,*,*
AREA # 120412,Bahan,*,*
Urban/Rural,4-Wheel tractor,*,*
*,Yes,No,Total
 Urban,12,17414,17426
 Total,12,17414,17426
NotApp :,1076,*,*
AREA # 120413,Seikkan,*,*
Urban/Rural,4-Wheel tractor,*,*
*,Yes,No,Total
 Urban,-,410,410
 Total,-,410,410
NotApp :,67,*,*
AREA # 130101,Taunggyi,*,*
Urban/Rural,4-Wheel tractor,*,*
*,Yes,No,Total
 Urban,1231,55417,56648
 Rural,2203,23753,25956
 Total,3434,79170,82604
NotApp :,922,*,*
AREA # 130102,Nyaungshwe,*,*
Urban/Rural,4-Wheel tractor,*,*
*,Yes,No,Total
 Urban,139,2920,3059
 Rural,1234,38341,39575
 Total,1373,41261,42634
NotApp :,550,*,*
AREA # 130103,Hopon,*,*
Urban/Rural,4-Wheel tractor,*,*
*,Yes,No,Total
 Urban,257,4279,4536
 Rural,873,19319,20192
 Total,1130,23598,24728
NotApp :,246,*,*
AREA # 130104,Hsihseng,*,*
Urban/Rural,4-Wheel tractor,*,*
*,Yes,No,Total
 Urban,231,2418,2649
 Rural,2544,27578,30122
 Total,2775,29996,32771
NotApp :,323,*,*
AREA # 130105,Kalaw,*,*
Urban/Rural,4-Wheel tractor,*,*
*,Yes,No,Total
 Urban,243,12355,12598
 Rural,1580,27163,28743
 Total,1823,39518,41341
NotApp :,409,*,*
AREA # 130106,Pindaya,*,*
Urban/Rural,4-Wheel tractor,*,*
*,Yes,No,Total
 Urban,96,2163,2259
 Rural,684,14601,15285
 Total,780,16764,17544
NotApp :,214,*,*
AREA # 130107,Ywarngan,*,*
Urban/Rural,4-Wheel tractor,*,*
*,Yes,No,Total
 Urban,71,1084,1155
 Rural,392,16801,17193
 Total,463,17885,18348
NotApp :,248,*,*
AREA # 130108,Yatsauk,*,*
Urban/Rural,4-Wheel tractor,*,*
*,Yes,No,Total
 Urban,178,5499,5677
 Rural,1159,19121,20280
 Total,1337,24620,25957
NotApp :,294,*,*
AREA # 130109,Pinlaung,*,*
Urban/Rural,4-Wheel tractor,*,*
*,Yes,No,Total
 Urban,164,2606,2770
 Rural,889,21845,22734
 Total,1053,24451,25504
NotApp :,214,*,*
AREA # 130110,Phekon,*,*
Urban/Rural,4-Wheel tractor,*,*
*,Yes,No,Total
 Urban,302,3129,3431
 Rural,2212,14441,16653
 Total,2514,17570,20084
NotApp :,187,*,*
AREA # 130151,Kyauktalongyi(ST),*,*
Urban/Rural,4-Wheel tractor,*,*
*,Yes,No,Total
 Urban,25,577,602
 Rural,417,11246,11663
 Total,442,11823,12265
NotApp :,78,*,*
AREA # 130152,Indaw(ST),*,*
Urban/Rural,4-Wheel tractor,*,*
*,Yes,No,Total
 Urban,15,1821,1836
 Rural,365,5949,6314
 Total,380,7770,8150
NotApp :,120,*,*
AREA # 130153,Naungtayar(ST),*,*
Urban/Rural,4-Wheel tractor,*,*
*,Yes,No,Total
 Urban,117,862,979
 Rural,766,14834,15600
 Total,883,15696,16579
NotApp :,149,*,*
AREA # 130201,Loilem,*,*
Urban/Rural,4-Wheel tractor,*,*
*,Yes,No,Total
 Urban,85,2768,2853
 Rural,363,7685,8048
 Total,448,10453,10901
NotApp :,112,*,*
AREA # 130202,Le`char,*,*
Urban/Rural,4-Wheel tractor,*,*
*,Yes,No,Total
 Urban,198,1132,1330
 Rural,2471,4989,7460
 Total,2669,6121,8790
NotApp :,101,*,*
AREA # 130203,Nanhsam(South),*,*
Urban/Rural,4-Wheel tractor,*,*
*,Yes,No,Total
 Urban,322,4519,4841
 Rural,3000,11022,14022
 Total,3322,15541,18863
NotApp :,264,*,*
AREA # 130204,Kunhing,*,*
Urban/Rural,4-Wheel tractor,*,*
*,Yes,No,Total
 Urban,86,1456,1542
 Rural,234,2794,3028
 Total,320,4250,4570
NotApp :,122,*,*
AREA # 130205,Kehsi,*,*
Urban/Rural,4-Wheel tractor,*,*
*,Yes,No,Total
 Urban,107,735,842
 Rural,601,7458,8059
 Total,708,8193,8901
NotApp :,109,*,*
AREA # 130206,Mongkai,*,*
Urban/Rural,4-Wheel tractor,*,*
*,Yes,No,Total
 Urban,327,1892,2219
 Rural,1016,13097,14113
 Total,1343,14989,16332
NotApp :,213,*,*
AREA # 130207,Mineshu,*,*
Urban/Rural,4-Wheel tractor,*,*
*,Yes,No,Total
 Urban,136,1947,2083
 Rural,355,6763,7118
 Total,491,8710,9201
NotApp :,161,*,*
AREA # 130251,Panglong(ST),*,*
Urban/Rural,4-Wheel tractor,*,*
*,Yes,No,Total
 Urban,222,5002,5224
 Rural,217,9075,9292
 Total,439,14077,14516
NotApp :,104,*,*
AREA # 130252,Kholan(ST),*,*
Urban/Rural,4-Wheel tractor,*,*
*,Yes,No,Total
 Urban,368,1380,1748
 Rural,729,1887,2616
 Total,1097,3267,4364
NotApp :,145,*,*
AREA # 130253,Karli(ST),*,*
Urban/Rural,4-Wheel tractor,*,*
*,Yes,No,Total
 Urban,209,1456,1665
 Rural,365,4537,4902
 Total,574,5993,6567
NotApp :,80,*,*
AREA # 130254,Minenaung(ST),*,*
Urban/Rural,4-Wheel tractor,*,*
*,Yes,No,Total
 Urban,163,589,752
 Rural,704,4355,5059
 Total,867,4944,5811
NotApp :,69,*,*
AREA # 130255,Minesan(Monsan)(ST),*,*
Urban/Rural,4-Wheel tractor,*,*
*,Yes,No,Total
 Urban,14,493,507
 Rural,26,6133,6159
 Total,40,6626,6666
NotApp :,259,*,*
AREA # 130301,Linkhe`,*,*
Urban/Rural,4-Wheel tractor,*,*
*,Yes,No,Total
 Urban,203,1515,1718
 Rural,1035,5635,6670
 Total,1238,7150,8388
NotApp :,100,*,*
AREA # 130302,Mone`,*,*
Urban/Rural,4-Wheel tractor,*,*
*,Yes,No,Total
 Urban,448,1655,2103
 Rural,631,3490,4121
 Total,1079,5145,6224
NotApp :,66,*,*
AREA # 130303,Maukme`,*,*
Urban/Rural,4-Wheel tractor,*,*
*,Yes,No,Total
 Urban,76,1116,1192
 Rural,163,5839,6002
 Total,239,6955,7194
NotApp :,191,*,*
AREA # 130304,Minepan,*,*
Urban/Rural,4-Wheel tractor,*,*
*,Yes,No,Total
 Urban,241,1718,1959
 Rural,116,3346,3462
 Total,357,5064,5421
NotApp :,165,*,*
AREA # 130351,Homane(ST),*,*
Urban/Rural,4-Wheel tractor,*,*
*,Yes,No,Total
 Urban,3,671,674
 Rural,3,483,486
 Total,6,1154,1160
NotApp :,17,*,*
AREA # 130352,Kengtaung(ST),*,*
Urban/Rural,4-Wheel tractor,*,*
*,Yes,No,Total
 Urban,138,1959,2097
 Rural,2,162,164
 Total,140,2121,2261
NotApp :,46,*,*
AREA # 130401,Lashio,*,*
Urban/Rural,4-Wheel tractor,*,*
*,Yes,No,Total
 Urban,875,33224,34099
 Rural,2788,28045,30833
 Total,3663,61269,64932
NotApp :,881,*,*
AREA # 130402,Theinni,*,*
Urban/Rural,4-Wheel tractor,*,*
*,Yes,No,Total
 Urban,254,1669,1923
 Rural,1916,7940,9856
 Total,2170,9609,11779
NotApp :,116,*,*
AREA # 130403,Mineye`,*,*
Urban/Rural,4-Wheel tractor,*,*
*,Yes,No,Total
 Urban,220,1250,1470
 Rural,1204,10654,11858
 Total,1424,11904,13328
NotApp :,139,*,*
AREA # 130404,Tantyan,*,*
Urban/Rural,4-Wheel tractor,*,*
*,Yes,No,Total
 Urban,582,6226,6808
 Rural,1297,27037,28334
 Total,1879,33263,35142
NotApp :,291,*,*
AREA # 130501,MuSe,*,*
Urban/Rural,4-Wheel tractor,*,*
*,Yes,No,Total
 Urban,607,12727,13334
 Rural,2960,5920,8880
 Total,3567,18647,22214
NotApp :,873,*,*
AREA # 130502,Namkham,*,*
Urban/Rural,4-Wheel tractor,*,*
*,Yes,No,Total
 Urban,327,5805,6132
 Rural,2008,13277,15285
 Total,2335,19082,21417
NotApp :,200,*,*
AREA # 130503,Kukai,*,*
Urban/Rural,4-Wheel tractor,*,*
*,Yes,No,Total
 Urban,246,4437,4683
 Rural,773,13575,14348
 Total,1019,18012,19031
NotApp :,175,*,*
AREA # 130551,Monekoe(ST),*,*
Urban/Rural,4-Wheel tractor,*,*
*,Yes,No,Total
 Urban,102,1367,1469
 Rural,95,2794,2889
 Total,197,4161,4358
NotApp :,29,*,*
AREA # 130552,Manhero(ST),*,*
Urban/Rural,4-Wheel tractor,*,*
*,Yes,No,Total
 Urban,216,130,346
 Rural,868,429,1297
 Total,1084,559,1643
NotApp :,30,*,*
AREA # 130553,Pansai(KyuKute)(ST),*,*
Urban/Rural,4-Wheel tractor,*,*
*,Yes,No,Total
 Urban,138,1630,1768
 Rural,654,2121,2775
 Total,792,3751,4543
NotApp :,51,*,*
AREA # 130554,Tamoenye(ST),*,*
Urban/Rural,4-Wheel tractor,*,*
*,Yes,No,Total
 Urban,78,2409,2487
 Rural,332,10230,10562
 Total,410,12639,13049
NotApp :,45,*,*
AREA # 130601,Kyukme,*,*
Urban/Rural,4-Wheel tractor,*,*
*,Yes,No,Total
 Urban,303,8350,8653
 Rural,1907,17811,19718
 Total,2210,26161,28371
NotApp :,367,*,*
AREA # 130602,Naungkhio,*,*
Urban/Rural,4-Wheel tractor,*,*
*,Yes,No,Total
 Urban,311,3860,4171
 Rural,3359,24694,28053
 Total,3670,28554,32224
NotApp :,365,*,*
AREA # 130603,Hsipaw,*,*
Urban/Rural,4-Wheel tractor,*,*
*,Yes,No,Total
 Urban,254,3755,4009
 Rural,2783,31114,33897
 Total,3037,34869,37906
NotApp :,454,*,*
AREA # 130604,Namtu,*,*
Urban/Rural,4-Wheel tractor,*,*
*,Yes,No,Total
 Urban,80,3177,3257
 Rural,447,7937,8384
 Total,527,11114,11641
NotApp :,153,*,*
AREA # 130605,Namsan(North),*,*
Urban/Rural,4-Wheel tractor,*,*
*,Yes,No,Total
 Urban,7,928,935
 Rural,66,12684,12750
 Total,73,13612,13685
NotApp :,265,*,*
AREA # 130606,Momeik,*,*
Urban/Rural,4-Wheel tractor,*,*
*,Yes,No,Total
 Urban,89,2144,2233
 Rural,210,11209,11419
 Total,299,13353,13652
NotApp :,177,*,*
AREA # 130607,Mabane,*,*
Urban/Rural,4-Wheel tractor,*,*
*,Yes,No,Total
 Urban,29,685,714
 Rural,500,7418,7918
 Total,529,8103,8632
NotApp :,266,*,*
AREA # 130608,Manton,*,*
Urban/Rural,4-Wheel tractor,*,*
*,Yes,No,Total
 Urban,10,769,779
 Rural,44,6860,6904
 Total,54,7629,7683
NotApp :,136,*,*
AREA # 130651,Minengaw(ST),*,*
Urban/Rural,4-Wheel tractor,*,*
*,Yes,No,Total
 Urban,22,591,613
 Rural,42,3374,3416
 Total,64,3965,4029
NotApp :,98,*,*
AREA # 130652,Minelon(ST),*,*
Urban/Rural,4-Wheel tractor,*,*
*,Yes,No,Total
 Urban,7,579,586
 Rural,20,5250,5270
 Total,27,5829,5856
NotApp :,201,*,*
AREA # 130701,Kunlon,*,*
Urban/Rural,4-Wheel tractor,*,*
*,Yes,No,Total
 Urban,118,1040,1158
 Rural,585,8649,9234
 Total,703,9689,10392
NotApp :,158,*,*
AREA # 130801,Laukine,*,*
Urban/Rural,4-Wheel tractor,*,*
*,Yes,No,Total
 Urban,113,2828,2941
 Rural,745,10545,11290
 Total,858,13373,14231
NotApp :,557,*,*
AREA # 130802,Kongyan,*,*
Urban/Rural,4-Wheel tractor,*,*
*,Yes,No,Total
 Urban,52,142,194
 Rural,96,5172,5268
 Total,148,5314,5462
NotApp :,14,*,*
AREA # 130851,Chinshwehaw(ST),*,*
Urban/Rural,4-Wheel tractor,*,*
*,Yes,No,Total
 Urban,7,612,619
 Rural,18,313,331
 Total,25,925,950
NotApp :,28,*,*
AREA # 130852,Mawhtike(ST),*,*
Urban/Rural,4-Wheel tractor,*,*
*,Yes,No,Total
 Urban,5,80,85
 Rural,78,4040,4118
 Total,83,4120,4203
NotApp :,14,*,*
AREA # 130901,Hopan,*,*
Urban/Rural,4-Wheel tractor,*,*
*,Yes,No,Total
 Urban,360,3018,3378
 Rural,595,6058,6653
 Total,955,9076,10031
NotApp :,72,*,*
AREA # 130902,Minemaw,*,*
Urban/Rural,4-Wheel tractor,*,*
*,Yes,No,Total
 Urban,86,767,853
 Rural,180,9412,9592
 Total,266,10179,10445
NotApp :,71,*,*
AREA # 130903,Panwine,*,*
Urban/Rural,4-Wheel tractor,*,*
*,Yes,No,Total
 Urban,15,454,469
 Rural,442,13058,13500
 Total,457,13512,13969
NotApp :,8,*,*
AREA # 130952,Panlon(ST),*,*
Urban/Rural,4-Wheel tractor,*,*
*,Yes,No,Total
 Urban,30,631,661
 Rural,12,512,524
 Total,42,1143,1185
NotApp :,26,*,*
AREA # 131001,Makman,*,*
Urban/Rural,4-Wheel tractor,*,*
*,Yes,No,Total
 Urban,2,65,67
 Rural,2,3249,3251
 Total,4,3314,3318
NotApp :,55,*,*
AREA # 131002,Pan San(Pan Kham),*,*
Urban/Rural,4-Wheel tractor,*,*
*,Yes,No,Total
 Urban,23,1999,2022
 Rural,151,13969,14120
 Total,174,15968,16142
NotApp :,744,*,*
AREA # 131003,Naphang,*,*
Urban/Rural,4-Wheel tractor,*,*
*,Yes,No,Total
 Urban,13,142,155
 Rural,217,16102,16319
 Total,230,16244,16474
NotApp :,40,*,*
AREA # 131051,ManKan(ST),*,*
Urban/Rural,4-Wheel tractor,*,*
*,Yes,No,Total
 Urban,1,80,81
 Rural,-,234,234
 Total,1,314,315
NotApp :,19,*,*
AREA # 131101,Kengtung,*,*
Urban/Rural,4-Wheel tractor,*,*
*,Yes,No,Total
 Urban,253,8849,9102
 Rural,1554,23440,24994
 Total,1807,32289,34096
NotApp :,512,*,*
AREA # 131102,Minekat,*,*
Urban/Rural,4-Wheel tractor,*,*
*,Yes,No,Total
 Urban,23,535,558
 Rural,191,7276,7467
 Total,214,7811,8025
NotApp :,133,*,*
AREA # 131103,Mineyan,*,*
Urban/Rural,4-Wheel tractor,*,*
*,Yes,No,Total
 Urban,179,810,989
 Rural,2292,6838,9130
 Total,2471,7648,10119
NotApp :,153,*,*
AREA # 131104,Minelar,*,*
Urban/Rural,4-Wheel tractor,*,*
*,Yes,No,Total
 Urban,351,1209,1560
 Rural,985,2663,3648
 Total,1336,3872,5208
NotApp :,231,*,*
AREA # 131151,Mine Pauk(ST),*,*
Urban/Rural,4-Wheel tractor,*,*
*,Yes,No,Total
 Rural,523,8762,9285
 Total,523,8762,9285
NotApp :,65,*,*
AREA # 131201,Minesat,*,*
Urban/Rural,4-Wheel tractor,*,*
*,Yes,No,Total
 Urban,95,1466,1561
 Rural,304,14044,14348
 Total,399,15510,15909
NotApp :,313,*,*
AREA # 131202,Minepyin,*,*
Urban/Rural,4-Wheel tractor,*,*
*,Yes,No,Total
 Urban,49,1284,1333
 Rural,101,9171,9272
 Total,150,10455,10605
NotApp :,144,*,*
AREA # 131203,Minetung,*,*
Urban/Rural,4-Wheel tractor,*,*
*,Yes,No,Total
 Urban,84,1035,1119
 Rural,102,3037,3139
 Total,186,4072,4258
NotApp :,57,*,*
AREA # 131251,Minekoke(ST),*,*
Urban/Rural,4-Wheel tractor,*,*
*,Yes,No,Total
 Urban,7,277,284
 Rural,27,2891,2918
 Total,34,3168,3202
NotApp :,77,*,*
AREA # 131252,Tontar(ST),*,*
Urban/Rural,4-Wheel tractor,*,*
*,Yes,No,Total
 Urban,-,427,427
 Rural,21,2246,2267
 Total,21,2673,2694
NotApp :,33,*,*
AREA # 131253,Ponparkyin(ST),*,*
Urban/Rural,4-Wheel tractor,*,*
*,Yes,No,Total
 Urban,42,679,721
 Rural,198,6415,6613
 Total,240,7094,7334
NotApp :,83,*,*
AREA # 131254,Monehta(ST),*,*
Urban/Rural,4-Wheel tractor,*,*
*,Yes,No,Total
 Urban,2,89,91
 Rural,1,837,838
 Total,3,926,929
NotApp :,3,*,*
AREA # 131301,Tachileik,*,*
Urban/Rural,4-Wheel tractor,*,*
*,Yes,No,Total
 Urban,113,10981,11094
 Rural,828,19257,20085
 Total,941,30238,31179
NotApp :,515,*,*
AREA # 131351,Talay(ST),*,*
Urban/Rural,4-Wheel tractor,*,*
*,Yes,No,Total
 Urban,61,812,873
 Rural,168,2977,3145
 Total,229,3789,4018
NotApp :,85,*,*
AREA # 131352,Kenglat(ST),*,*
Urban/Rural,4-Wheel tractor,*,*
*,Yes,No,Total
 Urban,47,715,762
 Rural,75,1639,1714
 Total,122,2354,2476
NotApp :,39,*,*
AREA # 131401,Minephyat,*,*
Urban/Rural,4-Wheel tractor,*,*
*,Yes,No,Total
 Urban,132,1191,1323
 Rural,316,4526,4842
 Total,448,5717,6165
NotApp :,161,*,*
AREA # 131402,Mineyaung,*,*
Urban/Rural,4-Wheel tractor,*,*
*,Yes,No,Total
 Urban,132,1058,1190
 Rural,1947,3192,5139
 Total,2079,4250,6329
NotApp :,131,*,*
AREA # 131451,Mineyu(ST),*,*
Urban/Rural,4-Wheel tractor,*,*
*,Yes,No,Total
 Urban,60,171,231
 Rural,2461,8175,10636
 Total,2521,8346,10867
NotApp :,165,*,*
AREA # 140101,Kangyidaunt,*,*
Urban/Rural,4-Wheel tractor,*,*
*,Yes,No,Total
 Urban,99,2575,2674
 Rural,1038,39254,40292
 Total,1137,41829,42966
NotApp :,345,*,*
AREA # 140102,Kyaungon,*,*
Urban/Rural,4-Wheel tractor,*,*
*,Yes,No,Total
 Urban,125,3825,3950
 Rural,1934,35518,37452
 Total,2059,39343,41402
NotApp :,278,*,*
AREA # 140103,Kyonpyaw,*,*
Urban/Rural,4-Wheel tractor,*,*
*,Yes,No,Total
 Urban,246,5753,5999
 Rural,2431,51058,53489
 Total,2677,56811,59488
NotApp :,394,*,*
AREA # 140104,Ngaputaw,*,*
Urban/Rural,4-Wheel tractor,*,*
*,Yes,No,Total
 Urban,32,2509,2541
 Rural,565,34270,34835
 Total,597,36779,37376
NotApp :,231,*,*
AREA # 140105,Pathein,*,*
Urban/Rural,4-Wheel tractor,*,*
*,Yes,No,Total
 Urban,357,37084,37441
 Rural,344,28251,28595
 Total,701,65335,66036
NotApp :,851,*,*
AREA # 140106,Yekyi,*,*
Urban/Rural,4-Wheel tractor,*,*
*,Yes,No,Total
 Urban,63,2703,2766
 Rural,1209,23827,25036
 Total,1272,26530,27802
NotApp :,199,*,*
AREA # 140107,Thapaung,*,*
Urban/Rural,4-Wheel tractor,*,*
*,Yes,No,Total
 Urban,16,1724,1740
 Rural,358,35139,35497
 Total,374,36863,37237
NotApp :,376,*,*
AREA # 140151,Ngayokaung(ST),*,*
Urban/Rural,4-Wheel tractor,*,*
*,Yes,No,Total
 Urban,5,828,833
 Rural,93,9275,9368
 Total,98,10103,10201
NotApp :,68,*,*
AREA # 140152,Hainggyikyun(ST),*,*
Urban/Rural,4-Wheel tractor,*,*
*,Yes,No,Total
 Urban,18,3531,3549
 Rural,268,25258,25526
 Total,286,28789,29075
NotApp :,204,*,*
AREA # 140153,Shwethaungyan(ST),*,*
Urban/Rural,4-Wheel tractor,*,*
*,Yes,No,Total
 Urban,14,805,819
 Rural,45,9317,9362
 Total,59,10122,10181
NotApp :,202,*,*
AREA # 140154,Ngwehsaung(ST),*,*
Urban/Rural,4-Wheel tractor,*,*
*,Yes,No,Total
 Urban,17,2658,2675
 Rural,19,6776,6795
 Total,36,9434,9470
NotApp :,180,*,*
AREA # 140155,Ngathaingchaung(ST),*,*
Urban/Rural,4-Wheel tractor,*,*
*,Yes,No,Total
 Urban,125,4472,4597
 Rural,795,17521,18316
 Total,920,21993,22913
NotApp :,199,*,*
AREA # 140201,Kyaiklatt,*,*
Urban/Rural,4-Wheel tractor,*,*
*,Yes,No,Total
 Urban,34,5383,5417
 Rural,591,37740,38331
 Total,625,43123,43748
NotApp :,526,*,*
AREA # 140202,Daydaye,*,*
Urban/Rural,4-Wheel tractor,*,*
*,Yes,No,Total
 Urban,46,3520,3566
 Rural,1158,43886,45044
 Total,1204,47406,48610
NotApp :,479,*,*
AREA # 140203,Phyapon,*,*
Urban/Rural,4-Wheel tractor,*,*
*,Yes,No,Total
 Urban,76,9978,10054
 Rural,821,30755,31576
 Total,897,40733,41630
NotApp :,366,*,*
AREA # 140204,Bogale,*,*
Urban/Rural,4-Wheel tractor,*,*
*,Yes,No,Total
 Urban,46,10069,10115
 Rural,1881,63991,65872
 Total,1927,74060,75987
NotApp :,607,*,*
AREA # 140251,Ahmar(ST),*,*
Urban/Rural,4-Wheel tractor,*,*
*,Yes,No,Total
 Urban,6,771,777
 Rural,382,26627,27009
 Total,388,27398,27786
NotApp :,383,*,*
AREA # 140301,Nyaungdon,*,*
Urban/Rural,4-Wheel tractor,*,*
*,Yes,No,Total
 Urban,131,5769,5900
 Rural,1983,43318,45301
 Total,2114,49087,51201
NotApp :,457,*,*
AREA # 140302,Danubyu,*,*
Urban/Rural,4-Wheel tractor,*,*
*,Yes,No,Total
 Urban,76,5104,5180
 Rural,1748,37869,39617
 Total,1824,42973,44797
NotApp :,310,*,*
AREA # 140303,Pantanaw,*,*
Urban/Rural,4-Wheel tractor,*,*
*,Yes,No,Total
 Urban,223,4069,4292
 Rural,2728,53257,55985
 Total,2951,57326,60277
NotApp :,434,*,*
AREA # 140304,Maubin,*,*
Urban/Rural,4-Wheel tractor,*,*
*,Yes,No,Total
 Urban,169,8968,9137
 Rural,1702,60965,62667
 Total,1871,69933,71804
NotApp :,629,*,*
AREA # 140401,Myaungmya,*,*
Urban/Rural,4-Wheel tractor,*,*
*,Yes,No,Total
 Urban,254,12259,12513
 Rural,834,52825,53659
 Total,1088,65084,66172
NotApp :,571,*,*
AREA # 140402,Wakema,*,*
Urban/Rural,4-Wheel tractor,*,*
*,Yes,No,Total
 Urban,15,5290,5305
 Rural,1332,60811,62143
 Total,1347,66101,67448
NotApp :,575,*,*
AREA # 140403,Einme,*,*
Urban/Rural,4-Wheel tractor,*,*
*,Yes,No,Total
 Urban,137,2909,3046
 Rural,1818,41591,43409
 Total,1955,44500,46455
NotApp :,362,*,*
AREA # 140501,Mawlamyinegyun,*,*
Urban/Rural,4-Wheel tractor,*,*
*,Yes,No,Total
 Urban,74,7509,7583
 Rural,687,66616,67303
 Total,761,74125,74886
NotApp :,436,*,*
AREA # 140502,Labutta,*,*
Urban/Rural,4-Wheel tractor,*,*
*,Yes,No,Total
 Urban,126,7077,7203
 Rural,533,47410,47943
 Total,659,54487,55146
NotApp :,425,*,*
AREA # 140551,Pyinsalu(ST),*,*
Urban/Rural,4-Wheel tractor,*,*
*,Yes,No,Total
 Urban,1,500,501
 Rural,132,19804,19936
 Total,133,20304,20437
NotApp :,161,*,*
AREA # 140601,Kyangin,*,*
Urban/Rural,4-Wheel tractor,*,*
*,Yes,No,Total
 Urban,87,5219,5306
 Rural,370,21181,21551
 Total,457,26400,26857
NotApp :,241,*,*
AREA # 140602,Zalun,*,*
Urban/Rural,4-Wheel tractor,*,*
*,Yes,No,Total
 Urban,117,5140,5257
 Rural,1435,35381,36816
 Total,1552,40521,42073
NotApp :,220,*,*
AREA # 140603,Myanaung,*,*
Urban/Rural,4-Wheel tractor,*,*
*,Yes,No,Total
 Urban,57,5992,6049
 Rural,625,53246,53871
 Total,682,59238,59920
NotApp :,437,*,*
AREA # 140604,Laymyethna,*,*
Urban/Rural,4-Wheel tractor,*,*
*,Yes,No,Total
 Urban,16,754,770
 Rural,713,24761,25474
 Total,729,25515,26244
NotApp :,310,*,*
AREA # 140605,Hinthada,*,*
Urban/Rural,4-Wheel tractor,*,*
*,Yes,No,Total
 Urban,148,19681,19829
 Rural,2523,63777,66300
 Total,2671,83458,86129
NotApp :,639,*,*
AREA # 140606,Ingapu,*,*
Urban/Rural,4-Wheel tractor,*,*
*,Yes,No,Total
 Urban,74,3504,3578
 Rural,710,52941,53651
 Total,784,56445,57229
NotApp :,515,*,*
AREA # 150101,Tatkon,*,*
Urban/Rural,4-Wheel tractor,*,*
*,Yes,No,Total
 Urban,95,9051,9146
 Rural,177,42424,42601
 Total,272,51475,51747
NotApp :,415,*,*
AREA # 150102,Zeyarthiri,*,*
Urban/Rural,4-Wheel tractor,*,*
*,Yes,No,Total
 Urban,34,8212,8246
 Rural,176,17653,17829
 Total,210,25865,26075
NotApp :,326,*,*
AREA # 150103,Ottarathiri,*,*
Urban/Rural,4-Wheel tractor,*,*
*,Yes,No,Total
 Urban,15,4880,4895
 Rural,63,13703,13766
 Total,78,18583,18661
NotApp :,325,*,*
AREA # 150104,Pobbathiri,*,*
Urban/Rural,4-Wheel tractor,*,*
*,Yes,No,Total
 Urban,32,10216,10248
 Rural,108,17260,17368
 Total,140,27476,27616
NotApp :,382,*,*
AREA # 150201,Pyinmana,*,*
Urban/Rural,4-Wheel tractor,*,*
*,Yes,No,Total
 Urban,102,14354,14456
 Rural,185,25022,25207
 Total,287,39376,39663
NotApp :,695,*,*
AREA # 150202,Lewe,*,*
Urban/Rural,4-Wheel tractor,*,*
*,Yes,No,Total
 Urban,75,6048,6123
 Rural,530,58521,59051
 Total,605,64569,65174
NotApp :,584,*,*
AREA # 150203,Zabuthiri,*,*
Urban/Rural,4-Wheel tractor,*,*
*,Yes,No,Total
 Urban,64,24658,24722
 Rural,14,1584,1598
 Total,78,26242,26320
NotApp :,869,*,*
AREA # 150204,Dekkhinathiri,*,*
Urban/Rural,4-Wheel tractor,*,*
*,Yes,No,Total
 Urban,9,899,908
 Rural,65,6024,6089
 Total,74,6923,6997
NotApp :,205,*,*
SUMMARY,*,*,*
Urban/Rural,4-Wheel tractor,*,*
*,Yes,No,Total
 Urban,42274,3007159,3049433
 Rural,225798,7602601,7828399
 Total,268072,10609760,10877832
NotApp :,137752,*,*
